fee_id,payment_id,fee_type,amount,tax_amount,rate_card_id,reversal_of_fee_id,source
FEE-0001,PAY-0001,MDR,36.29,6.53,RC-CARD-2025,,
FEE-0002,PAY-0002,MDR,4.17,0.75,RC-UPI-2025,,
FEE-0003,PAY-0003,MDR,54.61,9.83,RC-CARD-2025,,
FEE-0004,PAY-0004,MDR,3.46,0.62,RC-UPI-2025,,
FEE-0005,PAY-0005,MDR,5.98,1.08,RC-CARD-2025,,
FEE-0006,PAY-0006,MDR,4.57,0.82,RC-UPI-2025,,
FEE-0007,PAY-0007,MDR,19.78,3.56,RC-UPI-2025,,
FEE-0008,PAY-0008,MDR,8.58,1.54,RC-CARD-2025,,
FEE-0009,PAY-0009,MDR,3.81,0.69,RC-UPI-2025,,
FEE-0010,PAY-0010,MDR,2.7,0.49,RC-UPI-2025,,
FEE-0011,PAY-0011,MDR,6.04,1.09,RC-CARD-2025,,
FEE-0012,PAY-0012,MDR,39.85,7.17,RC-CARD-2025,,
FEE-0013,PAY-0013,MDR,2.85,0.51,RC-UPI-2025,,
FEE-0014,PAY-0014,MDR,30.23,5.44,RC-CARD-2025,,
FEE-0015,PAY-0015,MDR,12.0,2.16,RC-NB-2025,,
FEE-0016,PAY-0016,MDR,21.24,3.82,RC-CARD-2025,,
FEE-0017,PAY-0017,MDR,7.88,1.42,RC-CARD-2025,,
FEE-0018,PAY-0018,MDR,12.0,2.16,RC-NB-2025,,
FEE-0019,PAY-0019,MDR,38.46,6.92,RC-CARD-2025,,
FEE-0020,PAY-0020,MDR,12.0,2.16,RC-NB-2025,,
FEE-0021,PAY-0021,MDR,7.73,1.39,RC-CARD-2025,,
FEE-0022,PAY-0022,MDR,12.92,2.33,RC-CARD-2025,,
FEE-0023,PAY-0023,MDR,8.55,1.54,RC-UPI-2025,,
FEE-0024,PAY-0024,MDR,401.27,72.23,RC-CARD-2025,,
FEE-0025,PAY-0025,MDR,58.27,10.49,RC-CARD-2025,,
FEE-0026,PAY-0026,MDR,12.19,2.19,RC-CARD-2025,,
FEE-0027,PAY-0027,MDR,3.67,0.66,RC-UPI-2025,,
FEE-0028,PAY-0028,MDR,91.43,16.46,RC-CARD-2025,,
FEE-0029,PAY-0029,MDR,10.52,1.89,RC-UPI-2025,,
FEE-0030,PAY-0030,MDR,11.81,2.13,RC-CARD-2025,,
FEE-0031,PAY-0031,MDR,15.35,2.76,RC-CARD-2025,,
FEE-0032,PAY-0032,MDR,15.44,2.78,RC-UPI-2025,,
FEE-0033,PAY-0033,MDR,91.15,16.41,RC-CARD-2025,,
FEE-0034,PAY-0034,MDR,5.01,0.9,RC-UPI-2025,,
FEE-0035,PAY-0035,MDR,4.38,0.79,RC-UPI-2025,,
FEE-0035-D,PAY-0035,MDR,4.38,0.79,RC-UPI-2025,,
FEE-0036,PAY-0036,MDR,17.33,3.12,RC-UPI-2025,,
FEE-0037,PAY-0037,MDR,28.47,5.12,RC-CARD-2025,,
FEE-0038,PAY-0038,MDR,87.55,15.76,RC-CARD-2025,,
FEE-0039,PAY-0039,MDR,6.16,1.11,RC-CARD-2025,,
FEE-0040,PAY-0040,MDR,9.24,1.66,RC-EMI-2025,,
FEE-0041,PAY-0041,MDR,9.29,1.67,RC-UPI-2025,,
FEE-0042,PAY-0042,MDR,12.0,2.16,RC-NB-2025,,
FEE-0043,PAY-0043,MDR,9.14,1.65,RC-CARD-2025,,
FEE-0044,PAY-0044,MDR,17.34,3.12,RC-WALLET-2025,,
FEE-0045,PAY-0045,MDR,3.91,0.7,RC-UPI-2025,,
FEE-0046,PAY-0046,MDR,3.59,0.65,RC-CARD-2025,,
FEE-0046-2,PAY-0046-2,MDR,2.39,0.43,RC-CARD-2025,,
FEE-0047,PAY-0047,MDR,14.66,2.64,RC-UPI-2025,,
FEE-0048,PAY-0048,MDR,12.0,2.16,RC-NB-2025,,
FEE-0048-2,PAY-0048-2,MDR,12.0,2.16,RC-NB-2025,,
FEE-0049,PAY-0049,MDR,18.47,3.32,RC-EMI-2025,,
FEE-0050,PAY-0050,MDR,3.33,0.6,RC-UPI-2025,,
FEE-0050-D,PAY-0050,MDR,3.33,0.6,RC-UPI-2025,,
FEE-0051,PAY-0051,MDR,12.97,2.33,RC-EMI-2025,,
FEE-0052,PAY-0052,MDR,15.23,2.74,RC-WALLET-2025,,
FEE-0053,PAY-0053,MDR,5.34,0.96,RC-UPI-2025,,
FEE-0054,PAY-0054,MDR,18.32,3.3,RC-WALLET-2025,,
FEE-0055,PAY-0055,MDR,12.13,2.18,RC-CARD-2025,,
FEE-0056,PAY-0056,MDR,41.51,7.47,RC-CARD-2025,,
FEE-0057,PAY-0057,MDR,6.67,1.2,RC-CARD-2025,,
FEE-0058,PAY-0058,MDR,16.87,3.04,RC-UPI-2025,,
FEE-0059,PAY-0059,MDR,41.35,7.44,RC-CARD-2025,,
FEE-0060,PAY-0060,MDR,6.65,1.2,RC-WALLET-2025,,
FEE-0061,PAY-0061,MDR,38.29,6.89,RC-EMI-2025,,
FEE-0062,PAY-0062,MDR,12.0,2.16,RC-NB-2025,,
FEE-0063,PAY-0063,MDR,12.0,2.16,RC-NB-2025,,
FEE-0064,PAY-0064,MDR,99.55,17.92,RC-CARD-2025,,
FEE-0065,PAY-0065,MDR,42.39,7.63,RC-WALLET-2025,,
FEE-0066,PAY-0066,MDR,7.72,1.39,RC-CARD-2025,,
FEE-0067,PAY-0067,MDR,64.1,11.54,RC-CARD-2025,,
FEE-0068,PAY-0068,MDR,12.0,2.16,RC-NB-2025,,
FEE-0069,PAY-0069,MDR,61.67,11.1,RC-CARD-2025,,
FEE-0070,PAY-0070,MDR,271.67,48.9,RC-EMI-2025,,
FEE-0071,PAY-0071,MDR,12.0,2.16,RC-NB-2025,,
FEE-0072,PAY-0072,MDR,3.43,0.62,RC-UPI-2025,,
FEE-0073,PAY-0073,MDR,106.6,19.19,RC-CARD-2025,,
FEE-0074,PAY-0074,MDR,9.19,1.65,RC-UPI-2025,,
FEE-0075,PAY-0075,MDR,7.83,1.41,RC-CARD-2025,,
FEE-0076,PAY-0076,MDR,2.5,0.45,RC-UPI-2025,,
FEE-0077,PAY-0077,MDR,21.02,3.78,RC-UPI-2025,,
FEE-0078,PAY-0078,MDR,8.79,1.58,RC-CARD-2025,,
FEE-0079,PAY-0079,MDR,5.98,1.08,RC-CARD-2025,,
FEE-0080,PAY-0080,MDR,41.84,7.53,RC-CARD-2025,,
FEE-0081,PAY-0081,MDR,2.59,0.47,RC-UPI-2025,,
FEE-0082,PAY-0082,MDR,18.34,3.3,RC-NB-2025,,
FEE-0083,PAY-0083,MDR,79.67,14.34,RC-CARD-2025,,
FEE-0084,PAY-0084,MDR,37.03,6.67,RC-EMI-2025,,
FEE-0085,PAY-0085,MDR,6.58,1.18,RC-CARD-2025,,
FEE-0086,PAY-0086,MDR,6.89,1.24,RC-CARD-2025,,
FEE-0087,PAY-0087,MDR,12.31,2.22,RC-UPI-2025,,
FEE-0088,PAY-0088,MDR,87.57,15.76,RC-CARD-2025,,
FEE-0089,PAY-0089,MDR,65.46,11.78,RC-CARD-2025,,
FEE-0090,PAY-0090,MDR,25.75,4.63,RC-WALLET-2025,,
FEE-0091,PAY-0091,MDR,10.79,1.94,RC-UPI-2025,,
FEE-0092,PAY-0092,MDR,5.43,0.98,RC-UPI-2025,,
FEE-0093,PAY-0093,MDR,20.05,3.61,RC-UPI-2025,,
FEE-0094,PAY-0094,MDR,2.1,0.38,RC-UPI-2025,,
FEE-0095,PAY-0095,MDR,2.69,0.48,RC-UPI-2025,,
FEE-0096,PAY-0096,MDR,216.21,38.92,RC-CARD-2025,,
FEE-0097,PAY-0097,MDR,36.2,6.52,RC-EMI-2025,,
FEE-0098,PAY-0098,MDR,5.82,1.05,RC-UPI-2025,,
FEE-0099,PAY-0099,MDR,12.6,2.27,RC-CARD-2025,,
FEE-0100,PAY-0100,MDR,43.97,7.91,RC-CARD-2025,,
FEE-0101,PAY-0101,MDR,17.12,3.08,RC-NB-2025,,
FEE-0102,PAY-0102,MDR,46.99,8.46,RC-WALLET-2025,,
FEE-0103,PAY-0103,MDR,12.0,2.16,RC-NB-2025,,
FEE-0104,PAY-0104,MDR,3.57,0.64,RC-UPI-2025,,
FEE-0105,PAY-0105,MDR,9.08,1.63,RC-CARD-2025,,
FEE-0106,PAY-0106,MDR,69.71,12.55,RC-CARD-2025,,
FEE-0107,PAY-0107,MDR,18.41,3.31,RC-CARD-2025,,
FEE-0108,PAY-0108,MDR,6.49,1.17,RC-CARD-2025,,
FEE-0109,PAY-0109,MDR,4.72,0.85,RC-UPI-2025,,
FEE-0110,PAY-0110,MDR,13.98,2.52,RC-CARD-2025,,
FEE-0111,PAY-0111,MDR,8.57,1.54,RC-CARD-2025,,
FEE-0112,PAY-0112,MDR,7.03,1.27,RC-UPI-2025,,
FEE-0113,PAY-0113,MDR,20.34,3.66,RC-CARD-2025,,
FEE-0114,PAY-0114,MDR,8.41,1.51,RC-UPI-2025,,
FEE-0115,PAY-0115,MDR,20.51,3.69,RC-EMI-2025,,
FEE-0116,PAY-0116,MDR,12.0,2.16,RC-NB-2025,,
FEE-0117,PAY-0117,MDR,36.91,6.64,RC-WALLET-2025,,
FEE-0118,PAY-0118,MDR,1.2,0.22,RC-UPI-2025,,
FEE-0118-D,PAY-0118,MDR,1.2,0.22,RC-UPI-2025,,
FEE-0119,PAY-0119,MDR,46.25,8.32,RC-CARD-2025,,
FEE-0120,PAY-0120,MDR,85.77,15.44,RC-CARD-2025,,
FEE-0121,PAY-0121,MDR,3.79,0.68,RC-UPI-2025,,
FEE-0122,PAY-0122,MDR,28.74,5.17,RC-WALLET-2025,,
FEE-0123,PAY-0123,MDR,14.31,2.58,RC-EMI-2025,,
FEE-0124,PAY-0124,MDR,28.36,5.1,RC-CARD-2025,,
FEE-0125,PAY-0125,MDR,23.2,4.18,RC-UPI-2025,,
FEE-0126,PAY-0126,MDR,5.16,0.93,RC-UPI-2025,,
FEE-0127,PAY-0127,MDR,13.73,2.47,RC-CARD-2025,,
FEE-0128,PAY-0128,MDR,10.04,1.81,RC-CARD-2025,,
FEE-0129,PAY-0129,MDR,6.0,1.08,RC-UPI-2025,,
FEE-0130,PAY-0130,MDR,30.91,5.56,RC-CARD-2025,,
FEE-0131,PAY-0131,MDR,26.08,4.69,RC-CARD-2025,,
FEE-0132,PAY-0132,MDR,2.14,0.39,RC-UPI-2025,,
FEE-0133,PAY-0133,MDR,39.61,7.13,RC-CARD-2025,,
FEE-0134,PAY-0134,MDR,7.57,1.36,RC-CARD-2025,,
FEE-0136,PAY-0136,MDR,6.5,1.17,RC-CARD-2025,,
FEE-0137,PAY-0137,MDR,6.25,1.12,RC-CARD-2025,,
FEE-0138,PAY-0138,MDR,42.87,7.72,RC-CARD-2025,,
FEE-0139,PAY-0139,MDR,9.4,1.69,RC-CARD-2025,,
FEE-0140,PAY-0140,MDR,12.0,2.16,RC-NB-2025,,
FEE-0141,PAY-0141,MDR,11.43,2.06,RC-UPI-2025,,
FEE-0142,PAY-0142,MDR,2.33,0.42,RC-UPI-2025,,
FEE-0143,PAY-0143,MDR,63.11,11.36,RC-CARD-2025,,
FEE-0144,PAY-0144,MDR,9.66,1.74,RC-UPI-2025,,
FEE-0145,PAY-0145,MDR,12.0,2.16,RC-NB-2025,,
FEE-0146,PAY-0146,MDR,12.0,2.16,RC-NB-2025,,
FEE-0147,PAY-0147,MDR,20.5,3.69,RC-EMI-2025,,
FEE-0148,PAY-0148,MDR,1.87,0.34,RC-UPI-2025,,
FEE-0148-2,PAY-0148-2,MDR,1.24,0.22,RC-UPI-2025,,
FEE-0149,PAY-0149,MDR,12.0,2.16,RC-NB-2025,,
FEE-0150,PAY-0150,MDR,2.41,0.43,RC-UPI-2025,,
FEE-0151,PAY-0151,MDR,1.65,0.3,RC-UPI-2025,,
FEE-0152,PAY-0152,MDR,58.34,10.5,RC-CARD-2025,,
FEE-0153,PAY-0153,MDR,5.25,0.94,RC-UPI-2025,,
FEE-0154,PAY-0154,MDR,25.73,4.63,RC-CARD-2025,,
FEE-0155,PAY-0155,MDR,7.03,1.27,RC-EMI-2025,,
FEE-0156,PAY-0156,MDR,3.03,0.55,RC-UPI-2025,,
FEE-0157,PAY-0157,MDR,16.69,3.0,RC-CARD-2025,,
FEE-0158,PAY-0158,MDR,27.89,5.02,RC-UPI-2025,,
FEE-0159,PAY-0159,MDR,43.62,7.85,RC-CARD-2025,,
FEE-0160,PAY-0160,MDR,24.66,4.44,RC-EMI-2025,,
FEE-0161,PAY-0161,MDR,15.38,2.77,RC-NB-2025,,
FEE-0161-2,PAY-0161-2,MDR,18.25,3.28,RC-NB-2025,,
FEE-0162,PAY-0162,MDR,12.91,2.32,RC-WALLET-2025,,
FEE-0163,PAY-0163,MDR,1.2,0.22,RC-UPI-2025,,
FEE-0164,PAY-0164,MDR,8.03,1.45,RC-WALLET-2025,,
FEE-0165,PAY-0165,MDR,14.02,2.52,RC-UPI-2025,,
FEE-0166,PAY-0166,MDR,1.35,0.24,RC-UPI-2025,,
FEE-0167,PAY-0167,MDR,1.2,0.22,RC-UPI-2025,,
FEE-0168,PAY-0168,MDR,9.15,1.65,RC-CARD-2025,,
FEE-0169,PAY-0169,MDR,32.46,5.84,RC-CARD-2025,,
FEE-0170,PAY-0170,MDR,5.98,1.08,RC-CARD-2025,,
FEE-0171,PAY-0171,MDR,48.56,8.74,RC-CARD-2025,,
FEE-0172,PAY-0172,MDR,8.31,1.5,RC-CARD-2025,,
FEE-0173,PAY-0173,MDR,31.5,5.67,RC-CARD-2025,,
FEE-0174,PAY-0174,MDR,13.83,2.49,RC-CARD-2025,,
FEE-0175,PAY-0175,MDR,1.2,0.22,RC-UPI-2025,,
FEE-0176,PAY-0176,MDR,70.17,12.63,RC-CARD-2025,,
FEE-0177,PAY-0177,MDR,59.8,10.76,RC-EMI-2025,,
FEE-0178,PAY-0178,MDR,89.74,16.15,RC-WALLET-2025,,
FEE-0179,PAY-0179,MDR,51.5,9.27,RC-EMI-2025,,
FEE-0180,PAY-0180,MDR,1.32,0.24,RC-UPI-2025,,
FEE-0181,PAY-0181,MDR,5.7,1.03,RC-WALLET-2025,,
FEE-0182,PAY-0182,MDR,68.45,12.32,RC-UPI-2025,,
FEE-0183,PAY-0183,MDR,16.6,2.99,RC-CARD-2025,,
FEE-0184,PAY-0184,MDR,12.0,2.16,RC-NB-2025,,
FEE-0185,PAY-0185,MDR,75.93,13.67,RC-CARD-2025,,
FEE-0186,PAY-0186,MDR,23.07,4.15,RC-CARD-2025,,
FEE-0187,PAY-0187,MDR,4.89,0.88,RC-UPI-2025,,
FEE-0188,PAY-0188,MDR,5.98,1.08,RC-CARD-2025,,
FEE-0189,PAY-0189,MDR,42.73,7.69,RC-CARD-2025,,
FEE-0190,PAY-0190,MDR,27.67,4.98,RC-CARD-2025,,
FEE-0191,PAY-0191,MDR,12.0,2.16,RC-NB-2025,,
FEE-0192,PAY-0192,MDR,21.23,3.82,RC-CARD-2025,,
FEE-0193,PAY-0193,MDR,13.15,2.37,RC-WALLET-2025,,
FEE-0194,PAY-0194,MDR,2.39,0.43,RC-UPI-2025,,
FEE-0195,PAY-0195,MDR,11.91,2.14,RC-CARD-2025,,
FEE-0196,PAY-0196,MDR,13.3,2.39,RC-EMI-2025,,
FEE-0197,PAY-0197,MDR,22.27,4.01,RC-UPI-2025,,
FEE-0198,PAY-0198,MDR,1.42,0.26,RC-UPI-2025,,
FEE-0199,PAY-0199,MDR,3.92,0.71,RC-UPI-2025,,
FEE-0200,PAY-0200,MDR,124.77,22.46,RC-CARD-2025,,
FEE-0201,PAY-0201,MDR,6.42,1.16,RC-CARD-2025,,
FEE-0201-D,PAY-0201,MDR,6.42,1.16,RC-CARD-2025,,
FEE-0202,PAY-0202,MDR,7.36,1.32,RC-UPI-2025,,
FEE-0203,PAY-0203,MDR,8.66,1.56,RC-CARD-2025,,
FEE-0204,PAY-0204,MDR,7.29,1.31,RC-CARD-2025,,
FEE-0205,PAY-0205,MDR,12.42,2.24,RC-CARD-2025,,
FEE-0206,PAY-0206,MDR,12.2,2.2,RC-WALLET-2025,,
FEE-0207,PAY-0207,MDR,22.6,4.07,RC-CARD-2025,,
FEE-0208,PAY-0208,MDR,10.63,1.91,RC-CARD-2025,,
FEE-0209,PAY-0209,MDR,134.15,24.15,RC-CARD-2025,,
FEE-0210,PAY-0210,MDR,251.88,45.34,RC-EMI-2025,,
FEE-0211,PAY-0211,MDR,5.98,1.08,RC-CARD-2025,,
FEE-0212,PAY-0212,MDR,7.42,1.34,RC-CARD-2025,,
FEE-0213,PAY-0213,MDR,17.15,3.09,RC-CARD-2025,,
FEE-0214,PAY-0214,MDR,12.0,2.16,RC-NB-2025,,
FEE-0215,PAY-0215,MDR,3.77,0.68,RC-UPI-2025,,
FEE-0216,PAY-0216,MDR,12.0,2.16,RC-NB-2025,,
FEE-0217,PAY-0217,MDR,13.79,2.48,RC-UPI-2025,,
FEE-0218,PAY-0218,MDR,15.48,2.79,RC-EMI-2025,,
FEE-0219,PAY-0219,MDR,5.89,1.06,RC-UPI-2025,,
FEE-0220,PAY-0220,MDR,29.39,5.29,RC-CARD-2025,,
FEE-0221,PAY-0221,MDR,12.0,2.16,RC-NB-2025,,
FEE-0222,PAY-0222,MDR,63.54,11.44,RC-WALLET-2025,,
FEE-0223,PAY-0223,MDR,1.2,0.22,RC-UPI-2025,,
FEE-0224,PAY-0224,MDR,11.55,2.08,RC-CARD-2025,,
FEE-0225,PAY-0225,MDR,16.2,2.92,RC-UPI-2025,,
FEE-0226,PAY-0226,MDR,13.36,2.4,RC-UPI-2025,,
FEE-0227,PAY-0227,MDR,5.86,1.05,RC-UPI-2025,,
FEE-0228,PAY-0228,MDR,8.85,1.59,RC-CARD-2025,,
FEE-0229,PAY-0229,MDR,17.9,3.22,RC-EMI-2025,,
FEE-0230,PAY-0230,MDR,14.09,2.54,RC-WALLET-2025,,
FEE-0231,PAY-0231,MDR,25.67,4.62,RC-CARD-2025,,
FEE-0232,PAY-0232,MDR,1.2,0.22,RC-UPI-2025,,
FEE-0233,PAY-0233,MDR,2.57,0.46,RC-UPI-2025,,
FEE-0234,PAY-0234,MDR,38.6,6.95,RC-CARD-2025,,
FEE-0235,PAY-0235,MDR,22.67,4.08,RC-CARD-2025,,
FEE-0237,PAY-0237,MDR,71.0,12.78,RC-CARD-2025,,
FEE-0238,PAY-0238,MDR,31.86,5.73,RC-CARD-2025,,
FEE-0239,PAY-0239,MDR,22.97,4.13,RC-CARD-2025,,
FEE-0240,PAY-0240,MDR,3.24,0.58,RC-UPI-2025,,
FEE-0241,PAY-0241,MDR,89.73,16.15,RC-CARD-2025,,
FEE-0242,PAY-0242,MDR,5.38,0.97,RC-UPI-2025,,
FEE-0243,PAY-0243,MDR,9.91,1.78,RC-UPI-2025,,
FEE-0244,PAY-0244,MDR,1.2,0.22,RC-UPI-2025,,
FEE-0245,PAY-0245,MDR,6.57,1.18,RC-WALLET-2025,,
FEE-0246,PAY-0246,MDR,1.84,0.33,RC-UPI-2025,,
FEE-0247,PAY-0247,MDR,18.84,3.39,RC-WALLET-2025,,
FEE-0248,PAY-0248,MDR,1.66,0.3,RC-UPI-2025,,
FEE-0249,PAY-0249,MDR,207.17,37.29,RC-CARD-2025,,
FEE-0250,PAY-0250,MDR,10.81,1.95,RC-CARD-2025,,
FEE-0251,PAY-0251,MDR,1.2,0.22,RC-UPI-2025,,
FEE-0252,PAY-0252,MDR,47.9,8.62,RC-CARD-2025,,
FEE-0253,PAY-0253,MDR,17.64,3.18,RC-CARD-2025,,
FEE-0254,PAY-0254,MDR,109.52,19.71,RC-CARD-2025,,
FEE-0255,PAY-0255,MDR,9.54,1.72,RC-UPI-2025,,
FEE-0256,PAY-0256,MDR,46.54,8.38,RC-CARD-2025,,
FEE-0257,PAY-0257,MDR,5.98,1.08,RC-CARD-2025,,
FEE-0258,PAY-0258,MDR,3.5,0.63,RC-UPI-2025,,
FEE-0259,PAY-0259,MDR,12.0,2.16,RC-NB-2025,,
FEE-0260,PAY-0260,MDR,23.48,4.23,RC-CARD-2025,,
FEE-0261,PAY-0261,MDR,31.06,5.59,RC-WALLET-2025,,
FEE-0262,PAY-0262,MDR,92.94,16.73,RC-CARD-2025,,
FEE-0263,PAY-0263,MDR,8.89,1.6,RC-CARD-2025,,
FEE-0264,PAY-0264,MDR,6.67,1.2,RC-CARD-2025,,
FEE-0265,PAY-0265,MDR,29.12,5.24,RC-EMI-2025,,
FEE-0266,PAY-0266,MDR,10.27,1.85,RC-CARD-2025,,
FEE-0267,PAY-0267,MDR,5.98,1.08,RC-CARD-2025,,
FEE-0268,PAY-0268,MDR,59.67,10.74,RC-CARD-2025,,
FEE-0269,PAY-0269,MDR,6.81,1.23,RC-CARD-2025,,
FEE-0270,PAY-0270,MDR,49.03,8.83,RC-CARD-2025,,
FEE-0271,PAY-0271,MDR,23.03,4.15,RC-CARD-2025,,
FEE-0272,PAY-0272,MDR,2.96,0.53,RC-UPI-2025,,
FEE-0273,PAY-0273,MDR,11.01,1.98,RC-UPI-2025,,
FEE-0274,PAY-0274,MDR,25.99,4.68,RC-CARD-2025,,
FEE-0275,PAY-0275,MDR,1.51,0.27,RC-UPI-2025,,
FEE-0276,PAY-0276,MDR,3.38,0.61,RC-UPI-2025,,
FEE-0277,PAY-0277,MDR,3.42,0.62,RC-UPI-2025,,
FEE-0278,PAY-0278,MDR,33.8,6.08,RC-EMI-2025,,
FEE-0279,PAY-0279,MDR,9.89,1.78,RC-UPI-2025,,
FEE-0280,PAY-0280,MDR,18.09,3.26,RC-CARD-2025,,
FEE-0282,PAY-0282,MDR,110.87,19.96,RC-CARD-2025,,
FEE-0283,PAY-0283,MDR,22.15,3.99,RC-WALLET-2025,,
FEE-0284,PAY-0284,MDR,12.0,2.16,RC-NB-2025,,
FEE-0285,PAY-0285,MDR,1.2,0.22,RC-UPI-2025,,
FEE-0286,PAY-0286,MDR,12.0,2.16,RC-NB-2025,,
FEE-0288,PAY-0288,MDR,50.51,9.09,RC-CARD-2025,,
FEE-0289,PAY-0289,MDR,58.63,10.55,RC-CARD-2025,,
FEE-0290,PAY-0290,MDR,19.95,3.59,RC-WALLET-2025,,
FEE-0291,PAY-0291,MDR,31.02,5.58,RC-CARD-2025,,
FEE-0292,PAY-0292,MDR,41.42,7.46,RC-CARD-2025,,
FEE-0293,PAY-0293,MDR,9.12,1.64,RC-WALLET-2025,,
FEE-0294,PAY-0294,MDR,6.36,1.14,RC-CARD-2025,,
FEE-0295,PAY-0295,MDR,4.65,0.84,RC-UPI-2025,,
FEE-0296,PAY-0296,MDR,6.35,1.14,RC-CARD-2025,,
FEE-0297,PAY-0297,MDR,11.0,1.98,RC-EMI-2025,,
FEE-0298,PAY-0298,MDR,3.0,0.54,RC-UPI-2025,,
FEE-0299,PAY-0299,MDR,12.0,2.16,RC-NB-2025,,
FEE-0300,PAY-0300,MDR,40.27,7.25,RC-CARD-2025,,
FEE-0301,PAY-0301,MDR,92.58,16.66,RC-CARD-2025,,
FEE-0302,PAY-0302,MDR,16.62,2.99,RC-CARD-2025,,
FEE-0303,PAY-0303,MDR,28.03,5.05,RC-CARD-2025,,
FEE-0304,PAY-0304,MDR,15.22,2.74,RC-CARD-2025,,
FEE-0305,PAY-0305,MDR,7.99,1.44,RC-WALLET-2025,,
FEE-0306,PAY-0306,MDR,5.98,1.08,RC-CARD-2025,,
FEE-0307,PAY-0307,MDR,12.0,2.16,RC-NB-2025,,
FEE-0308,PAY-0308,MDR,5.98,1.08,RC-CARD-2025,,
FEE-0309,PAY-0309,MDR,12.0,2.16,RC-NB-2025,,
FEE-0310,PAY-0310,MDR,5.61,1.01,RC-UPI-2025,,
FEE-0311,PAY-0311,MDR,8.38,1.51,RC-CARD-2025,,
FEE-0312,PAY-0312,MDR,4.24,0.76,RC-UPI-2025,,
FEE-0313,PAY-0313,MDR,3.59,0.65,RC-CARD-2025,,
FEE-0313-2,PAY-0313-2,MDR,2.39,0.43,RC-CARD-2025,,
FEE-0314,PAY-0314,MDR,8.58,1.54,RC-UPI-2025,,
FEE-0315,PAY-0315,MDR,31.6,5.69,RC-CARD-2025,,
FEE-0316,PAY-0316,MDR,27.65,4.98,RC-UPI-2025,,
FEE-0317,PAY-0317,MDR,3.06,0.55,RC-UPI-2025,,
FEE-0318,PAY-0318,MDR,49.83,8.97,RC-CARD-2025,,
FEE-0319,PAY-0319,MDR,1.2,0.22,RC-UPI-2025,,
FEE-0320,PAY-0320,MDR,37.47,6.74,RC-CARD-2025,,
FEE-0321,PAY-0321,MDR,12.0,2.16,RC-NB-2025,,
FEE-0322,PAY-0322,MDR,3.75,0.67,RC-UPI-2025,,
FEE-0323,PAY-0323,MDR,4.21,0.76,RC-UPI-2025,,
FEE-0324,PAY-0324,MDR,8.61,1.55,RC-CARD-2025,,
FEE-0325,PAY-0325,MDR,3.25,0.58,RC-UPI-2025,,
FEE-0326,PAY-0326,MDR,5.98,1.08,RC-CARD-2025,,
FEE-0327,PAY-0327,MDR,12.58,2.26,RC-CARD-2025,,
FEE-0328,PAY-0328,MDR,9.77,1.76,RC-CARD-2025,,
FEE-0329,PAY-0329,MDR,2.15,0.39,RC-UPI-2025,,
FEE-0330,PAY-0330,MDR,3.29,0.59,RC-UPI-2025,,
FEE-0331,PAY-0331,MDR,15.54,2.8,RC-UPI-2025,,
FEE-0332,PAY-0332,MDR,11.88,2.14,RC-CARD-2025,,
FEE-0333,PAY-0333,MDR,8.19,1.47,RC-UPI-2025,,
FEE-0334,PAY-0334,MDR,111.9,20.14,RC-CARD-2025,,
FEE-0335,PAY-0335,MDR,12.0,2.16,RC-NB-2025,,
FEE-0336,PAY-0336,MDR,7.32,1.32,RC-CARD-2025,,
FEE-0337,PAY-0337,MDR,27.79,5.0,RC-CARD-2025,,
FEE-0338,PAY-0338,MDR,5.34,0.96,RC-UPI-2025,,
FEE-0339,PAY-0339,MDR,12.0,2.16,RC-NB-2025,,
FEE-0340,PAY-0340,MDR,119.15,21.45,RC-CARD-2025,,
FEE-0341,PAY-0341,MDR,8.69,1.56,RC-UPI-2025,,
FEE-0342,PAY-0342,MDR,13.13,2.36,RC-CARD-2025,,
FEE-0343,PAY-0343,MDR,12.0,2.16,RC-NB-2025,,
FEE-0344,PAY-0344,MDR,8.81,1.59,RC-CARD-2025,,
FEE-0345,PAY-0345,MDR,12.0,2.16,RC-NB-2025,,
FEE-0346,PAY-0346,MDR,42.17,7.59,RC-CARD-2025,,
FEE-0347,PAY-0347,MDR,23.34,4.2,RC-UPI-2025,,
FEE-0348,PAY-0348,MDR,28.82,5.19,RC-CARD-2025,,
FEE-0349,PAY-0349,MDR,9.18,1.65,RC-CARD-2025,,
FEE-0350,PAY-0350,MDR,36.94,6.65,RC-EMI-2025,,
FEE-0351,PAY-0351,MDR,5.98,1.08,RC-CARD-2025,,
FEE-0352,PAY-0352,MDR,12.0,2.16,RC-NB-2025,,
FEE-0353,PAY-0353,MDR,49.51,8.91,RC-CARD-2025,,
FEE-0354,PAY-0354,MDR,132.59,23.87,RC-WALLET-2025,,
FEE-0355,PAY-0355,MDR,47.11,8.48,RC-UPI-2025,,
FEE-0356,PAY-0356,MDR,70.04,12.61,RC-CARD-2025,,
FEE-0358,PAY-0358,MDR,30.91,5.56,RC-WALLET-2025,,
FEE-0359,PAY-0359,MDR,15.89,2.86,RC-WALLET-2025,,
FEE-0360,PAY-0360,MDR,50.24,9.04,RC-CARD-2025,,
FEE-0361,PAY-0361,MDR,4.19,0.75,RC-UPI-2025,,
FEE-0362,PAY-0362,MDR,151.03,27.19,RC-CARD-2025,,
FEE-0363,PAY-0363,MDR,4.18,0.75,RC-UPI-2025,,
FEE-0364,PAY-0364,MDR,15.65,2.82,RC-CARD-2025,,
FEE-0366,PAY-0366,MDR,64.61,11.63,RC-CARD-2025,,
FEE-0367,PAY-0367,MDR,3.85,0.69,RC-UPI-2025,,
FEE-0368,PAY-0368,MDR,12.0,2.16,RC-NB-2025,,
FEE-0369,PAY-0369,MDR,12.0,2.16,RC-NB-2025,,
FEE-0370,PAY-0370,MDR,10.57,1.9,RC-UPI-2025,,
FEE-0371,PAY-0371,MDR,12.0,2.16,RC-NB-2025,,
FEE-0372,PAY-0372,MDR,2.98,0.54,RC-UPI-2025,,
FEE-0373,PAY-0373,MDR,5.98,1.08,RC-CARD-2025,,
FEE-0374,PAY-0374,MDR,5.68,1.02,RC-WALLET-2025,,
FEE-0375,PAY-0375,MDR,25.38,4.57,RC-WALLET-2025,,
FEE-0376,PAY-0376,MDR,5.16,0.93,RC-UPI-2025,,
FEE-0377,PAY-0377,MDR,22.72,4.09,RC-CARD-2025,,
FEE-0378,PAY-0378,MDR,5.98,1.08,RC-CARD-2025,,
FEE-0379,PAY-0379,MDR,22.57,4.06,RC-CARD-2025,,
FEE-0380,PAY-0380,MDR,94.91,17.08,RC-CARD-2025,,
FEE-0381,PAY-0381,MDR,443.38,79.81,RC-CARD-2025,,
FEE-0382,PAY-0382,MDR,5.68,1.02,RC-WALLET-2025,,
FEE-0383,PAY-0383,MDR,7.2,1.3,RC-UPI-2025,,
FEE-0384,PAY-0384,MDR,121.73,21.91,RC-CARD-2025,,
FEE-0385,PAY-0385,MDR,47.04,8.47,RC-CARD-2025,,
FEE-0386,PAY-0386,MDR,40.78,7.34,RC-EMI-2025,,
FEE-0387,PAY-0387,MDR,5.32,0.96,RC-UPI-2025,,
FEE-0388,PAY-0388,MDR,29.79,5.36,RC-WALLET-2025,,
FEE-0389,PAY-0389,MDR,9.21,1.66,RC-CARD-2025,,
FEE-0390,PAY-0390,MDR,66.53,11.98,RC-CARD-2025,,
FEE-0391,PAY-0391,MDR,18.13,3.26,RC-CARD-2025,,
FEE-0392,PAY-0392,MDR,1.2,0.22,RC-UPI-2025,,
FEE-0393,PAY-0393,MDR,12.0,2.16,RC-NB-2025,,
FEE-0394,PAY-0394,MDR,24.23,4.36,RC-CARD-2025,,
FEE-0395,PAY-0395,MDR,12.0,2.16,RC-NB-2025,,
FEE-0396,PAY-0396,MDR,8.1,1.46,RC-UPI-2025,,
FEE-0398,PAY-0398,MDR,9.39,1.69,RC-CARD-2025,,
FEE-0399,PAY-0399,MDR,1.74,0.31,RC-UPI-2025,,
FEE-0400,PAY-0400,MDR,19.53,3.52,RC-UPI-2025,,
FEE-0401,PAY-0401,MDR,12.77,2.3,RC-UPI-2025,,
FEE-0402,PAY-0402,MDR,12.0,2.16,RC-NB-2025,,
FEE-0403,PAY-0403,MDR,11.73,2.11,RC-CARD-2025,,
FEE-0404,PAY-0404,MDR,12.0,2.16,RC-NB-2025,,
FEE-0404-D,PAY-0404,MDR,12.0,2.16,RC-NB-2025,,
FEE-0405,PAY-0405,MDR,19.27,3.47,RC-CARD-2025,,
FEE-0406,PAY-0406,MDR,12.07,2.17,RC-EMI-2025,,
FEE-0407,PAY-0407,MDR,6.66,1.2,RC-CARD-2025,,
FEE-0408,PAY-0408,MDR,12.0,2.16,RC-NB-2025,,
FEE-0409,PAY-0409,MDR,33.87,6.1,RC-CARD-2025,,
FEE-0410,PAY-0410,MDR,108.94,19.61,RC-EMI-2025,,
FEE-0412,PAY-0412,MDR,12.0,2.16,RC-NB-2025,,
FEE-0413,PAY-0413,MDR,8.21,1.48,RC-UPI-2025,,
FEE-0414,PAY-0414,MDR,5.98,1.08,RC-CARD-2025,,
FEE-0415,PAY-0415,MDR,30.46,5.48,RC-WALLET-2025,,
FEE-0415-2,PAY-0415-2,MDR,20.31,3.66,RC-WALLET-2025,,
FEE-0416,PAY-0416,MDR,14.21,2.56,RC-CARD-2025,,
FEE-0417,PAY-0417,MDR,2.08,0.37,RC-UPI-2025,,
FEE-0418,PAY-0418,MDR,11.49,2.07,RC-CARD-2025,,
FEE-0419,PAY-0419,MDR,1.32,0.24,RC-UPI-2025,,
FEE-0420,PAY-0420,MDR,23.7,4.27,RC-WALLET-2025,,
FEE-0421,PAY-0421,MDR,48.59,8.75,RC-CARD-2025,,
FEE-0422,PAY-0422,MDR,22.16,3.99,RC-CARD-2025,,
FEE-0423,PAY-0423,MDR,1.2,0.22,RC-UPI-2025,,
FEE-0424,PAY-0424,MDR,12.0,2.16,RC-NB-2025,,
FEE-0425,PAY-0425,MDR,12.0,2.16,RC-NB-2025,,
FEE-0426,PAY-0426,MDR,12.0,2.16,RC-NB-2025,,
FEE-0427,PAY-0427,MDR,51.99,9.36,RC-CARD-2025,,
FEE-0428,PAY-0428,MDR,7.74,1.39,RC-UPI-2025,,
FEE-0429,PAY-0429,MDR,17.04,3.07,RC-UPI-2025,,
FEE-0430,PAY-0430,MDR,11.88,2.14,RC-CARD-2025,,
FEE-0431,PAY-0431,MDR,11.85,2.13,RC-CARD-2025,,
FEE-0432,PAY-0432,MDR,12.0,2.16,RC-NB-2025,,
FEE-0433,PAY-0433,MDR,12.0,2.16,RC-NB-2025,,
FEE-0434,PAY-0434,MDR,54.36,9.78,RC-EMI-2025,,
FEE-0435,PAY-0435,MDR,13.12,2.36,RC-UPI-2025,,
FEE-0436,PAY-0436,MDR,32.46,5.84,RC-CARD-2025,,
FEE-0437,PAY-0437,MDR,14.94,2.69,RC-UPI-2025,,
FEE-0438,PAY-0438,MDR,8.68,1.56,RC-CARD-2025,,
FEE-0439,PAY-0439,MDR,7.86,1.41,RC-UPI-2025,,
FEE-0440,PAY-0440,MDR,13.64,2.46,RC-UPI-2025,,
FEE-0441,PAY-0441,MDR,37.59,6.77,RC-CARD-2025,,
FEE-0442,PAY-0442,MDR,18.16,3.27,RC-CARD-2025,,
FEE-0443,PAY-0443,MDR,2.72,0.49,RC-UPI-2025,,
FEE-0444,PAY-0444,MDR,12.0,2.16,RC-NB-2025,,
FEE-0445,PAY-0445,MDR,12.79,2.3,RC-CARD-2025,,
FEE-0446,PAY-0446,MDR,15.39,2.77,RC-CARD-2025,,
FEE-0447,PAY-0447,MDR,15.25,2.75,RC-CARD-2025,,
FEE-0448,PAY-0448,MDR,14.69,2.64,RC-CARD-2025,,
FEE-0449,PAY-0449,MDR,12.0,2.16,RC-NB-2025,,
FEE-0450,PAY-0450,MDR,12.0,2.16,RC-NB-2025,,
FEE-0451,PAY-0451,MDR,112.55,20.26,RC-CARD-2025,,
FEE-0452,PAY-0452,MDR,57.9,10.42,RC-CARD-2025,,
FEE-0453,PAY-0453,MDR,14.39,2.59,RC-CARD-2025,,
FEE-0454,PAY-0454,MDR,25.21,4.54,RC-CARD-2025,,
FEE-0455,PAY-0455,MDR,56.73,10.21,RC-CARD-2025,,
FEE-0456,PAY-0456,MDR,3.21,0.58,RC-UPI-2025,,
FEE-0457,PAY-0457,MDR,2.23,0.4,RC-UPI-2025,,
FEE-0458,PAY-0458,MDR,4.57,0.82,RC-UPI-2025,,
FEE-0459,PAY-0459,MDR,7.03,1.27,RC-EMI-2025,,
FEE-0460,PAY-0460,MDR,16.68,3.0,RC-NB-2025,,
FEE-0461,PAY-0461,MDR,5.98,1.08,RC-CARD-2025,,
FEE-0462,PAY-0462,MDR,5.84,1.05,RC-WALLET-2025,,
FEE-0464,PAY-0464,MDR,4.72,0.85,RC-UPI-2025,,
FEE-0465,PAY-0465,MDR,46.15,8.31,RC-UPI-2025,,
FEE-0466,PAY-0466,MDR,6.43,1.16,RC-CARD-2025,,
FEE-0467,PAY-0467,MDR,13.92,2.51,RC-CARD-2025,,
FEE-0468,PAY-0468,MDR,48.66,8.76,RC-CARD-2025,,
FEE-0469,PAY-0469,MDR,12.77,2.3,RC-WALLET-2025,,
FEE-0470,PAY-0470,MDR,1.2,0.22,RC-UPI-2025,,
FEE-0471,PAY-0471,MDR,37.39,6.73,RC-CARD-2025,,
FEE-0472,PAY-0472,MDR,12.0,2.16,RC-NB-2025,,
FEE-0473,PAY-0473,MDR,9.96,1.79,RC-CARD-2025,,
FEE-0474,PAY-0474,MDR,51.24,9.22,RC-CARD-2025,,
FEE-0475,PAY-0475,MDR,1.2,0.22,RC-UPI-2025,,
FEE-0476,PAY-0476,MDR,32.14,5.79,RC-WALLET-2025,,
FEE-0476-D,PAY-0476,MDR,32.14,5.79,RC-WALLET-2025,,
FEE-0477,PAY-0477,MDR,27.99,5.04,RC-CARD-2025,,
FEE-0478,PAY-0478,MDR,41.79,7.52,RC-CARD-2025,,
FEE-0479,PAY-0479,MDR,1.31,0.24,RC-UPI-2025,,
FEE-0479-2,PAY-0479-2,MDR,0.87,0.16,RC-UPI-2025,,
FEE-0480,PAY-0480,MDR,48.25,8.69,RC-EMI-2025,,
FEE-0481,PAY-0481,MDR,9.71,1.75,RC-UPI-2025,,
FEE-0482,PAY-0482,MDR,70.93,12.77,RC-CARD-2025,,
FEE-0483,PAY-0483,MDR,11.6,2.09,RC-UPI-2025,,
FEE-0484,PAY-0484,MDR,33.95,6.11,RC-EMI-2025,,
FEE-0485,PAY-0485,MDR,14.64,2.64,RC-CARD-2025,,
FEE-0486,PAY-0486,MDR,6.88,1.24,RC-CARD-2025,,
FEE-0487,PAY-0487,MDR,12.0,2.16,RC-NB-2025,,
FEE-0488,PAY-0488,MDR,10.44,1.88,RC-CARD-2025,,
FEE-0489,PAY-0489,MDR,1.64,0.3,RC-UPI-2025,,
FEE-0490,PAY-0490,MDR,12.0,2.16,RC-NB-2025,,
FEE-0491,PAY-0491,MDR,2.18,0.39,RC-UPI-2025,,
FEE-0492,PAY-0492,MDR,12.0,2.16,RC-NB-2025,,
FEE-0493,PAY-0493,MDR,2.31,0.42,RC-UPI-2025,,
FEE-0494,PAY-0494,MDR,12.0,2.16,RC-NB-2025,,
FEE-0495,PAY-0495,MDR,107.33,19.32,RC-CARD-2025,,
FEE-0496,PAY-0496,MDR,2.35,0.42,RC-UPI-2025,,
FEE-0497,PAY-0497,MDR,48.31,8.7,RC-CARD-2025,,
FEE-0498,PAY-0498,MDR,15.4,2.77,RC-CARD-2025,,
FEE-0499,PAY-0499,MDR,12.0,2.16,RC-NB-2025,,
FEE-0500,PAY-0500,MDR,17.68,3.18,RC-CARD-2025,,
FEE-0502,PAY-0502,MDR,59.04,10.63,RC-CARD-2025,,
FEE-0503,PAY-0503,MDR,2.64,0.48,RC-UPI-2025,,
FEE-0504,PAY-0504,MDR,3.0,0.54,RC-UPI-2025,,
FEE-0505,PAY-0505,MDR,7.55,1.36,RC-UPI-2025,,
FEE-0506,PAY-0506,MDR,22.21,4.0,RC-CARD-2025,,
FEE-0507,PAY-0507,MDR,5.13,0.92,RC-CARD-2025,,
FEE-0507-2,PAY-0507-2,MDR,3.42,0.62,RC-CARD-2025,,
FEE-0508,PAY-0508,MDR,5.83,1.05,RC-UPI-2025,,
FEE-0509,PAY-0509,MDR,25.87,4.66,RC-CARD-2025,,
FEE-0510,PAY-0510,MDR,1.2,0.22,RC-UPI-2025,,
FEE-0511,PAY-0511,MDR,40.98,7.38,RC-CARD-2025,,
FEE-0512,PAY-0512,MDR,1.82,0.33,RC-UPI-2025,,
FEE-0513,PAY-0513,MDR,12.0,2.16,RC-NB-2025,,
FEE-0515,PAY-0515,MDR,129.57,23.32,RC-WALLET-2025,,
FEE-0516,PAY-0516,MDR,12.0,2.16,RC-NB-2025,,
FEE-0517,PAY-0517,MDR,5.51,0.99,RC-CARD-2025,,
FEE-0517-2,PAY-0517-2,MDR,3.67,0.66,RC-CARD-2025,,
FEE-0518,PAY-0518,MDR,6.05,1.09,RC-CARD-2025,,
FEE-0519,PAY-0519,MDR,31.02,5.58,RC-WALLET-2025,,
FEE-0520,PAY-0520,MDR,8.81,1.59,RC-UPI-2025,,
FEE-0521,PAY-0521,MDR,30.93,5.57,RC-UPI-2025,,
FEE-0522,PAY-0522,MDR,8.04,1.45,RC-UPI-2025,,
FEE-0523,PAY-0523,MDR,51.64,9.3,RC-EMI-2025,,
FEE-0524,PAY-0524,MDR,12.0,2.16,RC-NB-2025,,
FEE-0525,PAY-0525,MDR,4.15,0.75,RC-UPI-2025,,
FEE-0526,PAY-0526,MDR,88.88,16.0,RC-CARD-2025,,
FEE-0527,PAY-0527,MDR,2.39,0.43,RC-UPI-2025,,
FEE-0528,PAY-0528,MDR,11.01,1.98,RC-CARD-2025,,
FEE-0530,PAY-0530,MDR,5.98,1.08,RC-CARD-2025,,
FEE-0531,PAY-0531,MDR,5.98,1.08,RC-CARD-2025,,
FEE-0532,PAY-0532,MDR,58.81,10.59,RC-CARD-2025,,
FEE-0533,PAY-0533,MDR,18.37,3.31,RC-CARD-2025,,
FEE-0534,PAY-0534,MDR,109.58,19.72,RC-CARD-2025,,
FEE-0535,PAY-0535,MDR,19.93,3.59,RC-EMI-2025,,
FEE-0536,PAY-0536,MDR,41.53,7.48,RC-CARD-2025,,
FEE-0537,PAY-0537,MDR,10.28,1.85,RC-CARD-2025,,
FEE-0538,PAY-0538,MDR,12.0,2.16,RC-NB-2025,,
FEE-0539,PAY-0539,MDR,209.04,37.63,RC-CARD-2025,,
FEE-0540,PAY-0540,MDR,3.08,0.55,RC-UPI-2025,,
FEE-0541,PAY-0541,MDR,31.33,5.64,RC-CARD-2025,,
FEE-0542,PAY-0542,MDR,2.63,0.47,RC-UPI-2025,,
FEE-0542-2,PAY-0542-2,MDR,1.75,0.32,RC-UPI-2025,,
FEE-0543,PAY-0543,MDR,20.67,3.72,RC-CARD-2025,,
FEE-0544,PAY-0544,MDR,1.2,0.22,RC-UPI-2025,,
FEE-0545,PAY-0545,MDR,20.71,3.73,RC-UPI-2025,,
FEE-0546,PAY-0546,MDR,18.34,3.3,RC-UPI-2025,,
FEE-0547,PAY-0547,MDR,28.18,5.07,RC-WALLET-2025,,
FEE-0548,PAY-0548,MDR,1.24,0.22,RC-UPI-2025,,
FEE-0549,PAY-0549,MDR,28.79,5.18,RC-CARD-2025,,
FEE-0550,PAY-0550,MDR,100.81,18.15,RC-CARD-2025,,
FEE-0551,PAY-0551,MDR,12.0,2.16,RC-NB-2025,,
FEE-0552,PAY-0552,MDR,37.64,6.78,RC-CARD-2025,,
FEE-0553,PAY-0553,MDR,35.81,6.45,RC-CARD-2025,,
FEE-0554,PAY-0554,MDR,59.52,10.71,RC-CARD-2025,,
FEE-0555,PAY-0555,MDR,12.0,2.16,RC-NB-2025,,
FEE-0555-2,PAY-0555-2,MDR,12.0,2.16,RC-NB-2025,,
FEE-0557,PAY-0557,MDR,62.62,11.27,RC-CARD-2025,,
FEE-0558,PAY-0558,MDR,1.2,0.22,RC-UPI-2025,,
FEE-0559,PAY-0559,MDR,21.35,3.84,RC-CARD-2025,,
FEE-0559-2,PAY-0559-2,MDR,14.23,2.56,RC-CARD-2025,,
FEE-0560,PAY-0560,MDR,1.78,0.32,RC-UPI-2025,,
FEE-0561,PAY-0561,MDR,29.87,5.38,RC-UPI-2025,,
FEE-0562,PAY-0562,MDR,7.8,1.4,RC-UPI-2025,,
FEE-0563,PAY-0563,MDR,19.58,3.52,RC-CARD-2025,,
FEE-0564,PAY-0564,MDR,12.0,2.16,RC-NB-2025,,
FEE-0565,PAY-0565,MDR,34.15,6.15,RC-CARD-2025,,
FEE-0566,PAY-0566,MDR,12.0,2.16,RC-NB-2025,,
FEE-0567,PAY-0567,MDR,35.7,6.43,RC-CARD-2025,,
FEE-0568,PAY-0568,MDR,24.34,4.38,RC-CARD-2025,,
FEE-0569,PAY-0569,MDR,12.0,2.16,RC-NB-2025,,
FEE-0570,PAY-0570,MDR,6.69,1.2,RC-WALLET-2025,,
FEE-0571,PAY-0571,MDR,74.22,13.36,RC-EMI-2025,,
FEE-0572,PAY-0572,MDR,3.78,0.68,RC-UPI-2025,,
FEE-0573,PAY-0573,MDR,45.13,8.12,RC-WALLET-2025,,
FEE-0574,PAY-0574,MDR,1.39,0.25,RC-UPI-2025,,
FEE-0575,PAY-0575,MDR,72.99,13.14,RC-CARD-2025,,
FEE-0576,PAY-0576,MDR,15.43,2.78,RC-WALLET-2025,,
FEE-0577,PAY-0577,MDR,33.6,6.05,RC-CARD-2025,,
FEE-0578,PAY-0578,MDR,2.97,0.53,RC-UPI-2025,,
FEE-0579,PAY-0579,MDR,5.98,1.08,RC-CARD-2025,,
FEE-0580,PAY-0580,MDR,31.34,5.64,RC-UPI-2025,,
FEE-0581,PAY-0581,MDR,27.31,4.92,RC-CARD-2025,,
FEE-0582,PAY-0582,MDR,107.54,19.36,RC-CARD-2025,,
FEE-0583,PAY-0583,MDR,4.52,0.81,RC-UPI-2025,,
FEE-0584,PAY-0584,MDR,18.84,3.39,RC-CARD-2025,,
FEE-0585,PAY-0585,MDR,48.59,8.75,RC-CARD-2025,,
FEE-0585-D,PAY-0585,MDR,48.59,8.75,RC-CARD-2025,,
FEE-0586,PAY-0586,MDR,2.25,0.4,RC-UPI-2025,,
FEE-0587,PAY-0587,MDR,8.87,1.6,RC-CARD-2025,,
FEE-0588,PAY-0588,MDR,3.08,0.55,RC-UPI-2025,,
FEE-0589,PAY-0589,MDR,63.77,11.48,RC-CARD-2025,,
FEE-0590,PAY-0590,MDR,12.28,2.21,RC-CARD-2025,,
FEE-0591,PAY-0591,MDR,5.98,1.08,RC-CARD-2025,,
FEE-0592,PAY-0592,MDR,5.68,1.02,RC-WALLET-2025,,
FEE-0593,PAY-0593,MDR,24.31,4.38,RC-UPI-2025,,
FEE-0594,PAY-0594,MDR,27.05,4.87,RC-CARD-2025,,
FEE-0595,PAY-0595,MDR,39.79,7.16,RC-CARD-2025,,
FEE-0596,PAY-0596,MDR,22.26,4.01,RC-CARD-2025,,
FEE-0597,PAY-0597,MDR,101.35,18.24,RC-EMI-2025,,
FEE-0598,PAY-0598,MDR,50.09,9.02,RC-CARD-2025,,
FEE-0599,PAY-0599,MDR,12.0,2.16,RC-NB-2025,,
FEE-0600,PAY-0600,MDR,5.98,1.08,RC-CARD-2025,,
FEE-0601,PAY-0601,MDR,8.87,1.6,RC-EMI-2025,,
FEE-0602,PAY-0602,MDR,8.63,1.55,RC-CARD-2025,,
FEE-0603,PAY-0603,MDR,117.89,21.22,RC-CARD-2025,,
FEE-0604,PAY-0604,MDR,11.16,2.01,RC-EMI-2025,,
FEE-0605,PAY-0605,MDR,4.06,0.73,RC-UPI-2025,,
FEE-0606,PAY-0606,MDR,11.61,2.09,RC-CARD-2025,,
FEE-0607,PAY-0607,MDR,12.0,2.16,RC-NB-2025,,
FEE-0608,PAY-0608,MDR,4.19,0.75,RC-UPI-2025,,
FEE-0609,PAY-0609,MDR,5.98,1.08,RC-CARD-2025,,
FEE-0610,PAY-0610,MDR,10.04,1.81,RC-UPI-2025,,
FEE-0612,PAY-0612,MDR,1.2,0.22,RC-UPI-2025,,
FEE-0613,PAY-0613,MDR,53.27,9.59,RC-CARD-2025,,
FEE-0614,PAY-0614,MDR,4.5,0.81,RC-UPI-2025,,
FEE-0615,PAY-0615,MDR,5.44,0.98,RC-UPI-2025,,
FEE-0616,PAY-0616,MDR,81.28,14.63,RC-CARD-2025,,
FEE-0617,PAY-0617,MDR,19.15,3.45,RC-UPI-2025,,
FEE-0618,PAY-0618,MDR,411.71,74.11,RC-CARD-2025,,
FEE-0619,PAY-0619,MDR,85.74,15.43,RC-WALLET-2025,,
FEE-0620,PAY-0620,MDR,38.99,7.02,RC-WALLET-2025,,
FEE-0621,PAY-0621,MDR,12.0,2.16,RC-NB-2025,,
FEE-0622,PAY-0622,MDR,12.0,2.16,RC-NB-2025,,
FEE-0623,PAY-0623,MDR,17.96,3.23,RC-CARD-2025,,
FEE-0624,PAY-0624,MDR,53.66,9.66,RC-CARD-2025,,
FEE-0625,PAY-0625,MDR,31.72,5.71,RC-CARD-2025,,
FEE-0626,PAY-0626,MDR,3.49,0.63,RC-UPI-2025,,
FEE-0627,PAY-0627,MDR,3.94,0.71,RC-UPI-2025,,
FEE-0628,PAY-0628,MDR,10.0,1.8,RC-UPI-2025,,
FEE-0629,PAY-0629,MDR,9.86,1.77,RC-UPI-2025,,
FEE-0629-D,PAY-0629,MDR,9.86,1.77,RC-UPI-2025,,
FEE-0630,PAY-0630,MDR,16.78,3.02,RC-CARD-2025,,
FEE-0631,PAY-0631,MDR,1.2,0.22,RC-UPI-2025,,
FEE-0632,PAY-0632,MDR,19.36,3.48,RC-CARD-2025,,
FEE-0633,PAY-0633,MDR,44.88,8.08,RC-CARD-2025,,
FEE-0634,PAY-0634,MDR,5.02,0.9,RC-UPI-2025,,
FEE-0636,PAY-0636,MDR,5.68,1.02,RC-UPI-2025,,
FEE-0636-2,PAY-0636-2,MDR,3.79,0.68,RC-UPI-2025,,
FEE-0637,PAY-0637,MDR,11.14,2.01,RC-UPI-2025,,
FEE-0638,PAY-0638,MDR,11.23,2.02,RC-CARD-2025,,
FEE-0639,PAY-0639,MDR,4.97,0.89,RC-UPI-2025,,
FEE-0640,PAY-0640,MDR,11.08,1.99,RC-UPI-2025,,
FEE-0641,PAY-0641,MDR,9.3,1.67,RC-EMI-2025,,
FEE-0642,PAY-0642,MDR,10.65,1.92,RC-CARD-2025,,
FEE-0643,PAY-0643,MDR,3.17,0.57,RC-UPI-2025,,
FEE-0644,PAY-0644,MDR,78.78,14.18,RC-WALLET-2025,,
FEE-0645,PAY-0645,MDR,163.39,29.41,RC-CARD-2025,,
FEE-0646,PAY-0646,MDR,4.21,0.76,RC-UPI-2025,,
FEE-0647,PAY-0647,MDR,39.1,7.04,RC-EMI-2025,,
FEE-0648,PAY-0648,MDR,13.34,2.4,RC-CARD-2025,,
FEE-0649,PAY-0649,MDR,97.08,17.47,RC-CARD-2025,,
FEE-0650,PAY-0650,MDR,1.2,0.22,RC-UPI-2025,,
FEE-0651,PAY-0651,MDR,1.2,0.22,RC-UPI-2025,,
FEE-0652,PAY-0652,MDR,56.36,10.14,RC-CARD-2025,,
FEE-0653,PAY-0653,MDR,53.55,9.64,RC-WALLET-2025,,
FEE-0654,PAY-0654,MDR,14.89,2.68,RC-WALLET-2025,,
FEE-0655,PAY-0655,MDR,109.97,19.79,RC-WALLET-2025,,
FEE-0656,PAY-0656,MDR,2.11,0.38,RC-UPI-2025,,
FEE-0657,PAY-0657,MDR,12.0,2.16,RC-NB-2025,,
FEE-0658,PAY-0658,MDR,52.21,9.4,RC-WALLET-2025,,
FEE-0659,PAY-0659,MDR,1.27,0.23,RC-UPI-2025,,
FEE-0660,PAY-0660,MDR,9.73,1.75,RC-WALLET-2025,,
FEE-0661,PAY-0661,MDR,2.72,0.49,RC-UPI-2025,,
FEE-0662,PAY-0662,MDR,12.0,2.16,RC-NB-2025,,
FEE-0663,PAY-0663,MDR,133.53,24.04,RC-CARD-2025,,
FEE-0664,PAY-0664,MDR,48.88,8.8,RC-CARD-2025,,
FEE-0665,PAY-0665,MDR,6.87,1.24,RC-CARD-2025,,
FEE-0666,PAY-0666,MDR,4.81,0.87,RC-UPI-2025,,
FEE-0667,PAY-0667,MDR,8.2,1.48,RC-UPI-2025,,
FEE-0668,PAY-0668,MDR,19.63,3.53,RC-CARD-2025,,
FEE-0669,PAY-0669,MDR,108.42,19.52,RC-CARD-2025,,
FEE-0670,PAY-0670,MDR,6.13,1.1,RC-CARD-2025,,
FEE-0671,PAY-0671,MDR,14.55,2.62,RC-EMI-2025,,
FEE-0672,PAY-0672,MDR,13.68,2.46,RC-UPI-2025,,
FEE-0673,PAY-0673,MDR,163.68,29.46,RC-EMI-2025,,
FEE-0674,PAY-0674,MDR,10.34,1.86,RC-UPI-2025,,
FEE-0675,PAY-0675,MDR,13.81,2.49,RC-CARD-2025,,
FEE-0676,PAY-0676,MDR,55.88,10.06,RC-CARD-2025,,
FEE-0677,PAY-0677,MDR,9.1,1.64,RC-CARD-2025,,
FEE-0678,PAY-0678,MDR,11.96,2.15,RC-UPI-2025,,
FEE-0678-2,PAY-0678-2,MDR,7.97,1.43,RC-UPI-2025,,
FEE-0679,PAY-0679,MDR,5.55,1.0,RC-UPI-2025,,
FEE-0680,PAY-0680,MDR,47.45,8.54,RC-CARD-2025,,
FEE-0681,PAY-0681,MDR,12.0,2.16,RC-NB-2025,,
FEE-0682,PAY-0682,MDR,118.49,21.33,RC-WALLET-2025,,
FEE-0683,PAY-0683,MDR,1.2,0.22,RC-UPI-2025,,
FEE-0684,PAY-0684,MDR,15.1,2.72,RC-WALLET-2025,,
FEE-0685,PAY-0685,MDR,12.82,2.31,RC-CARD-2025,,
FEE-0686,PAY-0686,MDR,37.7,6.79,RC-CARD-2025,,
FEE-0688,PAY-0688,MDR,12.0,2.16,RC-NB-2025,,
FEE-0689,PAY-0689,MDR,18.92,3.41,RC-CARD-2025,,
FEE-0690,PAY-0690,MDR,12.74,2.29,RC-CARD-2025,,
FEE-0691,PAY-0691,MDR,12.0,2.16,RC-NB-2025,,
FEE-0692,PAY-0692,MDR,47.93,8.63,RC-CARD-2025,,
FEE-0693,PAY-0693,MDR,3.31,0.6,RC-UPI-2025,,
FEE-0694,PAY-0694,MDR,71.97,12.95,RC-CARD-2025,,
FEE-0695,PAY-0695,MDR,2.5,0.45,RC-UPI-2025,,
FEE-0696,PAY-0696,MDR,48.17,8.67,RC-CARD-2025,,
FEE-0697,PAY-0697,MDR,37.55,6.76,RC-CARD-2025,,
FEE-0699,PAY-0699,MDR,12.0,2.16,RC-NB-2025,,
FEE-0700,PAY-0700,MDR,7.03,1.27,RC-EMI-2025,,
FEE-0701,PAY-0701,MDR,22.17,3.99,RC-EMI-2025,,
FEE-0702,PAY-0702,MDR,23.14,4.17,RC-CARD-2025,,
FEE-0703,PAY-0703,MDR,50.83,9.15,RC-CARD-2025,,
FEE-0704,PAY-0704,MDR,9.62,1.73,RC-CARD-2025,,
FEE-0705,PAY-0705,MDR,35.28,6.35,RC-CARD-2025,,
FEE-0706,PAY-0706,MDR,8.9,1.6,RC-CARD-2025,,
FEE-0707,PAY-0707,MDR,118.96,21.41,RC-WALLET-2025,,
FEE-0708,PAY-0708,MDR,186.31,33.54,RC-CARD-2025,,
FEE-0709,PAY-0709,MDR,1.2,0.22,RC-UPI-2025,,
FEE-0710,PAY-0710,MDR,19.94,3.59,RC-WALLET-2025,,
FEE-0711,PAY-0711,MDR,7.97,1.43,RC-UPI-2025,,
FEE-0712,PAY-0712,MDR,117.56,21.16,RC-CARD-2025,,
FEE-0713,PAY-0713,MDR,25.24,4.54,RC-CARD-2025,,
FEE-0714,PAY-0714,MDR,134.96,24.29,RC-CARD-2025,,
FEE-0715,PAY-0715,MDR,44.72,8.05,RC-CARD-2025,,
FEE-0716,PAY-0716,MDR,5.94,1.07,RC-UPI-2025,,
FEE-0717,PAY-0717,MDR,7.75,1.4,RC-CARD-2025,,
FEE-0718,PAY-0718,MDR,2.97,0.53,RC-UPI-2025,,
FEE-0720,PAY-0720,MDR,18.76,3.38,RC-CARD-2025,,
FEE-0721,PAY-0721,MDR,16.44,2.96,RC-WALLET-2025,,
FEE-0722,PAY-0722,MDR,5.36,0.96,RC-UPI-2025,,
FEE-0723,PAY-0723,MDR,49.69,8.94,RC-WALLET-2025,,
FEE-0724,PAY-0724,MDR,48.64,8.76,RC-UPI-2025,,
FEE-0725,PAY-0725,MDR,68.29,12.29,RC-CARD-2025,,
FEE-0726,PAY-0726,MDR,10.07,1.81,RC-UPI-2025,,
FEE-0727,PAY-0727,MDR,8.09,1.46,RC-UPI-2025,,
FEE-0728,PAY-0728,MDR,63.31,11.4,RC-CARD-2025,,
FEE-0729,PAY-0729,MDR,6.88,1.24,RC-UPI-2025,,
FEE-0729-D,PAY-0729,MDR,6.88,1.24,RC-UPI-2025,,
FEE-0730,PAY-0730,MDR,8.76,1.58,RC-UPI-2025,,
FEE-0732,PAY-0732,MDR,15.52,2.79,RC-EMI-2025,,
FEE-0733,PAY-0733,MDR,23.07,4.15,RC-CARD-2025,,
FEE-0734,PAY-0734,MDR,9.47,1.7,RC-CARD-2025,,
FEE-0735,PAY-0735,MDR,6.46,1.16,RC-CARD-2025,,
FEE-0736,PAY-0736,MDR,41.64,7.5,RC-CARD-2025,,
FEE-0737,PAY-0737,MDR,8.31,1.5,RC-UPI-2025,,
FEE-0738,PAY-0738,MDR,5.11,0.92,RC-UPI-2025,,
FEE-0739,PAY-0739,MDR,7.05,1.27,RC-CARD-2025,,
FEE-0740,PAY-0740,MDR,8.48,1.53,RC-UPI-2025,,
FEE-0741,PAY-0741,MDR,37.4,6.73,RC-CARD-2025,,
FEE-0742,PAY-0742,MDR,64.28,11.57,RC-CARD-2025,,
FEE-0743,PAY-0743,MDR,8.46,1.52,RC-CARD-2025,,
FEE-0744,PAY-0744,MDR,10.8,1.94,RC-CARD-2025,,
FEE-0745,PAY-0745,MDR,21.08,3.79,RC-CARD-2025,,
FEE-0746,PAY-0746,MDR,11.69,2.1,RC-CARD-2025,,
FEE-0747,PAY-0747,MDR,16.92,3.05,RC-WALLET-2025,,
FEE-0748,PAY-0748,MDR,7.9,1.42,RC-UPI-2025,,
FEE-0749,PAY-0749,MDR,13.73,2.47,RC-EMI-2025,,
FEE-0749-2,PAY-0749-2,MDR,9.15,1.65,RC-EMI-2025,,
FEE-0750,PAY-0750,MDR,8.61,1.55,RC-CARD-2025,,
FEE-0751,PAY-0751,MDR,1.3,0.23,RC-UPI-2025,,
FEE-0752,PAY-0752,MDR,12.0,2.16,RC-NB-2025,,
FEE-0752-2,PAY-0752-2,MDR,12.0,2.16,RC-NB-2025,,
FEE-0753,PAY-0753,MDR,1.4,0.25,RC-UPI-2025,,
FEE-0754,PAY-0754,MDR,7.13,1.28,RC-UPI-2025,,
FEE-0755,PAY-0755,MDR,23.47,4.22,RC-CARD-2025,,
FEE-0756,PAY-0756,MDR,12.0,2.16,RC-NB-2025,,
FEE-0757,PAY-0757,MDR,5.98,1.08,RC-CARD-2025,,
FEE-0758,PAY-0758,MDR,226.71,40.81,RC-CARD-2025,,
FEE-0759,PAY-0759,MDR,4.11,0.74,RC-UPI-2025,,
FEE-0760,PAY-0760,MDR,0.94,0.17,RC-UPI-2025,,
FEE-0760-2,PAY-0760-2,MDR,0.63,0.11,RC-UPI-2025,,
FEE-0761,PAY-0761,MDR,10.49,1.89,RC-WALLET-2025,,
FEE-0762,PAY-0762,MDR,15.14,2.73,RC-CARD-2025,,
FEE-0763,PAY-0763,MDR,142.41,25.63,RC-CARD-2025,,
FEE-0764,PAY-0764,MDR,12.2,2.2,RC-EMI-2025,,
FEE-0765,PAY-0765,MDR,24.7,4.45,RC-CARD-2025,,
FEE-0766,PAY-0766,MDR,27.66,4.98,RC-CARD-2025,,
FEE-0767,PAY-0767,MDR,5.98,1.08,RC-CARD-2025,,
FEE-0768,PAY-0768,MDR,19.05,3.43,RC-NB-2025,,
FEE-0769,PAY-0769,MDR,5.68,1.02,RC-WALLET-2025,,
FEE-0770,PAY-0770,MDR,62.84,11.31,RC-WALLET-2025,,
FEE-0771,PAY-0771,MDR,14.5,2.61,RC-UPI-2025,,
FEE-0772,PAY-0772,MDR,96.73,17.41,RC-WALLET-2025,,
FEE-0773,PAY-0773,MDR,74.4,13.39,RC-CARD-2025,,
FEE-0774,PAY-0774,MDR,3.31,0.6,RC-UPI-2025,,
FEE-0774-2,PAY-0774-2,MDR,2.21,0.4,RC-UPI-2025,,
FEE-0775,PAY-0775,MDR,4.04,0.73,RC-UPI-2025,,
FEE-0776,PAY-0776,MDR,1.74,0.31,RC-UPI-2025,,
FEE-0777,PAY-0777,MDR,5.98,1.08,RC-CARD-2025,,
FEE-0778,PAY-0778,MDR,80.45,14.48,RC-CARD-2025,,
FEE-0779,PAY-0779,MDR,11.67,2.1,RC-WALLET-2025,,
FEE-0780,PAY-0780,MDR,5.98,1.08,RC-CARD-2025,,
FEE-0781,PAY-0781,MDR,6.21,1.12,RC-UPI-2025,,
FEE-0782,PAY-0782,MDR,7.76,1.4,RC-WALLET-2025,,
FEE-0783,PAY-0783,MDR,2.86,0.51,RC-UPI-2025,,
FEE-0783-2,PAY-0783-2,MDR,1.9,0.34,RC-UPI-2025,,
FEE-0784,PAY-0784,MDR,43.88,7.9,RC-CARD-2025,,
FEE-0785,PAY-0785,MDR,1.2,0.22,RC-UPI-2025,,
FEE-0786,PAY-0786,MDR,1.2,0.22,RC-UPI-2025,,
FEE-0787,PAY-0787,MDR,31.45,5.66,RC-WALLET-2025,,
FEE-0788,PAY-0788,MDR,38.75,6.97,RC-CARD-2025,,
FEE-0789,PAY-0789,MDR,146.55,26.38,RC-CARD-2025,,
FEE-0790,PAY-0790,MDR,5.73,1.03,RC-UPI-2025,,
FEE-0791,PAY-0791,MDR,12.0,2.16,RC-NB-2025,,
FEE-0792,PAY-0792,MDR,121.52,21.87,RC-CARD-2025,,
FEE-0793,PAY-0793,MDR,5.98,1.08,RC-CARD-2025,,
FEE-0794,PAY-0794,MDR,14.14,2.55,RC-UPI-2025,,
FEE-0795,PAY-0795,MDR,21.72,3.91,RC-CARD-2025,,
FEE-0796,PAY-0796,MDR,59.19,10.65,RC-CARD-2025,,
FEE-0797,PAY-0797,MDR,1.59,0.29,RC-UPI-2025,,
FEE-0798,PAY-0798,MDR,12.0,2.16,RC-NB-2025,,
FEE-0799,PAY-0799,MDR,140.9,25.36,RC-CARD-2025,,
FEE-0800,PAY-0800,MDR,18.34,3.3,RC-CARD-2025,,
FEE-0801,PAY-0801,MDR,10.21,1.84,RC-UPI-2025,,
FEE-0802,PAY-0802,MDR,35.08,6.31,RC-UPI-2025,,
FEE-0803,PAY-0803,MDR,239.67,43.14,RC-CARD-2025,,
FEE-0804,PAY-0804,MDR,13.02,2.34,RC-CARD-2025,,
FEE-0805,PAY-0805,MDR,4.0,0.72,RC-UPI-2025,,
FEE-0806,PAY-0806,MDR,51.28,9.23,RC-CARD-2025,,
FEE-0807,PAY-0807,MDR,33.11,5.96,RC-CARD-2025,,
FEE-0808,PAY-0808,MDR,1.2,0.22,RC-UPI-2025,,
FEE-0809,PAY-0809,MDR,16.12,2.9,RC-CARD-2025,,
FEE-0810,PAY-0810,MDR,12.0,2.16,RC-NB-2025,,
FEE-0811,PAY-0811,MDR,12.0,2.16,RC-NB-2025,,
FEE-0812,PAY-0812,MDR,12.0,2.16,RC-NB-2025,,
FEE-0813,PAY-0813,MDR,7.8,1.4,RC-CARD-2025,,
FEE-0814,PAY-0814,MDR,12.0,2.16,RC-NB-2025,,
FEE-0815,PAY-0815,MDR,4.02,0.72,RC-UPI-2025,,
FEE-0815-D,PAY-0815,MDR,4.02,0.72,RC-UPI-2025,,
FEE-0816,PAY-0816,MDR,14.53,2.62,RC-WALLET-2025,,
FEE-0817,PAY-0817,MDR,12.0,2.16,RC-NB-2025,,
FEE-0818,PAY-0818,MDR,116.49,20.97,RC-CARD-2025,,
FEE-0819,PAY-0819,MDR,92.64,16.68,RC-CARD-2025,,
FEE-0820,PAY-0820,MDR,22.64,4.08,RC-CARD-2025,,
FEE-0820-2,PAY-0820-2,MDR,15.09,2.72,RC-CARD-2025,,
FEE-0821,PAY-0821,MDR,5.98,1.08,RC-CARD-2025,,
FEE-0822,PAY-0822,MDR,17.39,3.13,RC-CARD-2025,,
FEE-0823,PAY-0823,MDR,8.56,1.54,RC-CARD-2025,,
FEE-0824,PAY-0824,MDR,7.85,1.41,RC-UPI-2025,,
FEE-0825,PAY-0825,MDR,1057.5,190.35,RC-EMI-2025,,
FEE-0827,PAY-0827,MDR,60.09,10.82,RC-CARD-2025,,
FEE-0828,PAY-0828,MDR,6.67,1.2,RC-UPI-2025,,
FEE-0829,PAY-0829,MDR,2.29,0.41,RC-UPI-2025,,
FEE-0830,PAY-0830,MDR,33.61,6.05,RC-CARD-2025,,
FEE-0831,PAY-0831,MDR,24.8,4.46,RC-CARD-2025,,
FEE-0832,PAY-0832,MDR,25.84,4.65,RC-CARD-2025,,
FEE-0833,PAY-0833,MDR,17.49,3.15,RC-CARD-2025,,
FEE-0834,PAY-0834,MDR,16.67,3.0,RC-UPI-2025,,
FEE-0835,PAY-0835,MDR,161.21,29.02,RC-CARD-2025,,
FEE-0836,PAY-0836,MDR,25.17,4.53,RC-CARD-2025,,
FEE-0837,PAY-0837,MDR,3.41,0.61,RC-UPI-2025,,
FEE-0838,PAY-0838,MDR,11.5,2.07,RC-UPI-2025,,
FEE-0839,PAY-0839,MDR,18.0,3.24,RC-UPI-2025,,
FEE-0840,PAY-0840,MDR,3.43,0.62,RC-UPI-2025,,
FEE-0841,PAY-0841,MDR,1.8,0.32,RC-UPI-2025,,
FEE-0842,PAY-0842,MDR,5.45,0.98,RC-UPI-2025,,
FEE-0843,PAY-0843,MDR,18.82,3.39,RC-EMI-2025,,
FEE-0844,PAY-0844,MDR,26.45,4.76,RC-CARD-2025,,
FEE-0845,PAY-0845,MDR,5.71,1.03,RC-UPI-2025,,
FEE-0846,PAY-0846,MDR,44.48,8.01,RC-CARD-2025,,
FEE-0847,PAY-0847,MDR,10.07,1.81,RC-UPI-2025,,
FEE-0848,PAY-0848,MDR,6.04,1.09,RC-UPI-2025,,
FEE-0849,PAY-0849,MDR,66.89,12.04,RC-UPI-2025,,
FEE-0850,PAY-0850,MDR,8.28,1.49,RC-CARD-2025,,
FEE-0851,PAY-0851,MDR,2.04,0.37,RC-UPI-2025,,
FEE-0852,PAY-0852,MDR,30.67,5.52,RC-WALLET-2025,,
FEE-0853,PAY-0853,MDR,4.96,0.89,RC-CARD-2025,,
FEE-0853-2,PAY-0853-2,MDR,3.3,0.59,RC-CARD-2025,,
FEE-0854,PAY-0854,MDR,3.33,0.6,RC-UPI-2025,,
FEE-0855,PAY-0855,MDR,38.41,6.91,RC-CARD-2025,,
FEE-0856,PAY-0856,MDR,12.0,2.16,RC-NB-2025,,
FEE-0857,PAY-0857,MDR,4.22,0.76,RC-UPI-2025,,
FEE-0858,PAY-0858,MDR,33.05,5.95,RC-CARD-2025,,
FEE-0859,PAY-0859,MDR,3.19,0.57,RC-UPI-2025,,
FEE-0860,PAY-0860,MDR,18.66,3.36,RC-UPI-2025,,
FEE-0861,PAY-0861,MDR,6.67,1.2,RC-UPI-2025,,
FEE-0862,PAY-0862,MDR,36.25,6.52,RC-EMI-2025,,
FEE-0863,PAY-0863,MDR,1.2,0.22,RC-UPI-2025,,
FEE-0864,PAY-0864,MDR,9.04,1.63,RC-UPI-2025,,
FEE-0865,PAY-0865,MDR,23.45,4.22,RC-CARD-2025,,
FEE-0866,PAY-0866,MDR,9.11,1.64,RC-UPI-2025,,
FEE-0867,PAY-0867,MDR,114.05,20.53,RC-CARD-2025,,
FEE-0868,PAY-0868,MDR,6.12,1.1,RC-UPI-2025,,
FEE-0869,PAY-0869,MDR,12.0,2.16,RC-NB-2025,,
FEE-0870,PAY-0870,MDR,6.88,1.24,RC-CARD-2025,,
FEE-0871,PAY-0871,MDR,176.27,31.73,RC-CARD-2025,,
FEE-0872,PAY-0872,MDR,5.98,1.08,RC-CARD-2025,,
FEE-0873,PAY-0873,MDR,14.63,2.63,RC-UPI-2025,,
FEE-0874,PAY-0874,MDR,5.98,1.08,RC-CARD-2025,,
FEE-0875,PAY-0875,MDR,7.41,1.33,RC-UPI-2025,,
FEE-0876,PAY-0876,MDR,2.72,0.49,RC-UPI-2025,,
FEE-0877,PAY-0877,MDR,16.82,3.03,RC-CARD-2025,,
FEE-0878,PAY-0878,MDR,16.13,2.9,RC-CARD-2025,,
FEE-0879,PAY-0879,MDR,5.98,1.08,RC-CARD-2025,,
FEE-0880,PAY-0880,MDR,7.62,1.37,RC-CARD-2025,,
FEE-0881,PAY-0881,MDR,12.28,2.21,RC-UPI-2025,,
FEE-0882,PAY-0882,MDR,1.2,0.22,RC-UPI-2025,,
FEE-0883,PAY-0883,MDR,22.71,4.09,RC-CARD-2025,,
FEE-0883-2,PAY-0883-2,MDR,15.14,2.73,RC-CARD-2025,,
FEE-0884,PAY-0884,MDR,122.18,21.99,RC-CARD-2025,,
FEE-0884-D,PAY-0884,MDR,122.18,21.99,RC-CARD-2025,,
FEE-0885,PAY-0885,MDR,5.98,1.08,RC-CARD-2025,,
FEE-0886,PAY-0886,MDR,783.91,141.1,RC-WALLET-2025,,
FEE-0887,PAY-0887,MDR,8.66,1.56,RC-CARD-2025,,
FEE-0888,PAY-0888,MDR,125.06,22.51,RC-EMI-2025,,
FEE-0889,PAY-0889,MDR,44.29,7.97,RC-CARD-2025,,
FEE-0890,PAY-0890,MDR,5.98,1.08,RC-CARD-2025,,
FEE-0891,PAY-0891,MDR,31.9,5.74,RC-UPI-2025,,
FEE-0892,PAY-0892,MDR,40.87,7.36,RC-CARD-2025,,
FEE-0893,PAY-0893,MDR,26.12,4.7,RC-CARD-2025,,
FEE-0894,PAY-0894,MDR,1.2,0.22,RC-UPI-2025,,
FEE-0895,PAY-0895,MDR,27.58,4.96,RC-WALLET-2025,,
FEE-0896,PAY-0896,MDR,2.33,0.42,RC-UPI-2025,,
FEE-0897,PAY-0897,MDR,13.3,2.39,RC-UPI-2025,,
FEE-0898,PAY-0898,MDR,16.81,3.03,RC-EMI-2025,,
FEE-0899,PAY-0899,MDR,1.2,0.22,RC-UPI-2025,,
FEE-0900,PAY-0900,MDR,17.19,3.09,RC-UPI-2025,,
FEE-0901,PAY-0901,MDR,39.07,7.03,RC-EMI-2025,,
FEE-0902,PAY-0902,MDR,3.34,0.6,RC-UPI-2025,,
FEE-0902-D,PAY-0902,MDR,3.34,0.6,RC-UPI-2025,,
FEE-0903,PAY-0903,MDR,5.98,1.08,RC-CARD-2025,,
FEE-0904,PAY-0904,MDR,36.87,6.64,RC-CARD-2025,,
FEE-0905,PAY-0905,MDR,38.38,6.91,RC-CARD-2025,,
FEE-0906,PAY-0906,MDR,7.75,1.4,RC-UPI-2025,,
FEE-0907,PAY-0907,MDR,29.15,5.25,RC-CARD-2025,,
FEE-0908,PAY-0908,MDR,5.98,1.08,RC-CARD-2025,,
FEE-0909,PAY-0909,MDR,12.0,2.16,RC-NB-2025,,
FEE-0910,PAY-0910,MDR,10.87,1.96,RC-CARD-2025,,
FEE-0911,PAY-0911,MDR,206.51,37.17,RC-CARD-2025,,
FEE-0912,PAY-0912,MDR,7.29,1.31,RC-CARD-2025,,
FEE-0914,PAY-0914,MDR,11.67,2.1,RC-CARD-2025,,
FEE-0915,PAY-0915,MDR,251.07,45.19,RC-CARD-2025,,
FEE-0916,PAY-0916,MDR,23.61,4.25,RC-CARD-2025,,
FEE-0917,PAY-0917,MDR,8.12,1.46,RC-UPI-2025,,
FEE-0919,PAY-0919,MDR,22.56,4.06,RC-CARD-2025,,
FEE-0920,PAY-0920,MDR,9.69,1.74,RC-CARD-2025,,
FEE-0921,PAY-0921,MDR,0.72,0.13,RC-UPI-2025,,
FEE-0921-2,PAY-0921-2,MDR,0.48,0.09,RC-UPI-2025,,
FEE-0922,PAY-0922,MDR,18.44,3.32,RC-CARD-2025,,
FEE-0923,PAY-0923,MDR,2.86,0.51,RC-UPI-2025,,
FEE-0923-2,PAY-0923-2,MDR,1.91,0.34,RC-UPI-2025,,
FEE-0924,PAY-0924,MDR,73.23,13.18,RC-CARD-2025,,
FEE-0925,PAY-0925,MDR,11.17,2.01,RC-UPI-2025,,
FEE-0926,PAY-0926,MDR,18.07,3.25,RC-CARD-2025,,
FEE-0927,PAY-0927,MDR,3.4,0.61,RC-UPI-2025,,
FEE-0928,PAY-0928,MDR,1.74,0.31,RC-UPI-2025,,
FEE-0929,PAY-0929,MDR,1.2,0.22,RC-UPI-2025,,
FEE-0930,PAY-0930,MDR,20.11,3.62,RC-CARD-2025,,
FEE-0931,PAY-0931,MDR,92.93,16.73,RC-CARD-2025,,
FEE-0932,PAY-0932,MDR,4.98,0.9,RC-UPI-2025,,
FEE-0933,PAY-0933,MDR,10.21,1.84,RC-UPI-2025,,
FEE-0934,PAY-0934,MDR,9.36,1.68,RC-WALLET-2025,,
FEE-0936,PAY-0936,MDR,51.38,9.25,RC-CARD-2025,,
FEE-0937,PAY-0937,MDR,3.93,0.71,RC-UPI-2025,,
FEE-0938,PAY-0938,MDR,3.55,0.64,RC-UPI-2025,,
FEE-0939,PAY-0939,MDR,1.2,0.22,RC-UPI-2025,,
FEE-0940,PAY-0940,MDR,5.97,1.07,RC-UPI-2025,,
FEE-0941,PAY-0941,MDR,12.0,2.16,RC-NB-2025,,
FEE-0942,PAY-0942,MDR,6.39,1.15,RC-UPI-2025,,
FEE-0943,PAY-0943,MDR,99.45,17.9,RC-CARD-2025,,
FEE-0944,PAY-0944,MDR,12.0,2.16,RC-NB-2025,,
FEE-0945,PAY-0945,MDR,28.07,5.05,RC-WALLET-2025,,
FEE-0946,PAY-0946,MDR,20.61,3.71,RC-CARD-2025,,
FEE-0947,PAY-0947,MDR,3.31,0.6,RC-UPI-2025,,
FEE-0948,PAY-0948,MDR,12.0,2.16,RC-NB-2025,,
FEE-0949,PAY-0949,MDR,93.22,16.78,RC-CARD-2025,,
FEE-0950,PAY-0950,MDR,18.52,3.33,RC-CARD-2025,,
FEE-0951,PAY-0951,MDR,8.75,1.57,RC-UPI-2025,,
FEE-0952,PAY-0952,MDR,80.9,14.56,RC-CARD-2025,,
FEE-0953,PAY-0953,MDR,8.32,1.5,RC-CARD-2025,,
FEE-0954,PAY-0954,MDR,24.31,4.38,RC-CARD-2025,,
FEE-0955,PAY-0955,MDR,19.29,3.47,RC-UPI-2025,,
FEE-0956,PAY-0956,MDR,2.95,0.53,RC-UPI-2025,,
FEE-0957,PAY-0957,MDR,12.0,2.16,RC-NB-2025,,
FEE-0958,PAY-0958,MDR,2.72,0.49,RC-UPI-2025,,
FEE-0959,PAY-0959,MDR,3.69,0.66,RC-UPI-2025,,
FEE-0960,PAY-0960,MDR,10.05,1.81,RC-CARD-2025,,
FEE-0961,PAY-0961,MDR,28.38,5.11,RC-CARD-2025,,
FEE-0962,PAY-0962,MDR,189.12,34.04,RC-EMI-2025,,
FEE-0963,PAY-0963,MDR,6.56,1.18,RC-CARD-2025,,
FEE-0964,PAY-0964,MDR,24.72,4.45,RC-CARD-2025,,
FEE-0965,PAY-0965,MDR,23.97,4.31,RC-CARD-2025,,
FEE-0966,PAY-0966,MDR,142.17,25.59,RC-CARD-2025,,
FEE-0967,PAY-0967,MDR,4.12,0.74,RC-UPI-2025,,
FEE-0968,PAY-0968,MDR,32.12,5.78,RC-UPI-2025,,
FEE-0969,PAY-0969,MDR,1.2,0.22,RC-UPI-2025,,
FEE-0970,PAY-0970,MDR,2.01,0.36,RC-UPI-2025,,
FEE-0971,PAY-0971,MDR,5.34,0.96,RC-UPI-2025,,
FEE-0972,PAY-0972,MDR,24.92,4.49,RC-CARD-2025,,
FEE-0973,PAY-0973,MDR,17.8,3.2,RC-EMI-2025,,
FEE-0974,PAY-0974,MDR,66.11,11.9,RC-WALLET-2025,,
FEE-0975,PAY-0975,MDR,15.97,2.87,RC-CARD-2025,,
FEE-0976,PAY-0976,MDR,45.09,8.12,RC-WALLET-2025,,
FEE-0977,PAY-0977,MDR,42.21,7.6,RC-WALLET-2025,,
FEE-0978,PAY-0978,MDR,23.56,4.24,RC-CARD-2025,,
FEE-0979,PAY-0979,MDR,12.0,2.16,RC-NB-2025,,
FEE-0980,PAY-0980,MDR,136.58,24.58,RC-CARD-2025,,
FEE-0981,PAY-0981,MDR,12.0,2.16,RC-NB-2025,,
FEE-0982,PAY-0982,MDR,12.0,2.16,RC-NB-2025,,
FEE-0983,PAY-0983,MDR,12.0,2.16,RC-NB-2025,,
FEE-0984,PAY-0984,MDR,58.17,10.47,RC-UPI-2025,,
FEE-0985,PAY-0985,MDR,27.34,4.92,RC-WALLET-2025,,
FEE-0986,PAY-0986,MDR,36.18,6.51,RC-EMI-2025,,
FEE-0988,PAY-0988,MDR,8.64,1.56,RC-CARD-2025,,
FEE-0989,PAY-0989,MDR,11.06,1.99,RC-CARD-2025,,
FEE-0990,PAY-0990,MDR,28.85,5.19,RC-CARD-2025,,
FEE-0990-D,PAY-0990,MDR,28.85,5.19,RC-CARD-2025,,
FEE-0991,PAY-0991,MDR,27.24,4.9,RC-CARD-2025,,
FEE-0992,PAY-0992,MDR,12.0,2.16,RC-NB-2025,,
FEE-0994,PAY-0994,MDR,5.98,1.08,RC-CARD-2025,,
FEE-0995,PAY-0995,MDR,30.92,5.57,RC-CARD-2025,,
FEE-0996,PAY-0996,MDR,6.42,1.16,RC-UPI-2025,,
FEE-0997,PAY-0997,MDR,5.68,1.02,RC-WALLET-2025,,
FEE-0998,PAY-0998,MDR,12.0,2.16,RC-NB-2025,,
FEE-0999,PAY-0999,MDR,9.56,1.72,RC-CARD-2025,,
FEE-1000,PAY-1000,MDR,14.6,2.63,RC-EMI-2025,,
FEE-9001,PAY-9001,MDR,200.00,36.00,RC-CARD-2025,,RAZORPAY
