payment_id,order_id,gateway_payment_id,amount,method,status,currency,captured_at,settled,source
PAY-0001,ORD-1,pay_000001axkkkk,1230.45,CARD,CAPTURED,,2025-01-05T00:17:00Z,,
PAY-0002,ORD-2,pay_000002axkkkkkkkk,1043.57,UPI,CAPTURED,,2025-01-05T04:01:04Z,,
PAY-0003,ORD-3,pay_000003axkkkkk,2730.41,CARD,CAPTURED,,2025-01-05T00:55:32Z,,
PAY-0004,ORD-4,pay_000004axkkkkkk,614.19,UPI,CAPTURED,,2025-01-05T02:02:16Z,,
PAY-0005,ORD-5,pay_000005axkkkkkkk,299.0,CARD,CAPTURED,,2025-01-05T10:40:28Z,,
PAY-0006,ORD-6,pay_000006axkkkkkkkk,1141.49,UPI,CAPTURED,,2025-01-05T08:10:34Z,,
PAY-0007,ORD-7,pay_000007axkkkkk,4944.97,UPI,CAPTURED,,2025-01-05T09:40:58Z,,
PAY-0008,ORD-8,pay_000008axkkkk,428.95,CARD,CAPTURED,,2025-01-05T11:35:01Z,,
PAY-0009,ORD-9,pay_000009axkkkkkkkkk,648.52,UPI,CAPTURED,,2025-01-05T12:35:11Z,,
PAY-0010,ORD-10,pay_000010axkkkkk,674.79,UPI,CAPTURED,,2025-01-05T19:55:03Z,,
PAY-0011,ORD-11,pay_000011axkkkkkkkkkk,302.13,CARD,CAPTURED,,2025-01-05T16:05:42Z,,
PAY-0012,ORD-12,pay_000012axkkkkk,1992.45,CARD,CAPTURED,,2025-01-05T23:03:10Z,,
PAY-0013,ORD-13,pay_000013axkkkk,712.3,UPI,CAPTURED,,2025-01-06T01:42:59Z,,
PAY-0014,ORD-14,pay_000014axkkkkk,1511.29,CARD,CAPTURED,,2025-01-06T01:48:11Z,,
PAY-0015,ORD-15,pay_000015axkkkk,522.09,NETBANKING,CAPTURED,,2025-01-05T23:28:42Z,,
PAY-0016,ORD-16,pay_000016axkkkkk,1062.01,CARD,CAPTURED,,2025-01-06T05:59:35Z,,
PAY-0017,ORD-17,pay_000017axkkkk,394.13,CARD,CAPTURED,,2025-01-06T06:18:23Z,,
PAY-0018,ORD-18,pay_000018axkkkkk,390.76,NETBANKING,CAPTURED,,2025-01-06T04:46:12Z,,
PAY-0019,ORD-19,pay_000019axkkkkk,1922.78,CARD,CAPTURED,,2025-01-06T06:35:59Z,,
PAY-0020,ORD-20,pay_000020axkkkkkkkkkk,1495.96,NETBANKING,CAPTURED,,2025-01-06T09:06:46Z,,
PAY-0021,ORD-21,pay_000021axkkkk,386.48,CARD,CAPTURED,,2025-01-06T12:00:52Z,,
PAY-0022,ORD-22,pay_000022axkkkkk,646.09,CARD,CAPTURED,,2025-01-06T14:05:24Z,,
PAY-0023,ORD-23,pay_000023axkkkkkkkkk,2138.65,UPI,CAPTURED,,2025-01-06T18:33:12Z,,
PAY-0024,ORD-24,pay_000024axkkkkkkkkk,20063.33,CARD,CAPTURED,,2025-01-06T21:15:51Z,,
PAY-0025,ORD-25,pay_000025axkkkkkkkk,2913.59,CARD,CAPTURED,,2025-01-06T17:54:27Z,,
PAY-0026,ORD-26,pay_000026axkkkkkk,609.38,CARD,CAPTURED,,2025-01-07T00:41:20Z,,
PAY-0027,ORD-27,pay_000027axkkkkkk,918.18,UPI,CAPTURED,,2025-01-06T23:14:18Z,,
PAY-0028,ORD-28,pay_000028axkkkk,4571.73,CARD,CAPTURED,,2025-01-07T06:01:37Z,,
PAY-0029,ORD-29,pay_000029axkkkkkkk,2630.34,UPI,CAPTURED,,2025-01-07T07:20:23Z,,
PAY-0030,ORD-30,pay_000030axkkkkkkk,590.71,CARD,CAPTURED,,2025-01-07T09:31:21Z,,
PAY-0031,ORD-31,pay_000031axkkkkkkkk,767.46,CARD,CAPTURED,,2025-01-07T10:09:48Z,,
PAY-0032,ORD-32,pay_000032axkkkkkkkk,3860.33,UPI,CAPTURED,,2025-01-07T10:52:11Z,,
PAY-0033,ORD-33,pay_000033axkkkkk,4557.52,CARD,CAPTURED,,2025-01-07T10:59:20Z,,
PAY-0034,ORD-34,pay_000034axkkkkkk,1253.66,UPI,CAPTURED,,2025-01-07T14:57:09Z,,
PAY-0035,ORD-35,pay_000035axkkkkkkkkkk,1094.66,UPI,CAPTURED,,2025-01-07T18:05:31Z,,
PAY-0036,ORD-36,pay_000036axkkkkkk,4333.42,UPI,CAPTURED,,2025-01-07T17:12:30Z,,
PAY-0037,ORD-37,pay_000037axkkkk,1423.49,CARD,CAPTURED,,2025-01-07T23:56:30Z,,
PAY-0038,ORD-38,pay_000038axkkkkkkk,4377.35,CARD,CAPTURED,,2025-01-08T02:22:05Z,,
PAY-0039,ORD-39,pay_000039axkkkk,308.08,CARD,CAPTURED,,2025-01-07T20:16:44Z,,
PAY-0040,ORD-40,pay_000040axkkkkkkkkk,393.21,EMI,CAPTURED,,2025-01-08T04:58:28Z,,
PAY-0041,ORD-41,pay_000041axkkkkkk,1838.76,UPI,CAPTURED,,2025-01-08T07:32:02Z,,
PAY-0042,ORD-42,pay_000042axkkkk,299.0,NETBANKING,CAPTURED,,2025-01-08T03:20:00Z,,
PAY-0043,ORD-43,pay_000043axkkkkkkkk,456.96,CARD,CAPTURED,,2025-01-08T10:10:58Z,,
PAY-0044,ORD-44,pay_000044axkkkkkk,912.64,WALLET,CAPTURED,,2025-01-08T09:36:22Z,,
PAY-0045,ORD-45,pay_000045axkkkkkkkkkk,976.98,UPI,CAPTURED,,2025-01-08T10:45:16Z,,
PAY-0046,ORD-46,pay_000046axkkkkk,179.4,CARD,CAPTURED,,2025-01-08T12:14:04Z,,
PAY-0046-2,ORD-46,pay_000046bxkkkkkk,119.6,CARD,CAPTURED,,2025-01-08T11:57:04Z,,
PAY-0047,ORD-47,pay_000047axkkkkkkkkkk,3665.08,UPI,CAPTURED,,2025-01-08T12:56:05Z,,
PAY-0048,ORD-48,pay_000048axkkkkkkkkkk,3671.68,NETBANKING,CAPTURED,,2025-01-08T15:10:39Z,,
PAY-0048-2,ORD-48,pay_000048bxkkkkkkk,2447.79,NETBANKING,CAPTURED,,2025-01-08T15:26:39Z,,
PAY-0049,ORD-49,pay_000049axkkkkkkkkk,785.78,EMI,CAPTURED,,2025-01-08T22:09:54Z,,
PAY-0050,ORD-50,pay_000050axkkkkkkkk,831.75,UPI,CAPTURED,,2025-01-08T20:21:38Z,,
PAY-0051,ORD-51,pay_000051axkkkkkkk,357.66,EMI,CAPTURED,,2025-01-08T20:00:30Z,,
PAY-0052,ORD-52,pay_000052axkkkkk,801.73,WALLET,CAPTURED,,2025-01-08T21:52:13Z,,
PAY-0053,ORD-53,pay_000053axkkkkkkk,1334.35,UPI,CAPTURED,,2025-01-09T02:26:55Z,,
PAY-0054,ORD-54,pay_000054axkkkkkkkk,964.05,WALLET,CAPTURED,,2025-01-09T01:33:07Z,,
PAY-0055,ORD-55,pay_000055axkkkkkkkkkk,606.49,CARD,CAPTURED,,2025-01-09T05:57:14Z,,
PAY-0056,ORD-56,pay_000056axkkkkkkk,2075.36,CARD,CAPTURED,,2025-01-09T12:18:53Z,,
PAY-0057,ORD-57,pay_000057axkkkk,333.64,CARD,CAPTURED,,2025-01-09T09:43:46Z,,
PAY-0058,ORD-58,pay_000058axkkkkk,4216.65,UPI,CAPTURED,,2025-01-09T13:51:30Z,,
PAY-0059,ORD-59,pay_000059axkkkkk,2067.73,CARD,CAPTURED,,2025-01-09T12:42:08Z,,
PAY-0060,ORD-60,pay_000060axkkkkk,349.93,WALLET,CAPTURED,,2025-01-09T19:35:20Z,,
PAY-0061,ORD-61,pay_000061axkkkkkkk,1629.32,EMI,CAPTURED,,2025-01-09T14:26:08Z,,
PAY-0062,ORD-62,pay_000062axkkkkkkkkk,15444.46,NETBANKING,CAPTURED,,2025-01-09T22:42:49Z,,
PAY-0063,ORD-63,pay_000063axkkkkkkkkk,1481.53,NETBANKING,CAPTURED,,2025-01-09T22:11:04Z,,
PAY-0064,ORD-64,pay_000064axkkkkk,4977.65,CARD,CAPTURED,,2025-01-10T00:29:54Z,,
PAY-0065,ORD-65,pay_000065axkkkkk,1610.84,WALLET,CAPTURED,,2025-01-09T22:46:05Z,,
PAY-0066,ORD-66,pay_000066axkkkkkk,385.94,CARD,CAPTURED,,2025-01-10T03:05:31Z,,
PAY-0067,ORD-67,pay_000067axkkkkkkkkkk,3204.83,CARD,CAPTURED,,2025-01-10T02:12:42Z,,
PAY-0068,ORD-68,pay_000068axkkkk,299.0,NETBANKING,CAPTURED,,2025-01-10T08:16:01Z,,
PAY-0069,ORD-69,pay_000069axkkkk,3083.47,CARD,CAPTURED,,2025-01-10T07:56:31Z,,
PAY-0070,ORD-70,pay_000070axkkkkkk,11560.59,EMI,CAPTURED,,2025-01-10T14:44:14Z,,
PAY-0071,ORD-71,pay_000071axkkkkkkkk,1232.19,NETBANKING,CAPTURED,,2025-01-10T14:44:29Z,,
PAY-0072,ORD-72,pay_000072axkkkkkkkkk,857.59,UPI,CAPTURED,,2025-01-10T16:37:49Z,,
PAY-0073,ORD-73,pay_000073axkkkkk,5330.08,CARD,CAPTURED,,2025-01-10T20:44:31Z,,
PAY-0074,ORD-74,pay_000074axkkkkkkkk,1734.26,UPI,CAPTURED,,2025-01-10T17:58:17Z,,
PAY-0075,ORD-75,pay_000075axkkkkkkk,391.54,CARD,CAPTURED,,2025-01-10T21:56:58Z,,
PAY-0076,ORD-76,pay_000076axkkkkkkkkk,625.05,UPI,CAPTURED,,2025-01-10T20:08:32Z,,
PAY-0077,ORD-77,pay_000077axkkkkkkk,5255.18,UPI,CAPTURED,,2025-01-11T02:51:11Z,,
PAY-0078,ORD-78,pay_000078axkkkkkkkkkk,439.63,CARD,CAPTURED,,2025-01-10T22:52:16Z,,
PAY-0079,ORD-79,pay_000079axkkkkkkkk,299.0,CARD,CAPTURED,,2025-01-11T00:41:10Z,,
PAY-0080,ORD-80,pay_000080axkkkkkkkkk,2092.2,CARD,CAPTURED,,2025-01-11T08:03:10Z,,
PAY-0081,ORD-81,pay_000081axkkkk,648.47,UPI,CAPTURED,,2025-01-11T06:02:21Z,,
PAY-0082,ORD-82,pay_000082axkkkkkkkkk,1392.9,NETBANKING,CAPTURED,,2025-01-11T13:03:58Z,,
PAY-0083,ORD-83,pay_000083axkkkk,3983.74,CARD,CAPTURED,,2025-01-11T10:22:41Z,,
PAY-0084,ORD-84,pay_000084axkkkkkkkkkk,1575.92,EMI,CAPTURED,,2025-01-11T10:33:05Z,,
PAY-0085,ORD-85,pay_000085axkkkkkkkk,329.02,CARD,CAPTURED,,2025-01-11T19:23:31Z,,
PAY-0086,ORD-86,pay_000086axkkkkkk,344.46,CARD,CAPTURED,,2025-01-11T15:33:24Z,,
PAY-0087,ORD-87,pay_000087axkkkkkkkkk,3077.56,UPI,CAPTURED,,2025-01-11T23:21:21Z,,
PAY-0088,ORD-88,pay_000088axkkkk,4378.31,CARD,CAPTURED,,2025-01-11T18:11:10Z,,
PAY-0089,ORD-89,pay_000089axkkkkk,3273.01,CARD,CAPTURED,,2025-01-11T22:39:29Z,,
PAY-0090,ORD-90,pay_000090axkkkk,1355.41,WALLET,CAPTURED,,2025-01-11T23:44:34Z,,
PAY-0091,ORD-91,pay_000091axkkkkkkk,2039.25,UPI,CAPTURED,,2025-01-12T03:01:15Z,,
PAY-0092,ORD-92,pay_000092axkkkkkkkkkk,1358.15,UPI,CAPTURED,,2025-01-12T06:35:41Z,,
PAY-0093,ORD-93,pay_000093axkkkkkkkk,5011.47,UPI,CAPTURED,,2025-01-12T10:15:55Z,,
PAY-0094,ORD-94,pay_000094axkkkkkkkk,524.92,UPI,CAPTURED,,2025-01-12T08:02:30Z,,
PAY-0095,ORD-95,pay_000095axkkkkkkkkkk,673.11,UPI,CAPTURED,,2025-01-12T07:53:57Z,,
PAY-0096,ORD-96,pay_000096axkkkkkk,10810.38,CARD,CAPTURED,,2025-01-12T11:46:11Z,,
PAY-0097,ORD-97,pay_000097axkkkkkkkkk,1540.37,EMI,CAPTURED,,2025-01-12T13:43:54Z,,
PAY-0098,ORD-98,pay_000098axkkkk,1453.94,UPI,CAPTURED,,2025-01-12T14:17:10Z,,
PAY-0099,ORD-99,pay_000099axkkkkkk,630.22,CARD,CAPTURED,,2025-01-12T20:20:38Z,,
PAY-0100,ORD-100,pay_000100axkkkk,2198.32,CARD,CAPTURED,,2025-01-12T18:32:18Z,,
PAY-0101,ORD-101,pay_000101axkkkkkk,2159.58,NETBANKING,CAPTURED,,2025-01-13T00:18:40Z,,
PAY-0102,ORD-102,pay_000102axkkkkkkk,2473.01,WALLET,CAPTURED,,2025-01-13T01:55:33Z,,
PAY-0103,ORD-103,pay_000103axkkkkk,3544.27,NETBANKING,CAPTURED,,2025-01-13T03:32:02Z,,
PAY-0104,ORD-104,pay_000104axkkkk,893.19,UPI,CAPTURED,,2025-01-13T00:13:59Z,,
PAY-0105,ORD-105,pay_000105axkkkkkkkkkk,454.23,CARD,CAPTURED,,2025-01-13T07:06:32Z,,
PAY-0106,ORD-106,pay_000106axkkkkk,3485.26,CARD,CAPTURED,,2025-01-13T09:23:31Z,,
PAY-0107,ORD-107,pay_000107axkkkk,920.72,CARD,CAPTURED,,2025-01-13T06:52:04Z,,
PAY-0108,ORD-108,pay_000108axkkkkkk,324.68,CARD,CAPTURED,,2025-01-13T12:02:12Z,,
PAY-0109,ORD-109,pay_000109axkkkkkk,1179.94,UPI,CAPTURED,,2025-01-13T15:37:34Z,,
PAY-0110,ORD-110,pay_000110axkkkkk,698.94,CARD,CAPTURED,,2025-01-13T13:08:56Z,,
PAY-0111,ORD-111,pay_000111axkkkkkk,428.61,CARD,CAPTURED,,2025-01-13T14:17:21Z,,
PAY-0112,ORD-112,pay_000112axkkkkkkk,1757.72,UPI,CAPTURED,,2025-01-13T19:02:27Z,,
PAY-0113,ORD-113,pay_000113axkkkk,1016.83,CARD,CAPTURED,,2025-01-13T20:19:05Z,,
PAY-0114,ORD-114,pay_000114axkkkk,2103.02,UPI,CAPTURED,,2025-01-13T21:15:09Z,,
PAY-0115,ORD-115,pay_000115axkkkkkkkkk,872.61,EMI,CAPTURED,,2025-01-14T02:22:08Z,,
PAY-0116,ORD-116,pay_000116axkkkk,357.25,NETBANKING,CAPTURED,,2025-01-14T04:51:18Z,,
PAY-0117,ORD-117,pay_000117axkkkkkkkkk,1942.76,WALLET,CAPTURED,,2025-01-14T05:21:32Z,,
PAY-0118,ORD-118,pay_000118axkkkkkkkk,299.0,UPI,CAPTURED,,2025-01-14T04:07:10Z,,
PAY-0119,ORD-119,pay_000119axkkkk,2312.53,CARD,CAPTURED,,2025-01-14T10:16:00Z,,
PAY-0120,ORD-120,pay_000120axkkkkk,4288.54,CARD,CAPTURED,,2025-01-14T08:53:05Z,,
PAY-0121,ORD-121,pay_000121axkkkk,947.88,UPI,CAPTURED,,2025-01-14T15:33:09Z,,
PAY-0122,ORD-122,pay_000122axkkkkkk,1512.62,WALLET,CAPTURED,,2025-01-14T16:43:20Z,,
PAY-0123,ORD-123,pay_000123axkkkkkkkkkk,609.05,EMI,CAPTURED,,2025-01-14T18:38:23Z,,
PAY-0124,ORD-124,pay_000124axkkkkkk,1418.24,CARD,CAPTURED,,2025-01-14T13:58:01Z,,
PAY-0125,ORD-125,pay_000125axkkkkkkkk,5798.86,UPI,CAPTURED,,2025-01-14T17:27:26Z,,
PAY-0126,ORD-126,pay_000126axkkkkkkkkk,1289.58,UPI,CAPTURED,,2025-01-15T00:51:02Z,,
PAY-0127,ORD-127,pay_000127axkkkkk,686.49,CARD,CAPTURED,,2025-01-14T19:40:37Z,,
PAY-0128,ORD-128,pay_000128axkkkkkkk,502.2,CARD,CAPTURED,,2025-01-15T04:24:37Z,,
PAY-0129,ORD-129,pay_000129axkkkkk,1501.19,UPI,CAPTURED,,2025-01-15T01:55:07Z,,
PAY-0130,ORD-130,pay_000130axkkkkkkkk,1545.53,CARD,CAPTURED,,2025-01-15T04:46:48Z,,
PAY-0131,ORD-131,pay_000131axkkkk,1304.1,CARD,CAPTURED,,2025-01-15T05:23:49Z,,
PAY-0132,ORD-132,pay_000132axkkkkkkkkk,535.76,UPI,CAPTURED,,2025-01-15T05:20:36Z,,
PAY-0133,ORD-133,pay_000133axkkkkkkkk,1980.4,CARD,CAPTURED,,2025-01-15T08:34:34Z,,
PAY-0134,ORD-134,pay_000134axkkkkkkk,378.73,CARD,CAPTURED,,2025-01-15T13:41:58Z,,
PAY-0136,ORD-136,pay_000136axkkkkkkk,325.03,CARD,CAPTURED,,2025-01-15T18:48:02Z,,
PAY-0137,ORD-137,pay_000137axkkkkk,312.57,CARD,CAPTURED,,2025-01-15T17:14:41Z,,
PAY-0138,ORD-138,pay_000138axkkkkkkkkkk,2143.47,CARD,CAPTURED,,2025-01-15T18:12:50Z,,
PAY-0139,ORD-139,pay_000139axkkkkkkk,469.85,CARD,CAPTURED,,2025-01-16T00:06:32Z,,
PAY-0140,ORD-140,pay_000140axkkkkkk,585.99,NETBANKING,CAPTURED,,2025-01-16T00:41:06Z,,
PAY-0141,ORD-141,pay_000141axkkkkkkkk,2858.22,UPI,CAPTURED,,2025-01-16T01:24:24Z,,
PAY-0142,ORD-142,pay_000142axkkkkkk,582.38,UPI,CAPTURED,,2025-01-16T05:42:16Z,,
PAY-0143,ORD-143,pay_000143axkkkkkkkk,2065.01,CARD,CAPTURED,,2025-01-16T05:56:40Z,,
PAY-0144,ORD-144,pay_000144axkkkkkkkkk,2415.57,UPI,CAPTURED,,2025-01-16T04:57:58Z,,
PAY-0145,ORD-145,pay_000145axkkkkkkkk,355.6,NETBANKING,CAPTURED,,2025-01-16T07:54:29Z,,
PAY-0146,ORD-146,pay_000146axkkkkkkk,853.27,NETBANKING,CAPTURED,,2025-01-16T08:40:57Z,,
PAY-0147,ORD-147,pay_000147axkkkkkk,872.37,EMI,CAPTURED,,2025-01-16T11:39:16Z,,
PAY-0148,ORD-148,pay_000148axkkkk,466.29,UPI,CAPTURED,,2025-01-16T17:50:18Z,,
PAY-0148-2,ORD-148,pay_000148bxkkkkkkk,310.86,UPI,CAPTURED,,2025-01-16T18:05:18Z,,
PAY-0149,ORD-149,pay_000149axkkkkkk,1657.67,NETBANKING,CAPTURED,,2025-01-16T18:11:54Z,,
PAY-0150,ORD-150,pay_000150axkkkkkk,602.34,UPI,CAPTURED,,2025-01-16T19:43:33Z,,
PAY-0151,ORD-151,pay_000151axkkkkkkkkk,411.27,UPI,CAPTURED,,2025-01-16T19:12:33Z,,
PAY-0152,ORD-152,pay_000152axkkkkkkkkkk,2916.75,CARD,CAPTURED,,2025-01-17T01:34:55Z,,
PAY-0153,ORD-153,pay_000153axkkkkkkk,1312.28,UPI,CAPTURED,,2025-01-17T01:53:04Z,,
PAY-0154,ORD-154,pay_000154axkkkkkkkk,1286.51,CARD,CAPTURED,,2025-01-17T02:22:40Z,,
PAY-0155,ORD-155,pay_000155axkkkk,299.0,EMI,CAPTURED,,2025-01-17T05:48:15Z,,
PAY-0156,ORD-156,pay_000156axkkkk,757.98,UPI,CAPTURED,,2025-01-17T06:05:34Z,,
PAY-0157,ORD-157,pay_000157axkkkkk,834.64,CARD,CAPTURED,,2025-01-17T07:36:00Z,,
PAY-0158,ORD-158,pay_000158axkkkkkk,6973.45,UPI,CAPTURED,,2025-01-17T08:14:57Z,,
PAY-0159,ORD-159,pay_000159axkkkkkkkkk,2181.25,CARD,CAPTURED,,2025-01-17T09:21:36Z,,
PAY-0160,ORD-160,pay_000160axkkkkkkkk,1049.19,EMI,CAPTURED,,2025-01-17T14:36:12Z,,
PAY-0161,ORD-161,pay_000161axkkkkk,592.5,NETBANKING,CAPTURED,,2025-01-17T16:22:20Z,,
PAY-0161-2,ORD-161,pay_000161bxkkkkkkkkk,395.0,NETBANKING,CAPTURED,,2025-01-17T16:19:20Z,,
PAY-0162,ORD-162,pay_000162axkkkk,679.67,WALLET,CAPTURED,,2025-01-17T14:27:19Z,,
PAY-0163,ORD-163,pay_000163axkkkkkkk,299.0,UPI,CAPTURED,,2025-01-17T22:37:19Z,,
PAY-0164,ORD-164,pay_000164axkkkkkkkkk,299.0,WALLET,CAPTURED,,2025-01-17T18:01:09Z,,
PAY-0165,ORD-165,pay_000165axkkkkk,3505.32,UPI,CAPTURED,,2025-01-18T03:10:34Z,,
PAY-0166,ORD-166,pay_000166axkkkkkkkk,338.42,UPI,CAPTURED,,2025-01-17T22:13:03Z,,
PAY-0167,ORD-167,pay_000167axkkkkk,299.0,UPI,CAPTURED,,2025-01-18T00:32:31Z,,
PAY-0168,ORD-168,pay_000168axkkkkk,457.56,CARD,CAPTURED,,2025-01-18T06:46:36Z,,
PAY-0169,ORD-169,pay_000169axkkkkkkkkkk,1623.13,CARD,CAPTURED,,2025-01-18T04:32:10Z,,
PAY-0170,ORD-170,pay_000170axkkkkkkkk,299.0,CARD,CAPTURED,,2025-01-18T12:01:15Z,,
PAY-0171,ORD-171,pay_000171axkkkk,2427.91,CARD,CAPTURED,,2025-01-18T13:03:11Z,,
PAY-0172,ORD-172,pay_000172axkkkkkk,415.7,CARD,CAPTURED,,2025-01-18T12:23:58Z,,
PAY-0173,ORD-173,pay_000173axkkkkkkkkk,1575.12,CARD,CAPTURED,,2025-01-18T15:56:01Z,,
PAY-0174,ORD-174,pay_000174axkkkkkkkkkk,691.35,CARD,CAPTURED,,2025-01-18T12:56:51Z,,
PAY-0175,ORD-175,pay_000175axkkkkkkkkkk,299.0,UPI,CAPTURED,,2025-01-18T17:45:11Z,,
PAY-0176,ORD-176,pay_000176axkkkkkkkkkk,3508.4,CARD,CAPTURED,,2025-01-18T19:45:19Z,,
PAY-0177,ORD-177,pay_000177axkkkkkk,2544.86,EMI,CAPTURED,,2025-01-18T23:39:14Z,,
PAY-0178,ORD-178,pay_000178axkkkkkkkkkk,3660.55,WALLET,CAPTURED,,2025-01-19T00:19:17Z,,
PAY-0179,ORD-179,pay_000179axkkkkkkk,2191.5,EMI,CAPTURED,,2025-01-19T02:58:30Z,,
PAY-0180,ORD-180,pay_000180axkkkkkkkkkk,330.43,UPI,CAPTURED,,2025-01-19T02:11:43Z,,
PAY-0181,ORD-181,pay_000181axkkkkkkkkkk,299.87,WALLET,CAPTURED,,2025-01-19T06:52:25Z,,
PAY-0182,ORD-182,pay_000182axkkkk,17112.73,UPI,CAPTURED,,2025-01-19T11:38:16Z,,
PAY-0183,ORD-183,pay_000183axkkkkkkkkk,829.96,CARD,CAPTURED,,2025-01-19T05:47:18Z,,
PAY-0184,ORD-184,pay_000184axkkkk,1376.44,NETBANKING,CAPTURED,,2025-01-19T13:41:26Z,,
PAY-0185,ORD-185,pay_000185axkkkkkkkkkk,3796.31,CARD,CAPTURED,,2025-01-19T15:48:23Z,,
PAY-0186,ORD-186,pay_000186axkkkkk,1153.56,CARD,CAPTURED,,2025-01-19T12:29:13Z,,
PAY-0187,ORD-187,pay_000187axkkkkkkk,1221.4,UPI,CAPTURED,,2025-01-19T19:16:50Z,,
PAY-0188,ORD-188,pay_000188axkkkkk,299.0,CARD,CAPTURED,,2025-01-19T19:52:39Z,,
PAY-0189,ORD-189,pay_000189axkkkkkkkk,2136.58,CARD,CAPTURED,,2025-01-19T23:55:21Z,,
PAY-0190,ORD-190,pay_000190axkkkkkkkkkk,1383.45,CARD,CAPTURED,,2025-01-19T21:10:52Z,,
PAY-0191,ORD-191,pay_000191axkkkkkkkk,1767.57,NETBANKING,CAPTURED,,2025-01-20T03:50:47Z,,
PAY-0192,ORD-192,pay_000192axkkkkkkkk,1061.49,CARD,CAPTURED,,2025-01-20T04:27:57Z,,
PAY-0193,ORD-193,pay_000193axkkkkkkkkkk,692.17,WALLET,CAPTURED,,2025-01-20T03:32:33Z,,
PAY-0194,ORD-194,pay_000194axkkkkkkkkk,597.27,UPI,CAPTURED,,2025-01-20T03:19:34Z,,
PAY-0195,ORD-195,pay_000195axkkkkkk,595.53,CARD,CAPTURED,,2025-01-20T07:04:48Z,,
PAY-0196,ORD-196,pay_000196axkkkkkk,565.93,EMI,CAPTURED,,2025-01-20T10:18:50Z,,
PAY-0197,ORD-197,pay_000197axkkkkkkkkk,5567.62,UPI,CAPTURED,,2025-01-20T09:29:38Z,,
PAY-0198,ORD-198,pay_000198axkkkkkkkkk,354.87,UPI,CAPTURED,,2025-01-20T14:16:56Z,,
PAY-0199,ORD-199,pay_000199axkkkkkk,981.13,UPI,CAPTURED,,2025-01-20T11:56:47Z,,
PAY-0200,ORD-200,pay_000200axkkkkkkk,6238.53,CARD,CAPTURED,,2025-01-20T20:28:15Z,,
PAY-0201,ORD-201,pay_000201axkkkkk,321.17,CARD,CAPTURED,,2025-01-20T23:42:05Z,,
PAY-0202,ORD-202,pay_000202axkkkkkkkkk,1839.35,UPI,CAPTURED,,2025-01-21T00:20:40Z,,
PAY-0203,ORD-203,pay_000203axkkkk,433.24,CARD,CAPTURED,,2025-01-20T22:05:21Z,,
PAY-0204,ORD-204,pay_000204axkkkkkk,364.58,CARD,CAPTURED,,2025-01-21T02:02:46Z,,
PAY-0205,ORD-205,pay_000205axkkkkkkkk,621.16,CARD,CAPTURED,,2025-01-21T06:24:23Z,,
PAY-0206,ORD-206,pay_000206axkkkkkkk,642.0,WALLET,CAPTURED,,2025-01-21T02:52:42Z,,
PAY-0207,ORD-207,pay_000207axkkkkkkkkkk,1129.96,CARD,CAPTURED,,2025-01-21T07:40:16Z,,
PAY-0208,ORD-208,pay_000208axkkkk,531.72,CARD,CAPTURED,,2025-01-21T06:07:59Z,,
PAY-0209,ORD-209,pay_000209axkkkkkkkkkk,6707.46,CARD,CAPTURED,,2025-01-21T14:51:10Z,,
PAY-0210,ORD-210,pay_000210axkkkkkkk,10718.16,EMI,CAPTURED,,2025-01-21T14:26:07Z,,
PAY-0211,ORD-211,pay_000211axkkkkkkkkk,299.0,CARD,CAPTURED,,2025-01-21T13:18:29Z,,
PAY-0212,ORD-212,pay_000212axkkkkkkkkk,371.15,CARD,CAPTURED,,2025-01-21T20:11:02Z,,
PAY-0213,ORD-213,pay_000213axkkkkkkkkk,857.35,CARD,CAPTURED,,2025-01-21T20:29:12Z,,
PAY-0214,ORD-214,pay_000214axkkkkk,1730.38,NETBANKING,CAPTURED,,2025-01-21T21:08:23Z,,
PAY-0215,ORD-215,pay_000215axkkkkkkk,941.47,UPI,CAPTURED,,2025-01-21T23:43:34Z,,
PAY-0216,ORD-216,pay_000216axkkkkkkkkk,3356.8,NETBANKING,CAPTURED,,2025-01-21T21:58:29Z,,
PAY-0217,ORD-217,pay_000217axkkkk,3448.38,UPI,CAPTURED,,2025-01-21T23:26:13Z,,
PAY-0218,ORD-218,pay_000218axkkkkkk,658.74,EMI,CAPTURED,,2025-01-22T03:20:49Z,,
PAY-0219,ORD-219,pay_000219axkkkkkk,1012.62,UPI,CAPTURED,,2025-01-22T08:54:55Z,,
PAY-0220,ORD-220,pay_000220axkkkkkkkkkk,1469.68,CARD,CAPTURED,,2025-01-22T05:19:35Z,,
PAY-0221,ORD-221,pay_000221axkkkkkkkkk,647.55,NETBANKING,CAPTURED,,2025-01-22T10:36:49Z,,
PAY-0222,ORD-222,pay_000222axkkkkk,3344.39,WALLET,CAPTURED,,2025-01-22T14:49:21Z,,
PAY-0223,ORD-223,pay_000223axkkkkkk,299.0,UPI,CAPTURED,,2025-01-22T14:28:38Z,,
PAY-0224,ORD-224,pay_000224axkkkkkkkkk,577.63,CARD,CAPTURED,,2025-01-22T11:24:10Z,,
PAY-0225,ORD-225,pay_000225axkkkkkkk,4049.31,UPI,CAPTURED,,2025-01-22T18:44:50Z,,
PAY-0226,ORD-226,pay_000226axkkkkkkkkkk,3340.9,UPI,CAPTURED,,2025-01-22T18:05:38Z,,
PAY-0227,ORD-227,pay_000227axkkkkkkkkkk,1466.06,UPI,CAPTURED,,2025-01-22T21:41:19Z,,
PAY-0228,ORD-228,pay_000228axkkkkkkkkkk,442.41,CARD,CAPTURED,,2025-01-22T19:05:00Z,,
PAY-0229,ORD-229,pay_000229axkkkkkkk,761.56,EMI,CAPTURED,,2025-01-22T21:50:19Z,,
PAY-0230,ORD-230,pay_000230axkkkkkkk,741.79,WALLET,CAPTURED,,2025-01-23T02:01:21Z,,
PAY-0231,ORD-231,pay_000231axkkkkkkkk,1283.29,CARD,CAPTURED,,2025-01-23T08:41:52Z,,
PAY-0232,ORD-232,pay_000232axkkkkk,299.0,UPI,CAPTURED,,2025-01-23T10:12:03Z,,
PAY-0233,ORD-233,pay_000233axkkkkk,642.77,UPI,CAPTURED,,2025-01-23T11:52:20Z,,
PAY-0234,ORD-234,pay_000234axkkkkkkkk,1929.77,CARD,CAPTURED,,2025-01-23T09:06:32Z,,
PAY-0235,ORD-235,pay_000235axkkkkkkkkkk,1133.66,CARD,CAPTURED,,2025-01-23T10:20:15Z,,
PAY-0237,ORD-237,pay_000237axkkkkkkkkk,3549.94,CARD,CAPTURED,,2025-01-23T14:18:46Z,,
PAY-0238,ORD-238,pay_000238axkkkkkkk,1592.88,CARD,CAPTURED,,2025-01-23T21:59:36Z,,
PAY-0239,ORD-239,pay_000239axkkkkkkk,1148.66,CARD,CAPTURED,,2025-01-23T21:08:49Z,,
PAY-0240,ORD-240,pay_000240axkkkkkkkk,809.84,UPI,CAPTURED,,2025-01-23T18:37:51Z,,
PAY-0241,ORD-241,pay_000241axkkkkkkkkk,4486.58,CARD,CAPTURED,,2025-01-23T20:20:29Z,,
PAY-0242,ORD-242,pay_000242axkkkkkkkkk,1345.14,UPI,CAPTURED,,2025-01-24T04:17:19Z,,
PAY-0243,ORD-243,pay_000243axkkkk,2476.9,UPI,CAPTURED,,2025-01-24T03:53:52Z,,
PAY-0244,ORD-244,pay_000244axkkkkkkkkkk,299.0,UPI,CAPTURED,,2025-01-24T08:55:00Z,,
PAY-0245,ORD-245,pay_000245axkkkkkkkk,345.56,WALLET,CAPTURED,,2025-01-24T04:00:00Z,,
PAY-0246,ORD-246,pay_000246axkkkkkkkkkk,460.87,UPI,CAPTURED,,2025-01-24T12:13:28Z,,
PAY-0247,ORD-247,pay_000247axkkkkk,991.36,WALLET,CAPTURED,,2025-01-24T11:47:53Z,,
PAY-0248,ORD-248,pay_000248axkkkkkkkkk,299.0,UPI,CAPTURED,,2025-01-24T15:51:04Z,,
PAY-0249,ORD-249,pay_000249axkkkkkkkkkk,10358.33,CARD,CAPTURED,,2025-01-24T12:00:23Z,,
PAY-0250,ORD-250,pay_000250axkkkkkkkk,540.51,CARD,CAPTURED,,2025-01-24T13:51:42Z,,
PAY-0251,ORD-251,pay_000251axkkkkkk,299.0,UPI,CAPTURED,,2025-01-24T20:30:46Z,,
PAY-0252,ORD-252,pay_000252axkkkkkkkk,2395.24,CARD,CAPTURED,,2025-01-24T20:51:54Z,,
PAY-0253,ORD-253,pay_000253axkkkkk,882.11,CARD,CAPTURED,,2025-01-24T23:30:27Z,,
PAY-0254,ORD-254,pay_000254axkkkk,5475.94,CARD,CAPTURED,,2025-01-24T21:57:15Z,,
PAY-0255,ORD-255,pay_000255axkkkkkkk,2385.41,UPI,CAPTURED,,2025-01-25T00:33:42Z,,
PAY-0256,ORD-256,pay_000256axkkkkkkkk,2327.23,CARD,CAPTURED,,2025-01-25T04:58:00Z,,
PAY-0257,ORD-257,pay_000257axkkkkkkkkk,299.0,CARD,CAPTURED,,2025-01-25T09:50:09Z,,
PAY-0258,ORD-258,pay_000258axkkkkk,874.05,UPI,CAPTURED,,2025-01-25T09:26:51Z,,
PAY-0259,ORD-259,pay_000259axkkkkk,1521.63,NETBANKING,CAPTURED,,2025-01-25T09:49:32Z,,
PAY-0260,ORD-260,pay_000260axkkkkkkkkk,1174.2,CARD,CAPTURED,,2025-01-25T09:49:00Z,,
PAY-0261,ORD-261,pay_000261axkkkkkk,1634.81,WALLET,CAPTURED,,2025-01-25T14:30:43Z,,
PAY-0262,ORD-262,pay_000262axkkkkk,4647.07,CARD,CAPTURED,,2025-01-25T18:26:32Z,,
PAY-0263,ORD-263,pay_000263axkkkkkk,444.49,CARD,CAPTURED,,2025-01-25T20:07:35Z,,
PAY-0264,ORD-264,pay_000264axkkkk,333.63,CARD,CAPTURED,,2025-01-25T21:34:34Z,,
PAY-0265,ORD-265,pay_000265axkkkkkkkkk,1239.22,EMI,CAPTURED,,2025-01-25T19:09:33Z,,
PAY-0266,ORD-266,pay_000266axkkkkk,513.33,CARD,CAPTURED,,2025-01-26T01:36:55Z,,
PAY-0267,ORD-267,pay_000267axkkkkkkkk,299.0,CARD,CAPTURED,,2025-01-25T23:48:41Z,,
PAY-0268,ORD-268,pay_000268axkkkkkkkk,2983.39,CARD,CAPTURED,,2025-01-26T02:26:13Z,,
PAY-0269,ORD-269,pay_000269axkkkkkkkkk,340.7,CARD,CAPTURED,,2025-01-26T06:48:00Z,,
PAY-0270,ORD-270,pay_000270axkkkkkkkkkk,2451.31,CARD,CAPTURED,,2025-01-26T08:34:59Z,,
PAY-0271,ORD-271,pay_000271axkkkkkkk,1151.69,CARD,CAPTURED,,2025-01-26T07:57:52Z,,
PAY-0272,ORD-272,pay_000272axkkkkkkkkk,739.28,UPI,CAPTURED,,2025-01-26T10:29:04Z,,
PAY-0273,ORD-273,pay_000273axkkkkkk,1888.78,UPI,CAPTURED,,2025-01-26T13:15:20Z,,
PAY-0274,ORD-274,pay_000274axkkkkkkkk,1299.5,CARD,CAPTURED,,2025-01-26T14:18:08Z,,
PAY-0275,ORD-275,pay_000275axkkkkkkkkkk,299.0,UPI,CAPTURED,,2025-01-26T13:20:31Z,,
PAY-0276,ORD-276,pay_000276axkkkkkkkkk,844.74,UPI,CAPTURED,,2025-01-26T16:28:41Z,,
PAY-0277,ORD-277,pay_000277axkkkkk,853.89,UPI,CAPTURED,,2025-01-26T18:00:53Z,,
PAY-0278,ORD-278,pay_000278axkkkkkkkkk,1438.1,EMI,CAPTURED,,2025-01-26T18:23:01Z,,
PAY-0279,ORD-279,pay_000279axkkkkkk,2473.51,UPI,CAPTURED,,2025-01-26T22:43:34Z,,
PAY-0280,ORD-280,pay_000280axkkkkk,605.11,CARD,CAPTURED,,2025-01-26T22:02:17Z,,
PAY-0282,ORD-282,pay_000282axkkkkk,5543.45,CARD,CAPTURED,,2025-01-27T06:36:03Z,,
PAY-0283,ORD-283,pay_000283axkkkkkkkk,1165.54,WALLET,CAPTURED,,2025-01-27T05:28:05Z,,
PAY-0284,ORD-284,pay_000284axkkkkkkkk,549.02,NETBANKING,CAPTURED,,2025-01-27T10:35:40Z,,
PAY-0285,ORD-285,pay_000285axkkkk,299.0,UPI,CAPTURED,,2025-01-27T09:10:26Z,,
PAY-0286,ORD-286,pay_000286axkkkkkkkkkk,7756.25,NETBANKING,CAPTURED,,2025-01-27T09:00:58Z,,
PAY-0288,ORD-288,pay_000288axkkkkk,1625.21,CARD,CAPTURED,,2025-01-27T19:11:22Z,,
PAY-0289,ORD-289,pay_000289axkkkk,2931.63,CARD,CAPTURED,,2025-01-27T20:30:19Z,,
PAY-0290,ORD-290,pay_000290axkkkk,1050.25,WALLET,CAPTURED,,2025-01-27T17:15:41Z,,
PAY-0291,ORD-291,pay_000291axkkkkkkkkk,1238.13,CARD,CAPTURED,,2025-01-27T20:46:26Z,,
PAY-0292,ORD-292,pay_000292axkkkkkkkk,2071.21,CARD,CAPTURED,,2025-01-27T21:01:05Z,,
PAY-0293,ORD-293,pay_000293axkkkkkkkkk,480.04,WALLET,CAPTURED,,2025-01-27T22:46:19Z,,
PAY-0294,ORD-294,pay_000294axkkkkkkkkk,318.24,CARD,CAPTURED,,2025-01-28T08:11:30Z,,
PAY-0295,ORD-295,pay_000295axkkkk,1162.92,UPI,CAPTURED,,2025-01-28T05:19:22Z,,
PAY-0296,ORD-296,pay_000296axkkkkkk,317.35,CARD,CAPTURED,,2025-01-28T04:36:28Z,,
PAY-0297,ORD-297,pay_000297axkkkkkkk,467.91,EMI,CAPTURED,,2025-01-28T10:43:27Z,,
PAY-0298,ORD-298,pay_000298axkkkk,749.79,UPI,CAPTURED,,2025-01-28T10:01:30Z,,
PAY-0299,ORD-299,pay_000299axkkkkkkkkkk,674.48,NETBANKING,CAPTURED,,2025-01-28T12:10:29Z,,
PAY-0300,ORD-300,pay_000300axkkkk,2013.69,CARD,CAPTURED,,2025-01-28T17:52:38Z,,
PAY-0301,ORD-301,pay_000301axkkkkkk,4628.79,CARD,CAPTURED,,2025-01-28T18:04:15Z,,
PAY-0302,ORD-302,pay_000302axkkkkkkkkkk,830.83,CARD,CAPTURED,,2025-01-28T17:29:02Z,,
PAY-0303,ORD-303,pay_000303axkkkkkkkk,1401.6,CARD,CAPTURED,,2025-01-28T22:19:23Z,,
PAY-0304,ORD-304,pay_000304axkkkk,544.58,CARD,CAPTURED,,2025-01-28T20:17:02Z,,
PAY-0305,ORD-305,pay_000305axkkkkk,420.72,WALLET,CAPTURED,,2025-01-29T03:45:41Z,,
PAY-0306,ORD-306,pay_000306axkkkkkkk,299.0,CARD,CAPTURED,,2025-01-29T04:19:22Z,,
PAY-0307,ORD-307,pay_000307axkkkkkkkk,2421.77,NETBANKING,CAPTURED,,2025-01-29T06:05:05Z,,
PAY-0308,ORD-308,pay_000308axkkkkkkk,299.0,CARD,CAPTURED,,2025-01-29T06:58:24Z,,
PAY-0309,ORD-309,pay_000309axkkkkkk,693.34,NETBANKING,CAPTURED,,2025-01-29T06:53:51Z,,
PAY-0310,ORD-310,pay_000310axkkkkkk,1402.65,UPI,CAPTURED,,2025-01-29T13:47:31Z,,
PAY-0311,ORD-311,pay_000311axkkkkkkkk,419.1,CARD,CAPTURED,,2025-01-29T12:48:12Z,,
PAY-0312,ORD-312,pay_000312axkkkkkkkkk,1058.78,UPI,CAPTURED,,2025-01-29T17:50:46Z,,
PAY-0313,ORD-313,pay_000313axkkkkkkkkk,179.4,CARD,CAPTURED,,2025-01-29T16:04:56Z,,
PAY-0313-2,ORD-313,pay_000313bxkkkk,119.6,CARD,CAPTURED,,2025-01-29T16:02:56Z,,
PAY-0314,ORD-314,pay_000314axkkkk,2146.21,UPI,CAPTURED,,2025-01-29T15:51:30Z,,
PAY-0315,ORD-315,pay_000315axkkkkkk,1579.76,CARD,CAPTURED,,2025-01-29T16:49:53Z,,
PAY-0316,ORD-316,pay_000316axkkkkkkk,6913.31,UPI,CAPTURED,,2025-01-29T18:52:12Z,,
PAY-0317,ORD-317,pay_000317axkkkkkkkkk,765.8,UPI,CAPTURED,,2025-01-30T01:49:01Z,,
PAY-0318,ORD-318,pay_000318axkkkkkkkkkk,2491.67,CARD,CAPTURED,,2025-01-30T01:46:25Z,,
PAY-0319,ORD-319,pay_000319axkkkk,299.0,UPI,CAPTURED,,2025-01-30T02:46:22Z,,
PAY-0320,ORD-320,pay_000320axkkkkkkkk,1873.43,CARD,CAPTURED,,2025-01-30T05:18:04Z,,
PAY-0321,ORD-321,pay_000321axkkkkkkkkkk,299.0,NETBANKING,CAPTURED,,2025-01-30T07:15:08Z,,
PAY-0322,ORD-322,pay_000322axkkkkkkkkk,936.97,UPI,CAPTURED,,2025-01-30T09:29:33Z,,
PAY-0323,ORD-323,pay_000323axkkkkkk,1052.6,UPI,CAPTURED,,2025-01-30T15:15:09Z,,
PAY-0324,ORD-324,pay_000324axkkkkk,430.55,CARD,CAPTURED,,2025-01-30T15:59:25Z,,
PAY-0325,ORD-325,pay_000325axkkkkk,812.61,UPI,CAPTURED,,2025-01-30T11:32:43Z,,
PAY-0326,ORD-326,pay_000326axkkkkkkkkkk,299.0,CARD,CAPTURED,,2025-01-30T19:05:44Z,,
PAY-0327,ORD-327,pay_000327axkkkkkkkkk,629.1,CARD,CAPTURED,,2025-01-30T20:43:44Z,,
PAY-0328,ORD-328,pay_000328axkkkkkkkkkk,488.44,CARD,CAPTURED,,2025-01-30T22:48:39Z,,
PAY-0329,ORD-329,pay_000329axkkkkk,537.45,UPI,CAPTURED,,2025-01-30T19:37:21Z,,
PAY-0330,ORD-330,pay_000330axkkkkk,558.3,UPI,CAPTURED,,2025-01-30T21:02:36Z,,
PAY-0331,ORD-331,pay_000331axkkkkk,3884.01,UPI,CAPTURED,,2025-01-31T02:01:15Z,,
PAY-0332,ORD-332,pay_000332axkkkkkkkk,594.21,CARD,CAPTURED,,2025-01-31T06:59:57Z,,
PAY-0333,ORD-333,pay_000333axkkkkkkk,2048.37,UPI,CAPTURED,,2025-01-31T05:27:25Z,,
PAY-0334,ORD-334,pay_000334axkkkkkkkkk,5594.98,CARD,CAPTURED,,2025-01-31T11:19:13Z,,
PAY-0335,ORD-335,pay_000335axkkkkkk,6927.62,NETBANKING,CAPTURED,,2025-01-31T13:53:27Z,,
PAY-0336,ORD-336,pay_000336axkkkkk,365.79,CARD,CAPTURED,,2025-01-31T08:58:24Z,,
PAY-0337,ORD-337,pay_000337axkkkk,1389.38,CARD,CAPTURED,,2025-01-31T11:59:24Z,,
PAY-0338,ORD-338,pay_000338axkkkkkkk,1335.26,UPI,CAPTURED,,2025-01-31T13:29:07Z,,
PAY-0339,ORD-339,pay_000339axkkkkkk,5445.47,NETBANKING,CAPTURED,,2025-01-31T15:29:14Z,,
PAY-0340,ORD-340,pay_000340axkkkk,5957.66,CARD,CAPTURED,,2025-01-31T20:20:07Z,,
PAY-0341,ORD-341,pay_000341axkkkkkkkkkk,2172.63,UPI,CAPTURED,,2025-01-31T21:27:07Z,,
PAY-0342,ORD-342,pay_000342axkkkkkkkkkk,656.29,CARD,CAPTURED,,2025-01-31T20:39:32Z,,
PAY-0343,ORD-343,pay_000343axkkkkkk,1850.08,NETBANKING,CAPTURED,,2025-02-01T01:02:15Z,,
PAY-0344,ORD-344,pay_000344axkkkk,440.53,CARD,CAPTURED,,2025-02-01T00:43:56Z,,
PAY-0345,ORD-345,pay_000345axkkkkkkkkk,2095.91,NETBANKING,CAPTURED,,2025-02-01T03:31:43Z,,
PAY-0346,ORD-346,pay_000346axkkkk,2108.51,CARD,CAPTURED,,2025-02-01T07:02:08Z,,
PAY-0347,ORD-347,pay_000347axkkkkkkkk,5835.83,UPI,CAPTURED,,2025-02-01T07:07:46Z,,
PAY-0348,ORD-348,pay_000348axkkkkkkkkkk,1440.78,CARD,CAPTURED,,2025-02-01T14:38:49Z,,
PAY-0349,ORD-349,pay_000349axkkkkk,458.9,CARD,CAPTURED,,2025-02-01T09:23:16Z,,
PAY-0350,ORD-350,pay_000350axkkkkkkkkkk,1571.88,EMI,CAPTURED,,2025-02-01T14:41:58Z,,
PAY-0351,ORD-351,pay_000351axkkkkkkk,299.0,CARD,CAPTURED,,2025-02-01T19:41:08Z,,
PAY-0352,ORD-352,pay_000352axkkkkkkk,878.09,NETBANKING,CAPTURED,,2025-02-01T22:17:07Z,,
PAY-0353,ORD-353,pay_000353axkkkkkk,2475.4,CARD,CAPTURED,,2025-02-01T23:56:04Z,,
PAY-0354,ORD-354,pay_000354axkkkkkkkk,6978.56,WALLET,CAPTURED,,2025-02-01T23:00:01Z,,
PAY-0355,ORD-355,pay_000355axkkkkkkk,11777.28,UPI,CAPTURED,,2025-02-01T21:00:49Z,,
PAY-0356,ORD-356,pay_000356axkkkkkkkkkk,3502.12,CARD,CAPTURED,,2025-02-01T22:29:50Z,,
PAY-0358,ORD-358,pay_000358axkkkkkkk,1626.85,WALLET,CAPTURED,,2025-02-02T06:41:11Z,,
PAY-0359,ORD-359,pay_000359axkkkk,836.38,WALLET,CAPTURED,,2025-02-02T11:09:24Z,,
PAY-0360,ORD-360,pay_000360axkkkk,2511.83,CARD,CAPTURED,,2025-02-02T05:45:46Z,,
PAY-0361,ORD-361,pay_000361axkkkkkkkkk,1048.27,UPI,CAPTURED,,2025-02-02T08:22:31Z,,
PAY-0362,ORD-362,pay_000362axkkkkk,7551.59,CARD,CAPTURED,,2025-02-02T16:10:00Z,,
PAY-0363,ORD-363,pay_000363axkkkkk,1044.16,UPI,CAPTURED,,2025-02-02T18:53:50Z,,
PAY-0364,ORD-364,pay_000364axkkkkk,782.6,CARD,CAPTURED,,2025-02-02T15:14:17Z,,
PAY-0366,ORD-366,pay_000366axkkkkkkkkkk,3230.4,CARD,CAPTURED,,2025-02-02T20:27:54Z,,
PAY-0367,ORD-367,pay_000367axkkkkk,963.41,UPI,CAPTURED,,2025-02-02T23:21:03Z,,
PAY-0368,ORD-368,pay_000368axkkkkkk,1429.4,NETBANKING,CAPTURED,,2025-02-03T01:14:35Z,,
PAY-0369,ORD-369,pay_000369axkkkkkkkkk,306.33,NETBANKING,CAPTURED,,2025-02-03T00:40:19Z,,
PAY-0370,ORD-370,pay_000370axkkkkkkk,2643.62,UPI,CAPTURED,,2025-02-03T08:31:39Z,,
PAY-0371,ORD-371,pay_000371axkkkk,2578.83,NETBANKING,CAPTURED,,2025-02-03T05:53:21Z,,
PAY-0372,ORD-372,pay_000372axkkkkkk,745.1,UPI,CAPTURED,,2025-02-03T04:45:13Z,,
PAY-0373,ORD-373,pay_000373axkkkkkkkk,299.0,CARD,CAPTURED,,2025-02-03T07:49:58Z,,
PAY-0374,ORD-374,pay_000374axkkkkkkkkk,299.0,WALLET,CAPTURED,,2025-02-03T11:34:55Z,,
PAY-0375,ORD-375,pay_000375axkkkkkkkkk,1335.64,WALLET,CAPTURED,,2025-02-03T10:09:59Z,,
PAY-0376,ORD-376,pay_000376axkkkkk,1290.31,UPI,CAPTURED,,2025-02-03T15:26:55Z,,
PAY-0377,ORD-377,pay_000377axkkkkkkkkk,1135.84,CARD,CAPTURED,,2025-02-03T16:14:24Z,,
PAY-0378,ORD-378,pay_000378axkkkkkkkkk,299.0,CARD,CAPTURED,,2025-02-03T22:52:39Z,,
PAY-0379,ORD-379,pay_000379axkkkkkkk,1128.47,CARD,CAPTURED,,2025-02-04T00:36:06Z,,
PAY-0380,ORD-380,pay_000380axkkkkk,4745.54,CARD,CAPTURED,,2025-02-03T23:32:40Z,,
PAY-0381,ORD-381,pay_000381axkkkkkkkkk,16334.57,CARD,CAPTURED,,2025-02-03T23:53:51Z,,
PAY-0382,ORD-382,pay_000382axkkkkk,299.0,WALLET,CAPTURED,,2025-02-04T03:09:57Z,,
PAY-0383,ORD-383,pay_000383axkkkkkkk,1799.68,UPI,CAPTURED,,2025-02-04T07:28:14Z,,
PAY-0384,ORD-384,pay_000384axkkkkkkk,6086.44,CARD,CAPTURED,,2025-02-04T09:36:38Z,,
PAY-0385,ORD-385,pay_000385axkkkkkkkkkk,2351.78,CARD,CAPTURED,,2025-02-04T11:56:23Z,,
PAY-0386,ORD-386,pay_000386axkkkkkkkkkk,1735.42,EMI,CAPTURED,,2025-02-04T11:45:57Z,,
PAY-0387,ORD-387,pay_000387axkkkkkkkkkk,1330.9,UPI,CAPTURED,,2025-02-04T14:39:46Z,,
PAY-0388,ORD-388,pay_000388axkkkkkkkkk,1568.07,WALLET,CAPTURED,,2025-02-04T17:21:31Z,,
PAY-0389,ORD-389,pay_000389axkkkkkkkkkk,460.34,CARD,CAPTURED,,2025-02-04T16:59:50Z,,
PAY-0390,ORD-390,pay_000390axkkkkkkk,3326.47,CARD,CAPTURED,,2025-02-04T16:00:28Z,,
PAY-0391,ORD-391,pay_000391axkkkkkk,641.48,CARD,CAPTURED,,2025-02-04T18:05:30Z,,
PAY-0392,ORD-392,pay_000392axkkkk,299.0,UPI,CAPTURED,,2025-02-04T21:04:43Z,,
PAY-0393,ORD-393,pay_000393axkkkk,299.0,NETBANKING,CAPTURED,,2025-02-04T22:01:26Z,,
PAY-0394,ORD-394,pay_000394axkkkkkkkkkk,1211.32,CARD,CAPTURED,,2025-02-04T22:38:21Z,,
PAY-0395,ORD-395,pay_000395axkkkkk,1944.64,NETBANKING,CAPTURED,,2025-02-05T05:03:36Z,,
PAY-0396,ORD-396,pay_000396axkkkkk,2025.15,UPI,CAPTURED,,2025-02-05T08:33:58Z,,
PAY-0398,ORD-398,pay_000398axkkkkkkkkk,469.73,CARD,CAPTURED,,2025-02-05T06:14:12Z,,
PAY-0399,ORD-399,pay_000399axkkkk,434.67,UPI,CAPTURED,,2025-02-05T14:18:17Z,,
PAY-0400,ORD-400,pay_000400axkkkkkk,4881.59,UPI,CAPTURED,,2025-02-05T12:10:56Z,,
PAY-0401,ORD-401,pay_000401axkkkk,3191.4,UPI,CAPTURED,,2025-02-05T11:42:45Z,,
PAY-0402,ORD-402,pay_000402axkkkkkkkk,299.0,NETBANKING,CAPTURED,,2025-02-05T13:41:48Z,,
PAY-0403,ORD-403,pay_000403axkkkkk,586.72,CARD,CAPTURED,,2025-02-05T20:26:19Z,,
PAY-0404,ORD-404,pay_000404axkkkk,620.89,NETBANKING,CAPTURED,,2025-02-05T21:20:33Z,,
PAY-0405,ORD-405,pay_000405axkkkkkk,963.56,CARD,CAPTURED,,2025-02-05T23:22:39Z,,
PAY-0406,ORD-406,pay_000406axkkkkkkk,513.73,EMI,CAPTURED,,2025-02-06T04:39:36Z,,
PAY-0407,ORD-407,pay_000407axkkkk,333.21,CARD,CAPTURED,,2025-02-06T03:41:50Z,,
PAY-0408,ORD-408,pay_000408axkkkkkk,781.91,NETBANKING,CAPTURED,,2025-02-06T01:57:38Z,,
PAY-0409,ORD-409,pay_000409axkkkkk,1693.35,CARD,CAPTURED,,2025-02-06T02:57:35Z,,
PAY-0410,ORD-410,pay_000410axkkkkkkk,4635.64,EMI,CAPTURED,,2025-02-06T09:05:44Z,,
PAY-0412,ORD-412,pay_000412axkkkkkkk,589.47,NETBANKING,CAPTURED,,2025-02-06T16:07:05Z,,
PAY-0413,ORD-413,pay_000413axkkkkkkkkk,2052.98,UPI,CAPTURED,,2025-02-06T11:45:31Z,,
PAY-0414,ORD-414,pay_000414axkkkkkkk,299.0,CARD,CAPTURED,,2025-02-06T12:45:19Z,,
PAY-0415,ORD-415,pay_000415axkkkkkkkkkk,1603.22,WALLET,CAPTURED,,2025-02-06T19:16:45Z,,
PAY-0415-2,ORD-415,pay_000415bxkkkkkkk,1068.82,WALLET,CAPTURED,,2025-02-06T19:11:45Z,,
PAY-0416,ORD-416,pay_000416axkkkkk,710.62,CARD,CAPTURED,,2025-02-06T16:26:45Z,,
PAY-0417,ORD-417,pay_000417axkkkkkkkkkk,519.33,UPI,CAPTURED,,2025-02-06T23:41:16Z,,
PAY-0418,ORD-418,pay_000418axkkkkk,574.46,CARD,CAPTURED,,2025-02-07T03:20:04Z,,
PAY-0419,ORD-419,pay_000419axkkkkkk,330.1,UPI,CAPTURED,,2025-02-06T23:32:43Z,,
PAY-0420,ORD-420,pay_000420axkkkkkkkkkk,1247.62,WALLET,CAPTURED,,2025-02-07T03:11:39Z,,
PAY-0421,ORD-421,pay_000421axkkkkkkkkkk,2429.47,CARD,CAPTURED,,2025-02-07T02:20:29Z,,
PAY-0422,ORD-422,pay_000422axkkkk,1107.78,CARD,CAPTURED,,2025-02-07T08:17:01Z,,
PAY-0423,ORD-423,pay_000423axkkkkkkkkk,299.0,UPI,CAPTURED,,2025-02-07T07:23:13Z,,
PAY-0424,ORD-424,pay_000424axkkkk,299.0,NETBANKING,CAPTURED,,2025-02-07T12:23:48Z,,
PAY-0425,ORD-425,pay_000425axkkkkkkkk,6719.99,NETBANKING,CAPTURED,,2025-02-07T14:13:12Z,,
PAY-0426,ORD-426,pay_000426axkkkkk,2523.35,NETBANKING,CAPTURED,,2025-02-07T11:01:05Z,,
PAY-0427,ORD-427,pay_000427axkkkkkkkk,2599.43,CARD,CAPTURED,,2025-02-07T18:22:31Z,,
PAY-0428,ORD-428,pay_000428axkkkkkkk,1935.93,UPI,CAPTURED,,2025-02-07T15:13:54Z,,
PAY-0429,ORD-429,pay_000429axkkkkkkkkk,4259.34,UPI,CAPTURED,,2025-02-07T20:17:58Z,,
PAY-0430,ORD-430,pay_000430axkkkkkkkkk,593.8,CARD,CAPTURED,,2025-02-08T00:11:53Z,,
PAY-0431,ORD-431,pay_000431axkkkk,592.65,CARD,CAPTURED,,2025-02-08T01:26:30Z,,
PAY-0432,ORD-432,pay_000432axkkkk,299.0,NETBANKING,CAPTURED,,2025-02-08T03:21:19Z,,
PAY-0433,ORD-433,pay_000433axkkkkkkk,892.36,NETBANKING,CAPTURED,,2025-02-08T04:57:00Z,,
PAY-0434,ORD-434,pay_000434axkkkkkkkk,2312.99,EMI,CAPTURED,,2025-02-08T04:50:09Z,,
PAY-0435,ORD-435,pay_000435axkkkkk,2140.08,UPI,CAPTURED,,2025-02-08T06:12:39Z,,
PAY-0436,ORD-436,pay_000436axkkkkk,1623.21,CARD,CAPTURED,,2025-02-08T07:33:41Z,,
PAY-0437,ORD-437,pay_000437axkkkkk,2649.57,UPI,CAPTURED,,2025-02-08T13:47:45Z,,
PAY-0438,ORD-438,pay_000438axkkkkkkkk,299.0,CARD,CAPTURED,,2025-02-08T16:14:00Z,,
PAY-0439,ORD-439,pay_000439axkkkkkkk,1964.58,UPI,CAPTURED,,2025-02-08T14:24:20Z,,
PAY-0440,ORD-440,pay_000440axkkkkkkk,3409.74,UPI,CAPTURED,,2025-02-08T15:33:58Z,,
PAY-0441,ORD-441,pay_000441axkkkkkk,1879.57,CARD,CAPTURED,,2025-02-08T17:43:33Z,,
PAY-0442,ORD-442,pay_000442axkkkk,908.06,CARD,CAPTURED,,2025-02-08T20:37:31Z,,
PAY-0443,ORD-443,pay_000443axkkkkkkkkkk,679.81,UPI,CAPTURED,,2025-02-08T20:14:43Z,,
PAY-0444,ORD-444,pay_000444axkkkk,1967.76,NETBANKING,CAPTURED,,2025-02-09T02:59:56Z,,
PAY-0445,ORD-445,pay_000445axkkkkkk,639.58,CARD,CAPTURED,,2025-02-09T04:39:31Z,,
PAY-0446,ORD-446,pay_000446axkkkk,769.63,CARD,CAPTURED,,2025-02-09T03:25:42Z,,
PAY-0447,ORD-447,pay_000447axkkkkkkkk,762.48,CARD,CAPTURED,,2025-02-09T06:56:26Z,,
PAY-0448,ORD-448,pay_000448axkkkkkkkkkk,734.66,CARD,CAPTURED,,2025-02-09T07:30:17Z,,
PAY-0449,ORD-449,pay_000449axkkkk,414.39,NETBANKING,CAPTURED,,2025-02-09T13:16:06Z,,
PAY-0450,ORD-450,pay_000450axkkkkkkkkkk,1697.07,NETBANKING,CAPTURED,,2025-02-09T08:58:59Z,,
PAY-0451,ORD-451,pay_000451axkkkkkkk,5627.57,CARD,CAPTURED,,2025-02-09T10:20:19Z,,
PAY-0452,ORD-452,pay_000452axkkkkkkkkk,2895.23,CARD,CAPTURED,,2025-02-09T16:24:24Z,,
PAY-0453,ORD-453,pay_000453axkkkkkkkkkk,719.53,CARD,CAPTURED,,2025-02-09T19:35:13Z,,
PAY-0454,ORD-454,pay_000454axkkkkkkk,1260.67,CARD,CAPTURED,,2025-02-09T21:08:19Z,,
PAY-0455,ORD-455,pay_000455axkkkkk,2836.59,CARD,CAPTURED,,2025-02-09T18:48:20Z,,
PAY-0456,ORD-456,pay_000456axkkkk,802.33,UPI,CAPTURED,,2025-02-09T20:20:36Z,,
PAY-0457,ORD-457,pay_000457axkkkkkkkkk,557.75,UPI,CAPTURED,,2025-02-10T02:25:06Z,,
PAY-0458,ORD-458,pay_000458axkkkkkkkk,1142.64,UPI,CAPTURED,,2025-02-10T01:33:45Z,,
PAY-0459,ORD-459,pay_000459axkkkkk,299.0,EMI,CAPTURED,,2025-02-10T06:01:30Z,,
PAY-0460,ORD-460,pay_000460axkkkkkkkkkk,342.17,NETBANKING,CAPTURED,,2025-02-10T05:46:56Z,,
PAY-0461,ORD-461,pay_000461axkkkkkkkkkk,299.0,CARD,CAPTURED,,2025-02-10T06:27:18Z,,
PAY-0462,ORD-462,pay_000462axkkkkkkkk,307.49,WALLET,CAPTURED,,2025-02-10T10:26:27Z,,
PAY-0464,ORD-464,pay_000464axkkkkkkkk,1179.78,UPI,CAPTURED,,2025-02-10T13:13:00Z,,
PAY-0465,ORD-465,pay_000465axkkkkk,11536.67,UPI,CAPTURED,,2025-02-10T16:09:16Z,,
PAY-0466,ORD-466,pay_000466axkkkkkk,321.29,CARD,CAPTURED,,2025-02-10T17:12:59Z,,
PAY-0467,ORD-467,pay_000467axkkkkkk,695.93,CARD,CAPTURED,,2025-02-10T18:10:22Z,,
PAY-0468,ORD-468,pay_000468axkkkk,1578.19,CARD,CAPTURED,,2025-02-10T22:24:23Z,,
PAY-0469,ORD-469,pay_000469axkkkkkkk,671.9,WALLET,CAPTURED,,2025-02-11T03:57:18Z,,
PAY-0470,ORD-470,pay_000470axkkkkk,299.0,UPI,CAPTURED,,2025-02-11T03:07:30Z,,
PAY-0471,ORD-471,pay_000471axkkkkkkkkkk,1353.85,CARD,CAPTURED,,2025-02-11T06:34:56Z,,
PAY-0472,ORD-472,pay_000472axkkkkkkkk,6685.2,NETBANKING,CAPTURED,,2025-02-11T04:44:47Z,,
PAY-0473,ORD-473,pay_000473axkkkkkkkkkk,497.77,CARD,CAPTURED,,2025-02-11T09:42:31Z,,
PAY-0474,ORD-474,pay_000474axkkkkkkkkk,2562.15,CARD,CAPTURED,,2025-02-11T13:17:07Z,,
PAY-0475,ORD-475,pay_000475axkkkkkkkkk,299.0,UPI,CAPTURED,,2025-02-11T13:35:21Z,,
PAY-0476,ORD-476,pay_000476axkkkkkkkk,1691.84,WALLET,CAPTURED,,2025-02-11T14:19:57Z,,
PAY-0477,ORD-477,pay_000477axkkkkkk,1399.32,CARD,CAPTURED,,2025-02-11T11:41:13Z,,
PAY-0478,ORD-478,pay_000478axkkkkkkkkkk,2089.38,CARD,CAPTURED,,2025-02-11T19:25:34Z,,
PAY-0479,ORD-479,pay_000479axkkkkkkk,326.3,UPI,CAPTURED,,2025-02-11T22:40:56Z,,
PAY-0479-2,ORD-479,pay_000479bxkkkkkk,217.54,UPI,CAPTURED,,2025-02-11T22:52:56Z,,
PAY-0480,ORD-480,pay_000480axkkkkk,2053.15,EMI,CAPTURED,,2025-02-11T22:12:28Z,,
PAY-0481,ORD-481,pay_000481axkkkkk,2426.76,UPI,CAPTURED,,2025-02-11T21:55:57Z,,
PAY-0482,ORD-482,pay_000482axkkkkkk,3546.43,CARD,CAPTURED,,2025-02-12T03:15:37Z,,
PAY-0483,ORD-483,pay_000483axkkkkkkkkk,2898.95,UPI,CAPTURED,,2025-02-11T23:59:46Z,,
PAY-0484,ORD-484,pay_000484axkkkkkkk,1444.59,EMI,CAPTURED,,2025-02-12T08:45:38Z,,
PAY-0485,ORD-485,pay_000485axkkkk,731.77,CARD,CAPTURED,,2025-02-12T04:08:17Z,,
PAY-0486,ORD-486,pay_000486axkkkkkkkkkk,343.82,CARD,CAPTURED,,2025-02-12T07:05:15Z,,
PAY-0487,ORD-487,pay_000487axkkkkk,4293.26,NETBANKING,CAPTURED,,2025-02-12T07:27:44Z,,
PAY-0488,ORD-488,pay_000488axkkkkkkkkkk,522.05,CARD,CAPTURED,,2025-02-12T09:29:01Z,,
PAY-0489,ORD-489,pay_000489axkkkkk,410.54,UPI,CAPTURED,,2025-02-12T16:58:54Z,,
PAY-0490,ORD-490,pay_000490axkkkkkkk,1197.87,NETBANKING,CAPTURED,,2025-02-12T17:09:27Z,,
PAY-0491,ORD-491,pay_000491axkkkkkkkkk,545.21,UPI,CAPTURED,,2025-02-12T15:38:04Z,,
PAY-0492,ORD-492,pay_000492axkkkkkkkkk,1964.1,NETBANKING,CAPTURED,,2025-02-12T18:29:48Z,,
PAY-0493,ORD-493,pay_000493axkkkk,577.61,UPI,CAPTURED,,2025-02-12T20:33:48Z,,
PAY-0494,ORD-494,pay_000494axkkkkkk,729.35,NETBANKING,CAPTURED,,2025-02-13T01:16:08Z,,
PAY-0495,ORD-495,pay_000495axkkkkkkk,5366.6,CARD,CAPTURED,,2025-02-12T23:44:42Z,,
PAY-0496,ORD-496,pay_000496axkkkkkkkkkk,588.72,UPI,CAPTURED,,2025-02-13T06:05:28Z,,
PAY-0497,ORD-497,pay_000497axkkkkkkkkk,2415.55,CARD,CAPTURED,,2025-02-13T04:47:41Z,,
PAY-0498,ORD-498,pay_000498axkkkkkkkk,769.91,CARD,CAPTURED,,2025-02-13T05:26:29Z,,
PAY-0499,ORD-499,pay_000499axkkkkkkkkk,1016.03,NETBANKING,CAPTURED,,2025-02-13T11:43:38Z,,
PAY-0500,ORD-500,pay_000500axkkkkkkk,884.16,CARD,CAPTURED,,2025-02-13T12:54:25Z,,
PAY-0502,ORD-502,pay_000502axkkkk,2951.92,CARD,CAPTURED,,2025-02-13T13:28:58Z,,
PAY-0503,ORD-503,pay_000503axkkkkkkkkkk,658.85,UPI,CAPTURED,,2025-02-13T17:25:42Z,,
PAY-0504,ORD-504,pay_000504axkkkkkkkk,751.13,UPI,CAPTURED,,2025-02-13T19:09:21Z,,
PAY-0505,ORD-505,pay_000505axkkkkk,1886.64,UPI,CAPTURED,,2025-02-13T19:03:33Z,,
PAY-0506,ORD-506,pay_000506axkkkkk,1110.52,CARD,CAPTURED,,2025-02-14T02:20:23Z,,
PAY-0507,ORD-507,pay_000507axkkkkkkkkk,256.4,CARD,CAPTURED,,2025-02-13T21:06:54Z,,
PAY-0507-2,ORD-507,pay_000507bxkkkk,170.94,CARD,CAPTURED,,2025-02-13T20:59:54Z,,
PAY-0508,ORD-508,pay_000508axkkkkkk,1458.64,UPI,CAPTURED,,2025-02-13T23:21:27Z,,
PAY-0509,ORD-509,pay_000509axkkkkkkkkk,1293.5,CARD,CAPTURED,,2025-02-14T06:09:19Z,,
PAY-0510,ORD-510,pay_000510axkkkkkk,299.0,UPI,CAPTURED,,2025-02-14T06:11:07Z,,
PAY-0511,ORD-511,pay_000511axkkkkkkk,2049.19,CARD,CAPTURED,,2025-02-14T11:42:36Z,,
PAY-0512,ORD-512,pay_000512axkkkkkkkk,453.96,UPI,CAPTURED,,2025-02-14T08:26:38Z,,
PAY-0513,ORD-513,pay_000513axkkkkkkkkkk,4147.95,NETBANKING,CAPTURED,,2025-02-14T08:21:29Z,,
PAY-0515,ORD-515,pay_000515axkkkkkkkkkk,6819.37,WALLET,CAPTURED,,2025-02-14T14:37:19Z,,
PAY-0516,ORD-516,pay_000516axkkkk,8545.2,NETBANKING,CAPTURED,,2025-02-14T20:29:10Z,,
PAY-0517,ORD-517,pay_000517axkkkkkkk,275.55,CARD,CAPTURED,,2025-02-14T16:34:21Z,,
PAY-0517-2,ORD-517,pay_000517bxkkkkkkk,183.7,CARD,CAPTURED,,2025-02-14T16:50:21Z,,
PAY-0518,ORD-518,pay_000518axkkkkkkkkkk,302.7,CARD,CAPTURED,,2025-02-14T23:02:43Z,,
PAY-0519,ORD-519,pay_000519axkkkkkkk,1632.75,WALLET,CAPTURED,,2025-02-14T21:47:43Z,,
PAY-0520,ORD-520,pay_000520axkkkkkkkkkk,2202.57,UPI,CAPTURED,,2025-02-14T22:44:46Z,,
PAY-0521,ORD-521,pay_000521axkkkkkkkkkk,7732.12,UPI,CAPTURED,,2025-02-15T05:54:12Z,,
PAY-0522,ORD-522,pay_000522axkkkkkkkkk,2010.35,UPI,CAPTURED,,2025-02-15T05:02:35Z,,
PAY-0523,ORD-523,pay_000523axkkkkkkkkkk,2197.6,EMI,CAPTURED,,2025-02-15T07:51:26Z,,
PAY-0524,ORD-524,pay_000524axkkkkkkkkk,1628.72,NETBANKING,CAPTURED,,2025-02-15T11:10:25Z,,
PAY-0525,ORD-525,pay_000525axkkkkkkkkkk,1036.41,UPI,CAPTURED,,2025-02-15T10:37:28Z,,
PAY-0526,ORD-526,pay_000526axkkkkkkk,4444.07,CARD,CAPTURED,,2025-02-15T13:32:06Z,,
PAY-0527,ORD-527,pay_000527axkkkkkkkkkk,597.23,UPI,CAPTURED,,2025-02-15T10:34:55Z,,
PAY-0528,ORD-528,pay_000528axkkkkkkkk,550.51,CARD,CAPTURED,,2025-02-15T13:26:36Z,,
PAY-0530,ORD-530,pay_000530axkkkkkkk,299.0,CARD,CAPTURED,,2025-02-15T22:23:39Z,,
PAY-0531,ORD-531,pay_000531axkkkkkkkkkk,299.0,CARD,CAPTURED,,2025-02-15T19:33:33Z,,
PAY-0532,ORD-532,pay_000532axkkkkkkkkk,2940.48,CARD,CAPTURED,,2025-02-16T00:57:58Z,,
PAY-0533,ORD-533,pay_000533axkkkkkk,918.43,CARD,CAPTURED,,2025-02-15T22:17:34Z,,
PAY-0534,ORD-534,pay_000534axkkkk,5478.8,CARD,CAPTURED,,2025-02-16T07:15:34Z,,
PAY-0535,ORD-535,pay_000535axkkkkkkkkkk,847.91,EMI,CAPTURED,,2025-02-16T05:03:16Z,,
PAY-0536,ORD-536,pay_000536axkkkkk,2076.61,CARD,CAPTURED,,2025-02-16T08:51:38Z,,
PAY-0537,ORD-537,pay_000537axkkkk,513.93,CARD,CAPTURED,,2025-02-16T10:32:08Z,,
PAY-0538,ORD-538,pay_000538axkkkkkkkk,1261.77,NETBANKING,CAPTURED,,2025-02-16T08:36:08Z,,
PAY-0539,ORD-539,pay_000539axkkkk,10451.87,CARD,CAPTURED,,2025-02-16T13:03:51Z,,
PAY-0540,ORD-540,pay_000540axkkkkkkkkkk,771.04,UPI,CAPTURED,,2025-02-16T12:19:37Z,,
PAY-0541,ORD-541,pay_000541axkkkkk,1566.69,CARD,CAPTURED,,2025-02-16T13:24:43Z,,
PAY-0542,ORD-542,pay_000542axkkkkk,657.04,UPI,CAPTURED,,2025-02-16T17:47:06Z,,
PAY-0542-2,ORD-542,pay_000542bxkkkkkkkkkk,438.03,UPI,CAPTURED,,2025-02-16T17:43:06Z,,
PAY-0543,ORD-543,pay_000543axkkkkk,1033.32,CARD,CAPTURED,,2025-02-16T19:59:46Z,,
PAY-0544,ORD-544,pay_000544axkkkkkkkk,299.0,UPI,CAPTURED,,2025-02-17T01:52:17Z,,
PAY-0545,ORD-545,pay_000545axkkkkkk,5177.03,UPI,CAPTURED,,2025-02-17T04:23:26Z,,
PAY-0546,ORD-546,pay_000546axkkkkkkkkkk,4584.07,UPI,CAPTURED,,2025-02-16T22:55:02Z,,
PAY-0547,ORD-547,pay_000547axkkkkkkk,1483.15,WALLET,CAPTURED,,2025-02-17T03:31:32Z,,
PAY-0548,ORD-548,pay_000548axkkkkkkkkk,309.37,UPI,CAPTURED,,2025-02-17T04:06:43Z,,
PAY-0549,ORD-549,pay_000549axkkkkkkk,1439.38,CARD,CAPTURED,,2025-02-17T10:26:21Z,,
PAY-0550,ORD-550,pay_000550axkkkkk,5040.3,CARD,CAPTURED,,2025-02-17T08:23:01Z,,
PAY-0551,ORD-551,pay_000551axkkkkkk,1147.19,NETBANKING,CAPTURED,,2025-02-17T14:06:51Z,,
PAY-0552,ORD-552,pay_000552axkkkkkkkk,1882.14,CARD,CAPTURED,,2025-02-17T10:58:38Z,,
PAY-0553,ORD-553,pay_000553axkkkkkkkkk,1790.3,CARD,CAPTURED,,2025-02-17T15:00:31Z,,
PAY-0554,ORD-554,pay_000554axkkkk,2976.03,CARD,CAPTURED,,2025-02-17T20:56:17Z,,
PAY-0555,ORD-555,pay_000555axkkkkkkkkkk,2085.52,NETBANKING,CAPTURED,,2025-02-17T20:36:53Z,,
PAY-0555-2,ORD-555,pay_000555bxkkkkk,1390.34,NETBANKING,CAPTURED,,2025-02-17T20:43:53Z,,
PAY-0557,ORD-557,pay_000557axkkkkk,3131.07,CARD,CAPTURED,,2025-02-17T23:03:48Z,,
PAY-0558,ORD-558,pay_000558axkkkkk,299.0,UPI,CAPTURED,,2025-02-18T02:55:41Z,,
PAY-0559,ORD-559,pay_000559axkkkk,1067.51,CARD,CAPTURED,,2025-02-18T06:02:55Z,,
PAY-0559-2,ORD-559,pay_000559bxkkkkkkkkk,711.67,CARD,CAPTURED,,2025-02-18T06:08:55Z,,
PAY-0560,ORD-560,pay_000560axkkkkkkk,299.0,UPI,CAPTURED,,2025-02-18T02:33:53Z,,
PAY-0561,ORD-561,pay_000561axkkkkkk,7467.78,UPI,CAPTURED,,2025-02-18T05:04:39Z,,
PAY-0562,ORD-562,pay_000562axkkkkkkkkk,1949.79,UPI,CAPTURED,,2025-02-18T12:44:25Z,,
PAY-0563,ORD-563,pay_000563axkkkkkkkkkk,722.31,CARD,CAPTURED,,2025-02-18T08:24:51Z,,
PAY-0564,ORD-564,pay_000564axkkkkk,299.0,NETBANKING,CAPTURED,,2025-02-18T16:03:49Z,,
PAY-0565,ORD-565,pay_000565axkkkkkkk,1707.68,CARD,CAPTURED,,2025-02-18T18:07:38Z,,
PAY-0566,ORD-566,pay_000566axkkkkkkkk,394.76,NETBANKING,CAPTURED,,2025-02-18T13:59:25Z,,
PAY-0567,ORD-567,pay_000567axkkkkkkkk,1785.24,CARD,CAPTURED,,2025-02-18T18:09:46Z,,
PAY-0568,ORD-568,pay_000568axkkkkkkkkkk,1216.98,CARD,CAPTURED,,2025-02-18T16:23:01Z,,
PAY-0569,ORD-569,pay_000569axkkkkkk,1159.25,NETBANKING,CAPTURED,,2025-02-18T19:57:18Z,,
PAY-0570,ORD-570,pay_000570axkkkkkkkkkk,352.0,WALLET,CAPTURED,,2025-02-19T02:53:29Z,,
PAY-0571,ORD-571,pay_000571axkkkk,3158.24,EMI,CAPTURED,,2025-02-19T00:55:31Z,,
PAY-0572,ORD-572,pay_000572axkkkkk,944.55,UPI,CAPTURED,,2025-02-19T07:01:15Z,,
PAY-0573,ORD-573,pay_000573axkkkkkkkkk,2375.42,WALLET,CAPTURED,,2025-02-19T05:32:42Z,,
PAY-0574,ORD-574,pay_000574axkkkkkk,347.14,UPI,CAPTURED,,2025-02-19T10:51:50Z,,
PAY-0575,ORD-575,pay_000575axkkkk,3649.41,CARD,CAPTURED,,2025-02-19T11:40:27Z,,
PAY-0576,ORD-576,pay_000576axkkkkkkkkkk,812.35,WALLET,CAPTURED,,2025-02-19T15:20:21Z,,
PAY-0577,ORD-577,pay_000577axkkkkkkk,1680.18,CARD,CAPTURED,,2025-02-19T16:02:47Z,,
PAY-0578,ORD-578,pay_000578axkkkk,743.49,UPI,CAPTURED,,2025-02-19T18:45:59Z,,
PAY-0579,ORD-579,pay_000579axkkkkkkkkkk,299.0,CARD,CAPTURED,,2025-02-19T15:17:36Z,,
PAY-0580,ORD-580,pay_000580axkkkkkkkkk,7835.03,UPI,CAPTURED,,2025-02-19T17:32:40Z,,
PAY-0581,ORD-581,pay_000581axkkkkkk,1365.46,CARD,CAPTURED,,2025-02-19T18:20:46Z,,
PAY-0582,ORD-582,pay_000582axkkkkkkk,5377.03,CARD,CAPTURED,,2025-02-20T02:06:43Z,,
PAY-0583,ORD-583,pay_000583axkkkkkkk,1130.05,UPI,CAPTURED,,2025-02-20T03:01:34Z,,
PAY-0584,ORD-584,pay_000584axkkkkkkkk,942.12,CARD,CAPTURED,,2025-02-19T23:38:30Z,,
PAY-0585,ORD-585,pay_000585axkkkk,2429.58,CARD,CAPTURED,,2025-02-20T04:01:15Z,,
PAY-0586,ORD-586,pay_000586axkkkkkkkkkk,563.49,UPI,CAPTURED,,2025-02-20T10:31:31Z,,
PAY-0587,ORD-587,pay_000587axkkkkkkk,443.72,CARD,CAPTURED,,2025-02-20T04:33:13Z,,
PAY-0588,ORD-588,pay_000588axkkkk,769.73,UPI,CAPTURED,,2025-02-20T13:55:51Z,,
PAY-0589,ORD-589,pay_000589axkkkkkkkkkk,3188.51,CARD,CAPTURED,,2025-02-20T12:28:53Z,,
PAY-0590,ORD-590,pay_000590axkkkkkkkkkk,613.78,CARD,CAPTURED,,2025-02-20T12:05:10Z,,
PAY-0591,ORD-591,pay_000591axkkkkkkkkkk,299.0,CARD,CAPTURED,,2025-02-20T13:45:34Z,,
PAY-0592,ORD-592,pay_000592axkkkkkkk,299.0,WALLET,CAPTURED,,2025-02-20T21:21:24Z,,
PAY-0593,ORD-593,pay_000593axkkkkkkkk,6078.46,UPI,CAPTURED,,2025-02-20T19:48:43Z,,
PAY-0594,ORD-594,pay_000594axkkkkkkkkkk,1352.31,CARD,CAPTURED,,2025-02-20T20:39:09Z,,
PAY-0595,ORD-595,pay_000595axkkkkkk,1989.44,CARD,CAPTURED,,2025-02-20T22:21:44Z,,
PAY-0596,ORD-596,pay_000596axkkkkk,1112.8,CARD,CAPTURED,,2025-02-21T04:55:04Z,,
PAY-0597,ORD-597,pay_000597axkkkkkkkkkk,4312.93,EMI,CAPTURED,,2025-02-21T06:25:10Z,,
PAY-0598,ORD-598,pay_000598axkkkk,2504.5,CARD,CAPTURED,,2025-02-21T09:02:33Z,,
PAY-0599,ORD-599,pay_000599axkkkk,570.34,NETBANKING,CAPTURED,,2025-02-21T05:09:51Z,,
PAY-0600,ORD-600,pay_000600axkkkkkkkkkk,299.0,CARD,CAPTURED,,2025-02-21T07:05:11Z,,
PAY-0601,ORD-601,pay_000601axkkkkk,377.44,EMI,CAPTURED,,2025-02-21T07:16:14Z,,
PAY-0602,ORD-602,pay_000602axkkkkkk,431.55,CARD,CAPTURED,,2025-02-21T14:43:38Z,,
PAY-0603,ORD-603,pay_000603axkkkkkkkkk,5894.72,CARD,CAPTURED,,2025-02-21T12:21:32Z,,
PAY-0604,ORD-604,pay_000604axkkkkk,474.84,EMI,CAPTURED,,2025-02-21T16:22:32Z,,
PAY-0605,ORD-605,pay_000605axkkkkkk,1013.99,UPI,CAPTURED,,2025-02-21T17:30:05Z,,
PAY-0606,ORD-606,pay_000606axkkkkkk,580.55,CARD,CAPTURED,,2025-02-21T18:55:50Z,,
PAY-0607,ORD-607,pay_000607axkkkkkkkkkk,1805.91,NETBANKING,CAPTURED,,2025-02-22T02:07:37Z,,
PAY-0608,ORD-608,pay_000608axkkkk,1048.08,UPI,CAPTURED,,2025-02-21T20:55:20Z,,
PAY-0609,ORD-609,pay_000609axkkkkkkkkk,299.0,CARD,CAPTURED,,2025-02-22T05:04:38Z,,
PAY-0610,ORD-610,pay_000610axkkkkk,2510.39,UPI,CAPTURED,,2025-02-22T02:37:37Z,,
PAY-0612,ORD-612,pay_000612axkkkkkkkkkk,300.56,UPI,CAPTURED,,2025-02-22T09:46:16Z,,
PAY-0613,ORD-613,pay_000613axkkkkkk,2663.68,CARD,CAPTURED,,2025-02-22T10:24:00Z,,
PAY-0614,ORD-614,pay_000614axkkkk,1126.03,UPI,CAPTURED,,2025-02-22T11:07:57Z,,
PAY-0615,ORD-615,pay_000615axkkkkkkk,1359.61,UPI,CAPTURED,,2025-02-22T15:49:39Z,,
PAY-0616,ORD-616,pay_000616axkkkkk,4064.02,CARD,CAPTURED,,2025-02-22T18:56:10Z,,
PAY-0617,ORD-617,pay_000617axkkkkkkkkk,4787.74,UPI,CAPTURED,,2025-02-22T18:09:08Z,,
PAY-0618,ORD-618,pay_000618axkkkk,20585.67,CARD,CAPTURED,,2025-02-22T18:05:01Z,,
PAY-0619,ORD-619,pay_000619axkkkkkkk,4512.52,WALLET,CAPTURED,,2025-02-22T17:15:07Z,,
PAY-0620,ORD-620,pay_000620axkkkkkkkkk,2051.88,WALLET,CAPTURED,,2025-02-22T20:07:54Z,,
PAY-0621,ORD-621,pay_000621axkkkk,653.6,NETBANKING,CAPTURED,,2025-02-23T04:58:46Z,,
PAY-0622,ORD-622,pay_000622axkkkkk,1396.51,NETBANKING,CAPTURED,,2025-02-23T01:03:19Z,,
PAY-0623,ORD-623,pay_000623axkkkkkkkk,897.99,CARD,CAPTURED,,2025-02-23T02:18:03Z,,
PAY-0624,ORD-624,pay_000624axkkkkkk,2682.91,CARD,CAPTURED,,2025-02-23T07:52:29Z,,
PAY-0625,ORD-625,pay_000625axkkkkkkk,1585.86,CARD,CAPTURED,,2025-02-23T06:56:15Z,,
PAY-0626,ORD-626,pay_000626axkkkkkkk,872.27,UPI,CAPTURED,,2025-02-23T06:38:03Z,,
PAY-0627,ORD-627,pay_000627axkkkkkkk,650.54,UPI,CAPTURED,,2025-02-23T09:21:14Z,,
PAY-0628,ORD-628,pay_000628axkkkk,2499.1,UPI,CAPTURED,,2025-02-23T15:32:43Z,,
PAY-0629,ORD-629,pay_000629axkkkk,2464.36,UPI,CAPTURED,,2025-02-23T15:52:06Z,,
PAY-0630,ORD-630,pay_000630axkkkkkk,839.09,CARD,CAPTURED,,2025-02-23T17:03:27Z,,
PAY-0631,ORD-631,pay_000631axkkkk,299.0,UPI,CAPTURED,,2025-02-23T22:26:24Z,,
PAY-0632,ORD-632,pay_000632axkkkkk,968.17,CARD,CAPTURED,,2025-02-24T00:50:53Z,,
PAY-0633,ORD-633,pay_000633axkkkk,2243.78,CARD,CAPTURED,,2025-02-23T22:25:35Z,,
PAY-0634,ORD-634,pay_000634axkkkkkkkkkk,1254.22,UPI,CAPTURED,,2025-02-24T01:28:28Z,,
PAY-0636,ORD-636,pay_000636axkkkk,1420.78,UPI,CAPTURED,,2025-02-24T05:55:12Z,,
PAY-0636-2,ORD-636,pay_000636bxkkkkk,947.19,UPI,CAPTURED,,2025-02-24T06:00:12Z,,
PAY-0637,ORD-637,pay_000637axkkkkkkkkk,2785.03,UPI,CAPTURED,,2025-02-24T04:22:56Z,,
PAY-0638,ORD-638,pay_000638axkkkkk,561.73,CARD,CAPTURED,,2025-02-24T08:37:01Z,,
PAY-0639,ORD-639,pay_000639axkkkkkkkkkk,1242.09,UPI,CAPTURED,,2025-02-24T12:07:24Z,,
PAY-0640,ORD-640,pay_000640axkkkkk,2771.07,UPI,CAPTURED,,2025-02-24T10:45:12Z,,
PAY-0641,ORD-641,pay_000641axkkkk,395.58,EMI,CAPTURED,,2025-02-24T13:17:22Z,,
PAY-0642,ORD-642,pay_000642axkkkkkkkk,532.32,CARD,CAPTURED,,2025-02-24T13:14:23Z,,
PAY-0643,ORD-643,pay_000643axkkkkkkkkkk,793.61,UPI,CAPTURED,,2025-02-24T21:05:06Z,,
PAY-0644,ORD-644,pay_000644axkkkkkk,4146.28,WALLET,CAPTURED,,2025-02-24T20:37:02Z,,
PAY-0645,ORD-645,pay_000645axkkkkkk,8169.61,CARD,CAPTURED,,2025-02-24T18:27:41Z,,
PAY-0646,ORD-646,pay_000646axkkkkkk,1052.9,UPI,CAPTURED,,2025-02-25T01:02:34Z,,
PAY-0647,ORD-647,pay_000647axkkkkkkkkkk,1663.85,EMI,CAPTURED,,2025-02-25T05:42:58Z,,
PAY-0648,ORD-648,pay_000648axkkkkkkkkk,667.21,CARD,CAPTURED,,2025-02-25T05:07:26Z,,
PAY-0649,ORD-649,pay_000649axkkkkkkk,4854.24,CARD,CAPTURED,,2025-02-25T08:13:22Z,,
PAY-0650,ORD-650,pay_000650axkkkk,299.0,UPI,CAPTURED,,2025-02-25T10:25:02Z,,
PAY-0651,ORD-651,pay_000651axkkkkkkkkk,299.0,UPI,CAPTURED,,2025-02-25T12:26:13Z,,
PAY-0652,ORD-652,pay_000652axkkkkkkk,2818.2,CARD,CAPTURED,,2025-02-25T14:18:24Z,,
PAY-0653,ORD-653,pay_000653axkkkkkkkkk,2818.57,WALLET,CAPTURED,,2025-02-25T15:50:00Z,,
PAY-0654,ORD-654,pay_000654axkkkkkkkk,783.8,WALLET,CAPTURED,,2025-02-25T13:13:14Z,,
PAY-0655,ORD-655,pay_000655axkkkkkk,4054.59,WALLET,CAPTURED,,2025-02-25T16:43:24Z,,
PAY-0656,ORD-656,pay_000656axkkkkkk,526.77,UPI,CAPTURED,,2025-02-25T19:12:55Z,,
PAY-0657,ORD-657,pay_000657axkkkkkk,1010.33,NETBANKING,CAPTURED,,2025-02-25T17:59:27Z,,
PAY-0658,ORD-658,pay_000658axkkkkkkk,2748.08,WALLET,CAPTURED,,2025-02-26T01:16:53Z,,
PAY-0659,ORD-659,pay_000659axkkkk,317.21,UPI,CAPTURED,,2025-02-26T00:05:19Z,,
PAY-0660,ORD-660,pay_000660axkkkkk,512.14,WALLET,CAPTURED,,2025-02-26T04:40:11Z,,
PAY-0661,ORD-661,pay_000661axkkkkkkkkk,679.41,UPI,CAPTURED,,2025-02-26T03:34:11Z,,
PAY-0662,ORD-662,pay_000662axkkkk,733.34,NETBANKING,CAPTURED,,2025-02-26T08:42:54Z,,
PAY-0663,ORD-663,pay_000663axkkkkk,6676.4,CARD,CAPTURED,,2025-02-26T12:17:37Z,,
PAY-0664,ORD-664,pay_000664axkkkkkk,2444.05,CARD,CAPTURED,,2025-02-26T07:27:25Z,,
PAY-0665,ORD-665,pay_000665axkkkkkkkkkk,343.42,CARD,CAPTURED,,2025-02-26T14:46:19Z,,
PAY-0666,ORD-666,pay_000666axkkkkkk,1202.94,UPI,CAPTURED,,2025-02-26T13:00:07Z,,
PAY-0667,ORD-667,pay_000667axkkkkkkkkk,1347.73,UPI,CAPTURED,,2025-02-26T16:45:57Z,,
PAY-0668,ORD-668,pay_000668axkkkkk,981.31,CARD,CAPTURED,,2025-02-26T16:56:46Z,,
PAY-0669,ORD-669,pay_000669axkkkk,5421.23,CARD,CAPTURED,,2025-02-26T22:01:56Z,,
PAY-0670,ORD-670,pay_000670axkkkkkkkkk,306.26,CARD,CAPTURED,,2025-02-26T21:37:39Z,,
PAY-0671,ORD-671,pay_000671axkkkk,619.06,EMI,CAPTURED,,2025-02-26T22:42:37Z,,
PAY-0672,ORD-672,pay_000672axkkkkk,3418.77,UPI,CAPTURED,,2025-02-27T01:28:07Z,,
PAY-0673,ORD-673,pay_000673axkkkkkk,6965.08,EMI,CAPTURED,,2025-02-27T06:03:00Z,,
PAY-0674,ORD-674,pay_000674axkkkkk,2583.97,UPI,CAPTURED,,2025-02-27T04:07:35Z,,
PAY-0675,ORD-675,pay_000675axkkkk,690.62,CARD,CAPTURED,,2025-02-27T08:23:45Z,,
PAY-0676,ORD-676,pay_000676axkkkkkkk,2793.82,CARD,CAPTURED,,2025-02-27T06:28:21Z,,
PAY-0677,ORD-677,pay_000677axkkkkkkk,455.14,CARD,CAPTURED,,2025-02-27T08:54:30Z,,
PAY-0678,ORD-678,pay_000678axkkkkkkk,2989.45,UPI,CAPTURED,,2025-02-27T12:57:13Z,,
PAY-0678-2,ORD-678,pay_000678bxkkkkkkk,1992.96,UPI,CAPTURED,,2025-02-27T12:56:13Z,,
PAY-0679,ORD-679,pay_000679axkkkk,1387.68,UPI,CAPTURED,,2025-02-27T17:03:37Z,,
PAY-0680,ORD-680,pay_000680axkkkkkkkk,2372.38,CARD,CAPTURED,,2025-02-27T16:17:24Z,,
PAY-0681,ORD-681,pay_000681axkkkkkkkk,2878.52,NETBANKING,CAPTURED,,2025-02-27T21:03:08Z,,
PAY-0682,ORD-682,pay_000682axkkkkkkkkkk,6236.33,WALLET,CAPTURED,,2025-02-27T23:29:40Z,,
PAY-0683,ORD-683,pay_000683axkkkk,299.0,UPI,CAPTURED,,2025-02-27T20:12:00Z,,
PAY-0684,ORD-684,pay_000684axkkkk,794.66,WALLET,CAPTURED,,2025-02-28T01:54:00Z,,
PAY-0685,ORD-685,pay_000685axkkkkkkkkk,641.1,CARD,CAPTURED,,2025-02-28T03:24:31Z,,
PAY-0686,ORD-686,pay_000686axkkkkkkkkkk,1885.13,CARD,CAPTURED,,2025-02-28T02:57:57Z,,
PAY-0688,ORD-688,pay_000688axkkkkkkkk,2598.88,NETBANKING,CAPTURED,,2025-02-28T09:07:35Z,,
PAY-0689,ORD-689,pay_000689axkkkkkkkk,945.8,CARD,CAPTURED,,2025-02-28T13:25:32Z,,
PAY-0690,ORD-690,pay_000690axkkkkkkkkk,636.81,CARD,CAPTURED,,2025-02-28T07:44:18Z,,
PAY-0691,ORD-691,pay_000691axkkkkkkkkk,1751.14,NETBANKING,CAPTURED,,2025-02-28T12:19:55Z,,
PAY-0692,ORD-692,pay_000692axkkkkk,2396.7,CARD,CAPTURED,,2025-02-28T14:07:31Z,,
PAY-0693,ORD-693,pay_000693axkkkkkkkk,828.0,UPI,CAPTURED,,2025-02-28T15:19:30Z,,
PAY-0694,ORD-694,pay_000694axkkkk,3598.36,CARD,CAPTURED,,2025-02-28T19:25:21Z,,
PAY-0695,ORD-695,pay_000695axkkkk,624.15,UPI,CAPTURED,,2025-03-01T00:27:35Z,,
PAY-0696,ORD-696,pay_000696axkkkkk,2408.73,CARD,CAPTURED,,2025-03-01T00:27:04Z,,
PAY-0697,ORD-697,pay_000697axkkkkkkkkk,1877.64,CARD,CAPTURED,,2025-03-01T02:42:31Z,,
PAY-0699,ORD-699,pay_000699axkkkkkkkkk,299.0,NETBANKING,CAPTURED,,2025-03-01T03:40:56Z,,
PAY-0700,ORD-700,pay_000700axkkkkkkkkkk,299.0,EMI,CAPTURED,,2025-03-01T06:59:46Z,,
PAY-0701,ORD-701,pay_000701axkkkkkk,943.32,EMI,CAPTURED,,2025-03-01T08:42:58Z,,
PAY-0702,ORD-702,pay_000702axkkkkkkk,1156.96,CARD,CAPTURED,,2025-03-01T10:39:03Z,,
PAY-0703,ORD-703,pay_000703axkkkkkkkkkk,2541.5,CARD,CAPTURED,,2025-03-01T14:32:25Z,,
PAY-0704,ORD-704,pay_000704axkkkkkkk,480.75,CARD,CAPTURED,,2025-03-01T12:14:02Z,,
PAY-0705,ORD-705,pay_000705axkkkkkkkkk,1763.97,CARD,CAPTURED,,2025-03-01T17:06:22Z,,
PAY-0706,ORD-706,pay_000706axkkkkkk,444.95,CARD,CAPTURED,,2025-03-01T18:24:29Z,,
PAY-0707,ORD-707,pay_000707axkkkkkkk,6261.2,WALLET,CAPTURED,,2025-03-01T23:17:26Z,,
PAY-0708,ORD-708,pay_000708axkkkkkkkkkk,9315.64,CARD,CAPTURED,,2025-03-02T01:20:33Z,,
PAY-0709,ORD-709,pay_000709axkkkkkkkkk,299.0,UPI,CAPTURED,,2025-03-02T02:41:37Z,,
PAY-0710,ORD-710,pay_000710axkkkkk,1049.43,WALLET,CAPTURED,,2025-03-01T23:14:14Z,,
PAY-0711,ORD-711,pay_000711axkkkkkkkk,1431.29,UPI,CAPTURED,,2025-03-02T05:41:16Z,,
PAY-0712,ORD-712,pay_000712axkkkkkkkkkk,5878.15,CARD,CAPTURED,,2025-03-02T02:15:37Z,,
PAY-0713,ORD-713,pay_000713axkkkkkkkkkk,1261.87,CARD,CAPTURED,,2025-03-02T06:09:10Z,,
PAY-0714,ORD-714,pay_000714axkkkkkkkk,6748.01,CARD,CAPTURED,,2025-03-02T09:59:34Z,,
PAY-0715,ORD-715,pay_000715axkkkkkk,2236.05,CARD,CAPTURED,,2025-03-02T13:27:29Z,,
PAY-0716,ORD-716,pay_000716axkkkkkkkkkk,1485.72,UPI,CAPTURED,,2025-03-02T14:58:29Z,,
PAY-0717,ORD-717,pay_000717axkkkkkkkkkk,387.72,CARD,CAPTURED,,2025-03-02T16:37:52Z,,
PAY-0718,ORD-718,pay_000718axkkkkkkk,742.24,UPI,CAPTURED,,2025-03-02T16:01:37Z,,
PAY-0720,ORD-720,pay_000720axkkkkkkkkkk,937.98,CARD,CAPTURED,,2025-03-03T00:10:16Z,,
PAY-0721,ORD-721,pay_000721axkkkkk,865.33,WALLET,CAPTURED,,2025-03-03T01:32:24Z,,
PAY-0722,ORD-722,pay_000722axkkkk,1339.18,UPI,CAPTURED,,2025-03-02T22:51:19Z,,
PAY-0723,ORD-723,pay_000723axkkkkkkkkkk,2615.24,WALLET,CAPTURED,,2025-03-03T04:27:22Z,,
PAY-0724,ORD-724,pay_000724axkkkkkkkk,12160.0,UPI,CAPTURED,,2025-03-03T03:01:19Z,,
PAY-0725,ORD-725,pay_000725axkkkkkkkkk,3414.68,CARD,CAPTURED,,2025-03-03T04:22:22Z,,
PAY-0726,ORD-726,pay_000726axkkkkkkkkk,2516.71,UPI,CAPTURED,,2025-03-03T11:38:02Z,,
PAY-0727,ORD-727,pay_000727axkkkkkkk,2022.05,UPI,CAPTURED,,2025-03-03T07:56:10Z,,
PAY-0728,ORD-728,pay_000728axkkkkkkkkk,3165.68,CARD,CAPTURED,,2025-03-03T09:12:46Z,,
PAY-0729,ORD-729,pay_000729axkkkkkkkkkk,1720.02,UPI,CAPTURED,,2025-03-03T10:00:30Z,,
PAY-0730,ORD-730,pay_000730axkkkkkkkkk,2189.55,UPI,CAPTURED,,2025-03-03T12:03:17Z,,
PAY-0732,ORD-732,pay_000732axkkkkk,660.44,EMI,CAPTURED,,2025-03-03T19:42:17Z,,
PAY-0733,ORD-733,pay_000733axkkkkkkkk,1153.27,CARD,CAPTURED,,2025-03-03T23:07:30Z,,
PAY-0734,ORD-734,pay_000734axkkkkkkkkk,473.56,CARD,CAPTURED,,2025-03-04T03:10:36Z,,
PAY-0735,ORD-735,pay_000735axkkkkk,323.21,CARD,CAPTURED,,2025-03-04T04:22:06Z,,
PAY-0736,ORD-736,pay_000736axkkkkkk,2081.76,CARD,CAPTURED,,2025-03-03T23:57:03Z,,
PAY-0737,ORD-737,pay_000737axkkkkkkk,2078.25,UPI,CAPTURED,,2025-03-04T05:13:53Z,,
PAY-0738,ORD-738,pay_000738axkkkkkkkk,1276.88,UPI,CAPTURED,,2025-03-04T06:34:22Z,,
PAY-0739,ORD-739,pay_000739axkkkkkkk,352.61,CARD,CAPTURED,,2025-03-04T10:30:51Z,,
PAY-0740,ORD-740,pay_000740axkkkkkk,2119.14,UPI,CAPTURED,,2025-03-04T11:48:10Z,,
PAY-0741,ORD-741,pay_000741axkkkkkk,1308.67,CARD,CAPTURED,,2025-03-04T10:15:51Z,,
PAY-0742,ORD-742,pay_000742axkkkk,3214.21,CARD,CAPTURED,,2025-03-04T17:10:50Z,,
PAY-0743,ORD-743,pay_000743axkkkk,423.24,CARD,CAPTURED,,2025-03-04T18:52:42Z,,
PAY-0744,ORD-744,pay_000744axkkkkkk,540.22,CARD,CAPTURED,,2025-03-04T17:38:59Z,,
PAY-0745,ORD-745,pay_000745axkkkkkk,1053.86,CARD,CAPTURED,,2025-03-04T20:39:08Z,,
PAY-0746,ORD-746,pay_000746axkkkk,584.33,CARD,CAPTURED,,2025-03-04T21:39:17Z,,
PAY-0747,ORD-747,pay_000747axkkkkkkkkk,890.45,WALLET,CAPTURED,,2025-03-04T22:14:08Z,,
PAY-0748,ORD-748,pay_000748axkkkkkkkkkk,1974.0,UPI,CAPTURED,,2025-03-04T23:23:22Z,,
PAY-0749,ORD-749,pay_000749axkkkk,584.27,EMI,CAPTURED,,2025-03-05T05:49:56Z,,
PAY-0749-2,ORD-749,pay_000749bxkkkkkkkk,389.52,EMI,CAPTURED,,2025-03-05T05:55:56Z,,
PAY-0750,ORD-750,pay_000750axkkkkkk,430.48,CARD,CAPTURED,,2025-03-05T07:49:03Z,,
PAY-0751,ORD-751,pay_000751axkkkkkkkk,324.35,UPI,CAPTURED,,2025-03-05T03:36:25Z,,
PAY-0752,ORD-752,pay_000752axkkkkkk,184.75,NETBANKING,CAPTURED,,2025-03-05T12:17:23Z,,
PAY-0752-2,ORD-752,pay_000752bxkkkk,123.16,NETBANKING,CAPTURED,,2025-03-05T12:11:23Z,,
PAY-0753,ORD-753,pay_000753axkkkkkkkkkk,350.31,UPI,CAPTURED,,2025-03-05T15:16:03Z,,
PAY-0754,ORD-754,pay_000754axkkkk,1781.85,UPI,CAPTURED,,2025-03-05T16:20:33Z,,
PAY-0755,ORD-755,pay_000755axkkkkkkk,1173.68,CARD,CAPTURED,,2025-03-05T12:13:06Z,,
PAY-0756,ORD-756,pay_000756axkkkkkkkk,1376.73,NETBANKING,CAPTURED,,2025-03-05T20:11:53Z,,
PAY-0757,ORD-757,pay_000757axkkkkkkk,299.0,CARD,CAPTURED,,2025-03-05T18:42:49Z,,
PAY-0758,ORD-758,pay_000758axkkkkkkkkk,7264.81,CARD,CAPTURED,,2025-03-05T19:00:01Z,,
PAY-0759,ORD-759,pay_000759axkkkk,1027.1,UPI,CAPTURED,,2025-03-05T20:20:26Z,,
PAY-0760,ORD-760,pay_000760axkkkkk,236.2,UPI,CAPTURED,,2025-03-06T03:59:25Z,,
PAY-0760-2,ORD-760,pay_000760bxkkkk,157.47,UPI,CAPTURED,,2025-03-06T04:00:25Z,,
PAY-0761,ORD-761,pay_000761axkkkkk,552.34,WALLET,CAPTURED,,2025-03-06T05:04:11Z,,
PAY-0762,ORD-762,pay_000762axkkkk,757.23,CARD,CAPTURED,,2025-03-06T05:03:53Z,,
PAY-0763,ORD-763,pay_000763axkkkkkkkk,7120.49,CARD,CAPTURED,,2025-03-06T06:32:35Z,,
PAY-0764,ORD-764,pay_000764axkkkkkkkkkk,519.09,EMI,CAPTURED,,2025-03-06T04:45:10Z,,
PAY-0765,ORD-765,pay_000765axkkkkkk,1235.17,CARD,CAPTURED,,2025-03-06T11:16:03Z,,
PAY-0766,ORD-766,pay_000766axkkkkk,1383.01,CARD,CAPTURED,,2025-03-06T10:26:35Z,,
PAY-0767,ORD-767,pay_000767axkkkkkkkk,299.0,CARD,CAPTURED,,2025-03-06T17:47:41Z,,
PAY-0768,ORD-768,pay_000768axkkkkkkk,2830.64,NETBANKING,CAPTURED,,2025-03-06T13:07:31Z,,
PAY-0769,ORD-769,pay_000769axkkkkk,299.0,WALLET,CAPTURED,,2025-03-06T17:49:25Z,,
PAY-0770,ORD-770,pay_000770axkkkkkkkk,3307.45,WALLET,CAPTURED,,2025-03-06T16:48:49Z,,
PAY-0771,ORD-771,pay_000771axkkkkkkkkkk,3624.83,UPI,CAPTURED,,2025-03-07T00:45:32Z,,
PAY-0772,ORD-772,pay_000772axkkkkkkkkk,3221.86,WALLET,CAPTURED,,2025-03-06T23:45:30Z,,
PAY-0773,ORD-773,pay_000773axkkkk,3719.82,CARD,CAPTURED,,2025-03-07T03:31:12Z,,
PAY-0774,ORD-774,pay_000774axkkkkkkk,827.1,UPI,CAPTURED,,2025-03-07T04:04:34Z,,
PAY-0774-2,ORD-774,pay_000774bxkkkkkkkkkk,551.4,UPI,CAPTURED,,2025-03-07T03:57:34Z,,
PAY-0775,ORD-775,pay_000775axkkkkkkk,1010.68,UPI,CAPTURED,,2025-03-07T06:19:36Z,,
PAY-0776,ORD-776,pay_000776axkkkkkkk,434.3,UPI,CAPTURED,,2025-03-07T08:32:26Z,,
PAY-0777,ORD-777,pay_000777axkkkkkkk,299.0,CARD,CAPTURED,,2025-03-07T07:45:24Z,,
PAY-0778,ORD-778,pay_000778axkkkkkkkkk,4022.3,CARD,CAPTURED,,2025-03-07T13:42:28Z,,
PAY-0779,ORD-779,pay_000779axkkkkkk,613.97,WALLET,CAPTURED,,2025-03-07T12:36:34Z,,
PAY-0780,ORD-780,pay_000780axkkkkkk,299.0,CARD,CAPTURED,,2025-03-07T16:21:19Z,,
PAY-0781,ORD-781,pay_000781axkkkkkk,1177.2,UPI,CAPTURED,,2025-03-07T20:06:43Z,,
PAY-0782,ORD-782,pay_000782axkkkkkkkkkk,408.27,WALLET,CAPTURED,,2025-03-07T20:50:18Z,,
PAY-0783,ORD-783,pay_000783axkkkkkkkkk,714.01,UPI,CAPTURED,,2025-03-07T20:55:02Z,,
PAY-0783-2,ORD-783,pay_000783bxkkkkkkkkkk,476.0,UPI,CAPTURED,,2025-03-07T21:03:02Z,,
PAY-0784,ORD-784,pay_000784axkkkkkkkk,2193.88,CARD,CAPTURED,,2025-03-07T22:13:17Z,,
PAY-0785,ORD-785,pay_000785axkkkkkkk,299.0,UPI,CAPTURED,,2025-03-08T03:45:43Z,,
PAY-0786,ORD-786,pay_000786axkkkk,299.0,UPI,CAPTURED,,2025-03-08T02:59:11Z,,
PAY-0787,ORD-787,pay_000787axkkkkkkkkkk,1655.08,WALLET,CAPTURED,,2025-03-08T04:06:22Z,,
PAY-0788,ORD-788,pay_000788axkkkkkkk,1937.58,CARD,CAPTURED,,2025-03-08T03:07:39Z,,
PAY-0789,ORD-789,pay_000789axkkkkkkkkk,7327.73,CARD,CAPTURED,,2025-03-08T10:27:44Z,,
PAY-0790,ORD-790,pay_000790axkkkkkkkk,1432.38,UPI,CAPTURED,,2025-03-08T13:27:58Z,,
PAY-0791,ORD-791,pay_000791axkkkkkkk,1671.21,NETBANKING,CAPTURED,,2025-03-08T11:54:35Z,,
PAY-0792,ORD-792,pay_000792axkkkkkkk,6076.03,CARD,CAPTURED,,2025-03-08T13:22:01Z,,
PAY-0793,ORD-793,pay_000793axkkkkkkkkkk,299.0,CARD,CAPTURED,,2025-03-08T13:47:39Z,,
PAY-0794,ORD-794,pay_000794axkkkkkkkk,3535.3,UPI,CAPTURED,,2025-03-08T20:10:32Z,,
PAY-0795,ORD-795,pay_000795axkkkkkkk,1086.12,CARD,CAPTURED,,2025-03-08T17:16:52Z,,
PAY-0796,ORD-796,pay_000796axkkkkkk,1861.1,CARD,CAPTURED,,2025-03-09T00:37:23Z,,
PAY-0797,ORD-797,pay_000797axkkkkkkkkk,398.29,UPI,CAPTURED,,2025-03-09T00:37:50Z,,
PAY-0798,ORD-798,pay_000798axkkkkkkkkk,576.52,NETBANKING,CAPTURED,,2025-03-08T23:10:54Z,,
PAY-0799,ORD-799,pay_000799axkkkkkkkkkk,7045.13,CARD,CAPTURED,,2025-03-09T05:44:35Z,,
PAY-0800,ORD-800,pay_000800axkkkkkkkkk,916.93,CARD,CAPTURED,,2025-03-09T07:37:55Z,,
PAY-0801,ORD-801,pay_000801axkkkkkk,2552.19,UPI,CAPTURED,,2025-03-09T07:12:46Z,,
PAY-0802,ORD-802,pay_000802axkkkkkkkkkk,8769.05,UPI,CAPTURED,,2025-03-09T08:49:37Z,,
PAY-0803,ORD-803,pay_000803axkkkk,11983.52,CARD,CAPTURED,,2025-03-09T12:06:07Z,,
PAY-0804,ORD-804,pay_000804axkkkk,650.85,CARD,CAPTURED,,2025-03-09T10:19:22Z,,
PAY-0805,ORD-805,pay_000805axkkkkkk,1000.79,UPI,CAPTURED,,2025-03-09T12:38:33Z,,
PAY-0806,ORD-806,pay_000806axkkkkkk,2563.9,CARD,CAPTURED,,2025-03-09T15:53:41Z,,
PAY-0807,ORD-807,pay_000807axkkkkkkkkkk,1655.51,CARD,CAPTURED,,2025-03-09T14:36:38Z,,
PAY-0808,ORD-808,pay_000808axkkkkkkk,299.0,UPI,CAPTURED,,2025-03-09T22:17:53Z,,
PAY-0809,ORD-809,pay_000809axkkkkkk,805.84,CARD,CAPTURED,,2025-03-09T20:26:07Z,,
PAY-0810,ORD-810,pay_000810axkkkk,5100.06,NETBANKING,CAPTURED,,2025-03-09T21:42:00Z,,
PAY-0811,ORD-811,pay_000811axkkkk,299.0,NETBANKING,CAPTURED,,2025-03-09T23:50:13Z,,
PAY-0812,ORD-812,pay_000812axkkkkkkkk,545.2,NETBANKING,CAPTURED,,2025-03-10T02:32:07Z,,
PAY-0813,ORD-813,pay_000813axkkkkkkkkk,390.03,CARD,CAPTURED,,2025-03-10T04:12:11Z,,
PAY-0814,ORD-814,pay_000814axkkkkkkkk,4737.94,NETBANKING,CAPTURED,,2025-03-10T07:56:26Z,,
PAY-0815,ORD-815,pay_000815axkkkkkkkkk,1005.92,UPI,CAPTURED,,2025-03-10T05:40:20Z,,
PAY-0816,ORD-816,pay_000816axkkkkk,764.55,WALLET,CAPTURED,,2025-03-10T08:21:46Z,,
PAY-0817,ORD-817,pay_000817axkkkk,299.0,NETBANKING,CAPTURED,,2025-03-10T10:20:26Z,,
PAY-0818,ORD-818,pay_000818axkkkkkkkkk,5824.58,CARD,CAPTURED,,2025-03-10T12:58:14Z,,
PAY-0819,ORD-819,pay_000819axkkkkk,4631.85,CARD,CAPTURED,,2025-03-10T16:17:00Z,,
PAY-0820,ORD-820,pay_000820axkkkkkk,1131.86,CARD,CAPTURED,,2025-03-10T20:49:41Z,,
PAY-0820-2,ORD-820,pay_000820bxkkkkkkkkkk,754.58,CARD,CAPTURED,,2025-03-10T20:53:41Z,,
PAY-0821,ORD-821,pay_000821axkkkk,299.0,CARD,CAPTURED,,2025-03-10T17:48:01Z,,
PAY-0822,ORD-822,pay_000822axkkkkkkk,869.3,CARD,CAPTURED,,2025-03-11T00:48:14Z,,
PAY-0823,ORD-823,pay_000823axkkkkkkkk,427.86,CARD,CAPTURED,,2025-03-10T22:04:09Z,,
PAY-0824,ORD-824,pay_000824axkkkkkkkk,1963.34,UPI,CAPTURED,,2025-03-10T22:41:15Z,,
PAY-0825,ORD-825,pay_000825axkkkkk,45000.0,EMI,CAPTURED,,2025-03-11T03:57:38Z,,
PAY-0827,ORD-827,pay_000827axkkkkkkk,3004.27,CARD,CAPTURED,,2025-03-11T06:59:31Z,,
PAY-0828,ORD-828,pay_000828axkkkkkkkkkk,1668.37,UPI,CAPTURED,,2025-03-11T10:40:01Z,,
PAY-0829,ORD-829,pay_000829axkkkk,572.09,UPI,CAPTURED,,2025-03-11T11:56:01Z,,
PAY-0830,ORD-830,pay_000830axkkkkk,1680.53,CARD,CAPTURED,,2025-03-11T13:27:30Z,,
PAY-0831,ORD-831,pay_000831axkkkkkkkkkk,1239.82,CARD,CAPTURED,,2025-03-11T11:56:18Z,,
PAY-0832,ORD-832,pay_000832axkkkk,1292.19,CARD,CAPTURED,,2025-03-11T15:08:08Z,,
PAY-0833,ORD-833,pay_000833axkkkkkkkkkk,874.48,CARD,CAPTURED,,2025-03-11T22:55:55Z,,
PAY-0834,ORD-834,pay_000834axkkkkk,3050.14,UPI,CAPTURED,,2025-03-11T20:48:23Z,,
PAY-0835,ORD-835,pay_000835axkkkkk,8060.49,CARD,CAPTURED,,2025-03-11T22:26:30Z,,
PAY-0836,ORD-836,pay_000836axkkkkkk,1258.51,CARD,CAPTURED,,2025-03-12T03:50:05Z,,
PAY-0837,ORD-837,pay_000837axkkkkk,853.63,UPI,CAPTURED,,2025-03-12T04:07:32Z,,
PAY-0838,ORD-838,pay_000838axkkkkkkkkkk,2874.83,UPI,CAPTURED,,2025-03-12T07:03:15Z,,
PAY-0839,ORD-839,pay_000839axkkkk,4499.55,UPI,CAPTURED,,2025-03-12T02:39:58Z,,
PAY-0840,ORD-840,pay_000840axkkkkkkk,857.26,UPI,CAPTURED,,2025-03-12T12:23:03Z,,
PAY-0841,ORD-841,pay_000841axkkkkkkk,449.57,UPI,CAPTURED,,2025-03-12T13:17:10Z,,
PAY-0842,ORD-842,pay_000842axkkkkkkkk,1362.73,UPI,CAPTURED,,2025-03-12T13:39:19Z,,
PAY-0843,ORD-843,pay_000843axkkkk,800.81,EMI,CAPTURED,,2025-03-12T13:48:32Z,,
PAY-0844,ORD-844,pay_000844axkkkkkkk,1322.28,CARD,CAPTURED,,2025-03-12T16:29:09Z,,
PAY-0845,ORD-845,pay_000845axkkkkk,1427.07,UPI,CAPTURED,,2025-03-12T14:09:45Z,,
PAY-0846,ORD-846,pay_000846axkkkk,2224.24,CARD,CAPTURED,,2025-03-12T19:03:31Z,,
PAY-0847,ORD-847,pay_000847axkkkk,2517.49,UPI,CAPTURED,,2025-03-12T20:39:21Z,,
PAY-0848,ORD-848,pay_000848axkkkkkkk,1510.64,UPI,CAPTURED,,2025-03-13T02:33:39Z,,
PAY-0849,ORD-849,pay_000849axkkkk,12313.53,UPI,CAPTURED,,2025-03-13T01:05:01Z,,
PAY-0850,ORD-850,pay_000850axkkkkkkkk,414.1,CARD,CAPTURED,,2025-03-13T07:25:00Z,,
PAY-0851,ORD-851,pay_000851axkkkkkk,509.94,UPI,CAPTURED,,2025-03-13T08:55:12Z,,
PAY-0852,ORD-852,pay_000852axkkkkkkk,1614.25,WALLET,CAPTURED,,2025-03-13T07:10:30Z,,
PAY-0853,ORD-853,pay_000853axkkkkkk,247.84,CARD,CAPTURED,,2025-03-13T10:03:28Z,,
PAY-0853-2,ORD-853,pay_000853bxkkkkkkkk,165.22,CARD,CAPTURED,,2025-03-13T09:58:28Z,,
PAY-0854,ORD-854,pay_000854axkkkkk,831.93,UPI,CAPTURED,,2025-03-13T14:00:38Z,,
PAY-0855,ORD-855,pay_000855axkkkk,1920.68,CARD,CAPTURED,,2025-03-13T15:47:29Z,,
PAY-0856,ORD-856,pay_000856axkkkkkkkkkk,714.24,NETBANKING,CAPTURED,,2025-03-13T15:41:24Z,,
PAY-0857,ORD-857,pay_000857axkkkkkkkk,1054.2,UPI,CAPTURED,,2025-03-13T20:06:52Z,,
PAY-0858,ORD-858,pay_000858axkkkkkkkkkk,1652.37,CARD,CAPTURED,,2025-03-13T20:14:21Z,,
PAY-0859,ORD-859,pay_000859axkkkkkkkkk,798.68,UPI,CAPTURED,,2025-03-13T18:28:13Z,,
PAY-0860,ORD-860,pay_000860axkkkkkkk,4665.6,UPI,CAPTURED,,2025-03-13T22:53:17Z,,
PAY-0861,ORD-861,pay_000861axkkkkkk,1667.41,UPI,CAPTURED,,2025-03-13T22:15:21Z,,
PAY-0862,ORD-862,pay_000862axkkkkkk,1542.68,EMI,CAPTURED,,2025-03-14T00:40:27Z,,
PAY-0863,ORD-863,pay_000863axkkkkkkkkk,299.0,UPI,CAPTURED,,2025-03-14T04:14:17Z,,
PAY-0864,ORD-864,pay_000864axkkkkkk,2258.87,UPI,CAPTURED,,2025-03-14T06:20:22Z,,
PAY-0865,ORD-865,pay_000865axkkkkkkkkk,1172.46,CARD,CAPTURED,,2025-03-14T04:19:52Z,,
PAY-0866,ORD-866,pay_000866axkkkkkkkk,2276.73,UPI,CAPTURED,,2025-03-14T09:15:16Z,,
PAY-0867,ORD-867,pay_000867axkkkkkkkk,5702.44,CARD,CAPTURED,,2025-03-14T10:51:20Z,,
PAY-0868,ORD-868,pay_000868axkkkkkk,1529.35,UPI,CAPTURED,,2025-03-14T15:49:55Z,,
PAY-0869,ORD-869,pay_000869axkkkkk,1505.76,NETBANKING,CAPTURED,,2025-03-14T17:49:25Z,,
PAY-0870,ORD-870,pay_000870axkkkkkkkkkk,343.98,CARD,CAPTURED,,2025-03-14T20:39:16Z,,
PAY-0871,ORD-871,pay_000871axkkkkkkk,8813.51,CARD,CAPTURED,,2025-03-14T19:09:04Z,,
PAY-0872,ORD-872,pay_000872axkkkk,299.0,CARD,CAPTURED,,2025-03-14T23:53:37Z,,
PAY-0873,ORD-873,pay_000873axkkkkk,2389.01,UPI,CAPTURED,,2025-03-14T20:40:09Z,,
PAY-0874,ORD-874,pay_000874axkkkkk,299.0,CARD,CAPTURED,,2025-03-15T04:40:54Z,,
PAY-0875,ORD-875,pay_000875axkkkkkkkkk,1851.32,UPI,CAPTURED,,2025-03-15T03:17:00Z,,
PAY-0876,ORD-876,pay_000876axkkkkkkk,481.51,UPI,CAPTURED,,2025-03-15T02:09:20Z,,
PAY-0877,ORD-877,pay_000877axkkkkkk,840.94,CARD,CAPTURED,,2025-03-15T08:17:20Z,,
PAY-0878,ORD-878,pay_000878axkkkkkk,806.31,CARD,CAPTURED,,2025-03-15T09:27:05Z,,
PAY-0879,ORD-879,pay_000879axkkkkkkk,299.0,CARD,CAPTURED,,2025-03-15T06:46:58Z,,
PAY-0880,ORD-880,pay_000880axkkkkkkk,381.17,CARD,CAPTURED,,2025-03-15T11:55:19Z,,
PAY-0881,ORD-881,pay_000881axkkkkkkkkkk,3069.63,UPI,CAPTURED,,2025-03-15T15:48:15Z,,
PAY-0882,ORD-882,pay_000882axkkkk,299.0,UPI,CAPTURED,,2025-03-15T17:21:05Z,,
PAY-0883,ORD-883,pay_000883axkkkkkkkkkk,1135.25,CARD,CAPTURED,,2025-03-15T20:12:50Z,,
PAY-0883-2,ORD-883,pay_000883bxkkkk,756.83,CARD,CAPTURED,,2025-03-15T20:16:50Z,,
PAY-0884,ORD-884,pay_000884axkkkkkkk,6108.87,CARD,CAPTURED,,2025-03-15T16:18:25Z,,
PAY-0885,ORD-885,pay_000885axkkkkkk,299.0,CARD,CAPTURED,,2025-03-15T18:32:20Z,,
PAY-0886,ORD-886,pay_000886axkkkkk,41258.32,WALLET,CAPTURED,,2025-03-16T01:40:23Z,,
PAY-0887,ORD-887,pay_000887axkkkkkkk,432.84,CARD,CAPTURED,,2025-03-16T01:34:19Z,,
PAY-0888,ORD-888,pay_000888axkkkkkkkkkk,5321.53,EMI,CAPTURED,,2025-03-16T00:44:13Z,,
PAY-0889,ORD-889,pay_000889axkkkkkkkk,2214.47,CARD,CAPTURED,,2025-03-16T09:14:24Z,,
PAY-0890,ORD-890,pay_000890axkkkkkkkkk,299.0,CARD,CAPTURED,,2025-03-16T07:37:00Z,,
PAY-0891,ORD-891,pay_000891axkkkkkkkk,7975.44,UPI,CAPTURED,,2025-03-16T06:49:58Z,,
PAY-0892,ORD-892,pay_000892axkkkkkk,2043.31,CARD,CAPTURED,,2025-03-16T07:47:04Z,,
PAY-0893,ORD-893,pay_000893axkkkkkkkkkk,1305.78,CARD,CAPTURED,,2025-03-16T11:35:33Z,,
PAY-0894,ORD-894,pay_000894axkkkkk,299.0,UPI,CAPTURED,,2025-03-16T14:26:24Z,,
PAY-0895,ORD-895,pay_000895axkkkkkk,1451.71,WALLET,CAPTURED,,2025-03-16T15:56:00Z,,
PAY-0896,ORD-896,pay_000896axkkkkk,582.47,UPI,CAPTURED,,2025-03-16T16:33:42Z,,
PAY-0897,ORD-897,pay_000897axkkkkkkkkkk,3324.07,UPI,CAPTURED,,2025-03-16T20:56:18Z,,
PAY-0898,ORD-898,pay_000898axkkkkkkkkkk,715.31,EMI,CAPTURED,,2025-03-16T21:39:21Z,,
PAY-0899,ORD-899,pay_000899axkkkkkkkkk,299.0,UPI,CAPTURED,,2025-03-16T23:31:03Z,,
PAY-0900,ORD-900,pay_000900axkkkk,4298.73,UPI,CAPTURED,,2025-03-17T05:21:19Z,,
PAY-0901,ORD-901,pay_000901axkkkkkkkkk,1662.4,EMI,CAPTURED,,2025-03-17T03:42:32Z,,
PAY-0902,ORD-902,pay_000902axkkkkkkkk,833.84,UPI,CAPTURED,,2025-03-17T04:46:18Z,,
PAY-0903,ORD-903,pay_000903axkkkkkkkkkk,299.0,CARD,CAPTURED,,2025-03-17T11:02:55Z,,
PAY-0904,ORD-904,pay_000904axkkkkkkkk,1843.43,CARD,CAPTURED,,2025-03-17T13:35:26Z,,
PAY-0905,ORD-905,pay_000905axkkkkkkkkkk,1918.91,CARD,CAPTURED,,2025-03-17T11:42:11Z,,
PAY-0906,ORD-906,pay_000906axkkkkkkkkk,1937.52,UPI,CAPTURED,,2025-03-17T11:54:37Z,,
PAY-0907,ORD-907,pay_000907axkkkkkkkkk,1457.7,CARD,CAPTURED,,2025-03-17T19:24:41Z,,
PAY-0908,ORD-908,pay_000908axkkkkkkk,299.0,CARD,CAPTURED,,2025-03-17T14:11:19Z,,
PAY-0909,ORD-909,pay_000909axkkkkkkkk,299.0,NETBANKING,CAPTURED,,2025-03-17T19:43:19Z,,
PAY-0910,ORD-910,pay_000910axkkkkkkkkk,543.41,CARD,CAPTURED,,2025-03-17T17:39:56Z,,
PAY-0911,ORD-911,pay_000911axkkkkkkk,10325.47,CARD,CAPTURED,,2025-03-18T02:07:17Z,,
PAY-0912,ORD-912,pay_000912axkkkkkkkkk,364.34,CARD,CAPTURED,,2025-03-18T01:57:40Z,,
PAY-0914,ORD-914,pay_000914axkkkk,583.52,CARD,CAPTURED,,2025-03-18T04:10:57Z,,
PAY-0915,ORD-915,pay_000915axkkkkkkk,12553.67,CARD,CAPTURED,,2025-03-18T05:02:10Z,,
PAY-0916,ORD-916,pay_000916axkkkkkk,1180.62,CARD,CAPTURED,,2025-03-18T10:34:38Z,,
PAY-0917,ORD-917,pay_000917axkkkkk,2030.97,UPI,CAPTURED,,2025-03-18T07:12:56Z,,
PAY-0919,ORD-919,pay_000919axkkkk,1128.24,CARD,CAPTURED,,2025-03-18T16:17:08Z,,
PAY-0920,ORD-920,pay_000920axkkkkkkk,484.45,CARD,CAPTURED,,2025-03-18T12:49:04Z,,
PAY-0921,ORD-921,pay_000921axkkkkkkk,179.4,UPI,CAPTURED,,2025-03-18T21:04:51Z,,
PAY-0921-2,ORD-921,pay_000921bxkkkkkkk,119.6,UPI,CAPTURED,,2025-03-18T21:05:51Z,,
PAY-0922,ORD-922,pay_000922axkkkkkkkkk,921.77,CARD,CAPTURED,,2025-03-18T16:33:46Z,,
PAY-0923,ORD-923,pay_000923axkkkkkk,714.92,UPI,CAPTURED,,2025-03-18T20:13:44Z,,
PAY-0923-2,ORD-923,pay_000923bxkkkkkkkkkk,476.61,UPI,CAPTURED,,2025-03-18T20:24:44Z,,
PAY-0924,ORD-924,pay_000924axkkkkkkkkk,2928.51,CARD,CAPTURED,,2025-03-18T21:42:27Z,,
PAY-0925,ORD-925,pay_000925axkkkkkkk,2793.58,UPI,CAPTURED,,2025-03-19T05:34:46Z,,
PAY-0926,ORD-926,pay_000926axkkkk,903.5,CARD,CAPTURED,,2025-03-18T23:57:27Z,,
PAY-0927,ORD-927,pay_000927axkkkkk,851.16,UPI,CAPTURED,,2025-03-19T07:23:31Z,,
PAY-0928,ORD-928,pay_000928axkkkkkkk,435.92,UPI,CAPTURED,,2025-03-19T04:48:17Z,,
PAY-0929,ORD-929,pay_000929axkkkkkkk,299.0,UPI,CAPTURED,,2025-03-19T07:41:13Z,,
PAY-0930,ORD-930,pay_000930axkkkkkkkkkk,1005.3,CARD,CAPTURED,,2025-03-19T08:35:45Z,,
PAY-0931,ORD-931,pay_000931axkkkkkk,4646.37,CARD,CAPTURED,,2025-03-19T13:25:19Z,,
PAY-0932,ORD-932,pay_000932axkkkkkkkkk,1244.43,UPI,CAPTURED,,2025-03-19T17:11:10Z,,
PAY-0933,ORD-933,pay_000933axkkkkkk,2553.39,UPI,CAPTURED,,2025-03-19T14:11:55Z,,
PAY-0934,ORD-934,pay_000934axkkkkkkkk,492.84,WALLET,CAPTURED,,2025-03-19T19:59:19Z,,
PAY-0936,ORD-936,pay_000936axkkkkkk,2569.18,CARD,CAPTURED,,2025-03-19T23:02:02Z,,
PAY-0937,ORD-937,pay_000937axkkkkkk,982.67,UPI,CAPTURED,,2025-03-20T02:52:56Z,,
PAY-0938,ORD-938,pay_000938axkkkkkkkkkk,887.1,UPI,CAPTURED,,2025-03-20T00:55:45Z,,
PAY-0939,ORD-939,pay_000939axkkkkk,299.0,UPI,CAPTURED,,2025-03-20T07:17:30Z,,
PAY-0940,ORD-940,pay_000940axkkkkk,1491.55,UPI,CAPTURED,,2025-03-20T05:33:01Z,,
PAY-0941,ORD-941,pay_000941axkkkk,3417.29,NETBANKING,CAPTURED,,2025-03-20T05:53:04Z,,
PAY-0942,ORD-942,pay_000942axkkkk,1596.97,UPI,CAPTURED,,2025-03-20T11:38:11Z,,
PAY-0943,ORD-943,pay_000943axkkkk,4972.67,CARD,CAPTURED,,2025-03-20T13:27:49Z,,
PAY-0944,ORD-944,pay_000944axkkkkkkkkkk,1933.21,NETBANKING,CAPTURED,,2025-03-20T16:45:31Z,,
PAY-0945,ORD-945,pay_000945axkkkkkkkkkk,1477.37,WALLET,CAPTURED,,2025-03-20T18:22:15Z,,
PAY-0946,ORD-946,pay_000946axkkkkkkkkk,1030.7,CARD,CAPTURED,,2025-03-20T14:40:21Z,,
PAY-0947,ORD-947,pay_000947axkkkk,646.74,UPI,CAPTURED,,2025-03-20T22:36:27Z,,
PAY-0948,ORD-948,pay_000948axkkkkkkkk,10433.65,NETBANKING,CAPTURED,,2025-03-21T00:49:59Z,,
PAY-0949,ORD-949,pay_000949axkkkkkkkk,4660.88,CARD,CAPTURED,,2025-03-20T20:54:51Z,,
PAY-0950,ORD-950,pay_000950axkkkkkkkkkk,926.23,CARD,CAPTURED,,2025-03-21T00:15:10Z,,
PAY-0951,ORD-951,pay_000951axkkkkkkkkk,2187.73,UPI,CAPTURED,,2025-03-21T00:19:12Z,,
PAY-0952,ORD-952,pay_000952axkkkk,4044.97,CARD,CAPTURED,,2025-03-21T06:18:05Z,,
PAY-0953,ORD-953,pay_000953axkkkkkkkk,416.23,CARD,CAPTURED,,2025-03-21T03:06:56Z,,
PAY-0954,ORD-954,pay_000954axkkkkkkkkkk,1215.66,CARD,CAPTURED,,2025-03-21T07:33:10Z,,
PAY-0955,ORD-955,pay_000955axkkkk,4823.44,UPI,CAPTURED,,2025-03-21T11:55:07Z,,
PAY-0956,ORD-956,pay_000956axkkkkkkk,736.78,UPI,CAPTURED,,2025-03-21T14:50:27Z,,
PAY-0957,ORD-957,pay_000957axkkkk,1160.12,NETBANKING,CAPTURED,,2025-03-21T13:56:23Z,,
PAY-0958,ORD-958,pay_000958axkkkkkkk,509.61,UPI,CAPTURED,,2025-03-21T16:09:54Z,,
PAY-0959,ORD-959,pay_000959axkkkkkkkk,923.59,UPI,CAPTURED,,2025-03-21T20:52:39Z,,
PAY-0960,ORD-960,pay_000960axkkkkkkkkkk,502.46,CARD,CAPTURED,,2025-03-21T18:00:20Z,,
PAY-0961,ORD-961,pay_000961axkkkkkkkkkk,1418.98,CARD,CAPTURED,,2025-03-21T18:49:25Z,,
PAY-0962,ORD-962,pay_000962axkkkkkkkk,8047.86,EMI,CAPTURED,,2025-03-22T01:31:08Z,,
PAY-0963,ORD-963,pay_000963axkkkkkk,328.19,CARD,CAPTURED,,2025-03-22T04:07:50Z,,
PAY-0964,ORD-964,pay_000964axkkkkkkkkkk,1236.04,CARD,CAPTURED,,2025-03-22T07:26:08Z,,
PAY-0965,ORD-965,pay_000965axkkkkkkkk,1198.49,CARD,CAPTURED,,2025-03-22T07:23:57Z,,
PAY-0966,ORD-966,pay_000966axkkkkkkkkk,7108.5,CARD,CAPTURED,,2025-03-22T05:41:54Z,,
PAY-0967,ORD-967,pay_000967axkkkkkkkk,1029.57,UPI,CAPTURED,,2025-03-22T06:24:48Z,,
PAY-0968,ORD-968,pay_000968axkkkkkk,8030.21,UPI,CAPTURED,,2025-03-22T13:40:47Z,,
PAY-0969,ORD-969,pay_000969axkkkkkkkk,299.0,UPI,CAPTURED,,2025-03-22T16:12:46Z,,
PAY-0970,ORD-970,pay_000970axkkkkkk,502.31,UPI,CAPTURED,,2025-03-22T14:04:29Z,,
PAY-0971,ORD-971,pay_000971axkkkkkkkkk,1334.44,UPI,CAPTURED,,2025-03-22T20:51:01Z,,
PAY-0972,ORD-972,pay_000972axkkkkkkkkkk,1246.18,CARD,CAPTURED,,2025-03-22T21:06:12Z,,
PAY-0973,ORD-973,pay_000973axkkkkkkkkk,757.36,EMI,CAPTURED,,2025-03-22T22:28:18Z,,
PAY-0974,ORD-974,pay_000974axkkkkkkkkk,3479.25,WALLET,CAPTURED,,2025-03-23T02:17:11Z,,
PAY-0975,ORD-975,pay_000975axkkkk,798.59,CARD,CAPTURED,,2025-03-22T21:59:15Z,,
PAY-0976,ORD-976,pay_000976axkkkkk,2373.33,WALLET,CAPTURED,,2025-03-23T05:46:51Z,,
PAY-0977,ORD-977,pay_000977axkkkkkkkkkk,2221.66,WALLET,CAPTURED,,2025-03-23T05:33:58Z,,
PAY-0978,ORD-978,pay_000978axkkkkkkkkk,1178.08,CARD,CAPTURED,,2025-03-23T09:24:11Z,,
PAY-0979,ORD-979,pay_000979axkkkkkkkk,313.48,NETBANKING,CAPTURED,,2025-03-23T04:40:03Z,,
PAY-0980,ORD-980,pay_000980axkkkkkkkkk,5168.8,CARD,CAPTURED,,2025-03-23T09:13:08Z,,
PAY-0981,ORD-981,pay_000981axkkkkkkkkkk,522.49,NETBANKING,CAPTURED,,2025-03-23T12:58:19Z,,
PAY-0982,ORD-982,pay_000982axkkkkkkkk,493.55,NETBANKING,CAPTURED,,2025-03-23T13:56:13Z,,
PAY-0983,ORD-983,pay_000983axkkkkkkkkk,451.49,NETBANKING,CAPTURED,,2025-03-23T17:58:24Z,,
PAY-0984,ORD-984,pay_000984axkkkkkkkkk,14543.28,UPI,CAPTURED,,2025-03-23T17:02:23Z,,
PAY-0985,ORD-985,pay_000985axkkkkkkkkkk,1438.71,WALLET,CAPTURED,,2025-03-23T16:26:32Z,,
PAY-0986,ORD-986,pay_000986axkkkk,1539.48,EMI,CAPTURED,,2025-03-23T22:08:04Z,,
PAY-0988,ORD-988,pay_000988axkkkkkkkk,337.1,CARD,CAPTURED,,2025-03-24T00:26:51Z,,
PAY-0989,ORD-989,pay_000989axkkkkkkkkk,553.1,CARD,CAPTURED,,2025-03-23T23:15:17Z,,
PAY-0990,ORD-990,pay_000990axkkkkkk,1442.57,CARD,CAPTURED,,2025-03-24T08:49:13Z,,
PAY-0991,ORD-991,pay_000991axkkkkkkkkkk,1361.94,CARD,CAPTURED,,2025-03-24T06:47:32Z,,
PAY-0992,ORD-992,pay_000992axkkkk,1771.83,NETBANKING,CAPTURED,,2025-03-24T12:24:06Z,,
PAY-0994,ORD-994,pay_000994axkkkkkkkk,299.0,CARD,CAPTURED,,2025-03-24T09:35:23Z,,
PAY-0995,ORD-995,pay_000995axkkkkk,1546.13,CARD,CAPTURED,,2025-03-24T14:39:22Z,,
PAY-0996,ORD-996,pay_000996axkkkkkkkkk,1604.99,UPI,CAPTURED,,2025-03-24T15:50:18Z,,
PAY-0997,ORD-997,pay_000997axkkkkkkk,299.0,WALLET,CAPTURED,,2025-03-24T20:15:28Z,,
PAY-0998,ORD-998,pay_000998axkkkkkkkk,6297.12,NETBANKING,CAPTURED,,2025-03-24T23:55:50Z,,
PAY-0999,ORD-999,pay_000999axkkkkk,478.24,CARD,CAPTURED,,2025-03-24T22:26:11Z,,
PAY-1000,ORD-1000,pay_001000axkkkkkkk,621.1,EMI,CAPTURED,,2025-03-25T02:35:17Z,,
PAY-9001,ORD-9001,pay_hero_9001,10000.00,CARD,CAPTURED,INR,2025-04-01T10:05:00Z,TRUE,RAZORPAY
