settlement_id,payment_id,amount,fee_deducted,tax_deducted,utr,expected_credit_date,settled_at,status,source
SET-0001,PAY-0001,1189.73,36.29,6.53,UTR00000001,2025-01-08,2025-01-08T00:00:00Z,PROCESSED,
SET-0002,PAY-0002,1038.65,4.17,0.75,UTR00000002,2025-01-08,2025-01-08T03:43:04Z,PROCESSED,
SET-0003,PAY-0003,2665.97,54.61,9.83,UTR00000003,2025-01-08,2025-01-08T00:48:32Z,PROCESSED,
SET-0004,PAY-0004,610.29,3.46,0.62,UTR00000004,2025-01-08,2025-01-09T01:55:16Z,PROCESSED,
SET-0005,PAY-0005,291.94,5.98,1.08,UTR00000005,2025-01-08,2025-01-09T10:20:28Z,PROCESSED,
SET-0006,PAY-0006,1136.1,4.57,0.82,UTR00000006,2025-01-08,2025-01-09T07:59:34Z,PROCESSED,
SET-0007,PAY-0007,4921.63,19.78,3.56,UTR00000007,2025-01-08,2025-01-09T09:36:58Z,PROCESSED,
SET-0008,PAY-0008,418.83,8.58,1.54,UTR00000008,2025-01-08,2025-01-08T11:19:01Z,PROCESSED,
SET-0009,PAY-0009,644.24,3.81,0.69,UTR00000009,2025-01-08,2025-01-08T12:27:11Z,PROCESSED,
SET-0010,PAY-0010,671.6,2.7,0.49,UTR00000010,2025-01-08,2025-01-09T19:47:03Z,PROCESSED,
SET-0011,PAY-0011,295.0,6.04,1.09,UTR00000011,2025-01-08,2025-01-09T15:54:42Z,PROCESSED,
SET-0013,PAY-0013,708.94,2.85,0.51,UTR00000013,2025-01-09,2025-01-09T01:30:59Z,PROCESSED,
SET-0014,PAY-0014,983.73,30.23,5.44,UTR00000014,2025-01-09,2025-01-10T01:38:11Z,PROCESSED,
SET-0015,PAY-0015,507.93,12.0,2.16,UTR00000015,2025-01-08,2025-01-08T23:21:42Z,PROCESSED,
SET-0016,PAY-0016,595.52,21.24,3.82,UTR00000016,2025-01-09,2025-01-09T05:50:35Z,PROCESSED,
SET-0017,PAY-0017,206.34,7.88,1.42,UTR00000017,2025-01-09,2025-01-09T06:12:23Z,PROCESSED,
SET-0018,PAY-0018,376.6,12.0,2.16,UTR00000018,2025-01-09,2025-01-09T04:33:12Z,PROCESSED,
SET-0019,PAY-0019,1877.4,38.46,6.92,UTR00000019,2025-01-09,2025-01-10T06:25:59Z,PROCESSED,
SET-0020,PAY-0020,890.78,12.0,2.16,UTR00000020,2025-01-09,2025-01-10T08:54:46Z,PROCESSED,
SET-0021,PAY-0021,377.36,7.73,1.39,UTR00000021,2025-01-09,2025-01-09T11:56:52Z,PROCESSED,
SET-0022,PAY-0022,630.84,12.92,2.33,UTR00000022,2025-01-09,2025-01-09T13:58:24Z,PROCESSED,
SET-0023,PAY-0023,2128.56,8.55,1.54,UTR00000023,2025-01-09,2025-01-10T18:21:12Z,PROCESSED,
SET-0024,PAY-0024,19589.83,401.27,72.23,UTR00000024,2025-01-09,2025-01-09T21:07:51Z,PROCESSED,
SET-0026,PAY-0026,595.0,12.19,2.19,UTR00000026,2025-01-10,2025-01-10T00:33:20Z,PROCESSED,
SET-0027,PAY-0027,913.85,3.67,0.66,UTR00000027,2025-01-09,2025-01-10T23:09:18Z,PROCESSED,
SET-0028,PAY-0028,4463.84,91.43,16.46,UTR00000028,2025-01-10,2025-01-10T05:45:37Z,PROCESSED,
SET-0029,PAY-0029,2617.93,10.52,1.89,UTR00000029,2025-01-10,2025-01-11T07:03:23Z,PROCESSED,
SET-0030,PAY-0030,576.77,11.81,2.13,UTR00000030,2025-01-10,2025-01-11T09:25:21Z,PROCESSED,
SET-0031,PAY-0031,749.35,15.35,2.76,UTR00000031,2025-01-10,2025-01-11T09:53:48Z,PROCESSED,
SET-0032,PAY-0032,3842.11,15.44,2.78,UTR00000032,2025-01-10,2025-01-10T10:39:11Z,PROCESSED,
SET-0033,PAY-0033,4449.96,91.15,16.41,UTR00000033,2025-01-10,2025-01-10T10:44:20Z,PROCESSED,
SET-0034,PAY-0034,1247.75,5.01,0.9,UTR00000034,2025-01-10,2025-01-11T14:43:09Z,PROCESSED,
SET-0035,PAY-0035,783.01,4.38,0.79,UTR00000035,2025-01-10,2025-01-10T17:53:31Z,PROCESSED,
SET-0036,PAY-0036,4018.73,17.33,3.12,UTR00000036,2025-01-10,2025-01-11T16:57:30Z,PROCESSED,
SET-0037,PAY-0037,1389.9,28.47,5.12,UTR00000037,2025-01-10,2025-01-11T23:41:30Z,PROCESSED,
SET-0038,PAY-0038,2889.78,87.55,15.76,UTR00000038,2025-01-11,2025-01-12T02:08:05Z,PROCESSED,
SET-0039,PAY-0039,300.81,6.16,1.11,UTR00000039,2025-01-10,2025-01-11T20:10:44Z,PROCESSED,
SET-0040,PAY-0040,382.31,9.24,1.66,UTR00000040,2025-01-11,2025-01-12T04:55:28Z,PROCESSED,
SET-0041,PAY-0041,1180.13,9.29,1.67,UTR00000041,2025-01-11,2025-01-12T07:15:02Z,PROCESSED,
SET-0042,PAY-0042,284.84,12.0,2.16,UTR00000042,2025-01-11,2025-01-11T03:16:00Z,PROCESSED,
SET-0043,PAY-0043,446.17,9.14,1.65,UTR00000043,2025-01-11,2025-01-12T10:03:58Z,PROCESSED,
SET-0044,PAY-0044,892.18,17.34,3.12,UTR00000044,2025-01-11,2025-01-12T09:27:22Z,PROCESSED,
SET-0045,PAY-0045,972.37,3.91,0.7,UTR00000045,2025-01-11,2025-01-11T10:36:16Z,PROCESSED,
SET-0046,PAY-0046,175.16,3.59,0.65,UTR00000046,2025-01-11,2025-01-12T11:56:04Z,PROCESSED,
SET-0046-2,PAY-0046-2,116.78,2.39,0.43,UTR00000046B,2025-01-11,2025-01-12T11:56:04Z,PROCESSED,
SET-0047,PAY-0047,3647.78,14.66,2.64,UTR00000047,2025-01-11,2025-01-12T12:43:05Z,PROCESSED,
SET-0048,PAY-0048,617.48,12.0,2.16,UTR00000048,2025-01-11,2025-01-12T15:09:39Z,PROCESSED,
SET-0048-2,PAY-0048-2,2433.63,12.0,2.16,UTR00000048B,2025-01-11,2025-01-11T15:09:39Z,PROCESSED,
SET-0049,PAY-0049,763.99,18.47,3.32,UTR00000049,2025-01-11,2025-01-12T22:02:54Z,PROCESSED,
SET-0050,PAY-0050,823.89,3.33,0.6,UTR00000050,2025-01-11,2025-01-12T20:03:38Z,PROCESSED,
SET-0051,PAY-0051,343.18,12.97,2.33,UTR00000051,2025-01-11,2025-01-11T19:49:30Z,PROCESSED,
SET-0052,PAY-0052,783.76,15.23,2.74,UTR00000052,2025-01-11,2025-01-12T21:38:13Z,PROCESSED,
SET-0053,PAY-0053,1328.05,5.34,0.96,UTR00000053,2025-01-12,2025-01-12T02:08:55Z,PROCESSED,
SET-0054,PAY-0054,661.24,18.32,3.3,UTR00000054,2025-01-12,2025-01-13T01:28:07Z,PROCESSED,
SET-0055,PAY-0055,592.18,12.13,2.18,UTR00000055,2025-01-12,2025-01-13T05:45:14Z,PROCESSED,
SET-0056,PAY-0056,1136.36,41.51,7.47,UTR00000056,2025-01-12,2025-01-13T12:05:53Z,PROCESSED,
SET-0057,PAY-0057,325.77,6.67,1.2,UTR00000057,2025-01-12,2025-01-12T09:24:46Z,PROCESSED,
SET-0058,PAY-0058,4196.74,16.87,3.04,UTR00000058,2025-01-12,2025-01-13T13:40:30Z,PROCESSED,
SET-0059,PAY-0059,2018.94,41.35,7.44,UTR00000059,2025-01-12,2025-01-12T12:29:08Z,PROCESSED,
SET-0060,PAY-0060,342.08,6.65,1.2,UTR00000060,2025-01-12,2025-01-12T19:19:20Z,PROCESSED,
SET-0061,PAY-0061,1584.14,38.29,6.89,UTR00000061,2025-01-12,2025-01-12T14:16:08Z,PROCESSED,
SET-0062,PAY-0062,15430.3,12.0,2.16,UTR00000062,2025-01-12,2025-01-12T22:24:49Z,PROCESSED,
SET-0063,PAY-0063,1467.37,12.0,2.16,UTR00000063,2025-01-12,2025-01-13T21:51:04Z,PROCESSED,
SET-0064,PAY-0064,4860.18,99.55,17.92,UTR00000064,2025-01-13,2025-01-14T00:26:54Z,PROCESSED,
SET-0065,PAY-0065,1562.94,42.39,7.63,UTR00000065,2025-01-12,2025-01-12T22:36:05Z,PROCESSED,
SET-0066,PAY-0066,376.83,7.72,1.39,UTR00000066,2025-01-13,2025-01-13T02:48:31Z,PROCESSED,
SET-0067,PAY-0067,3129.19,64.1,11.54,UTR00000067,2025-01-13,2025-01-14T01:58:42Z,PROCESSED,
SET-0068,PAY-0068,284.84,12.0,2.16,UTR00000068,2025-01-13,2025-01-14T08:11:01Z,PROCESSED,
SET-0069,PAY-0069,1540.5,61.67,11.1,UTR00000069,2025-01-13,2025-01-13T07:43:31Z,PROCESSED,
SET-0070,PAY-0070,11240.02,271.67,48.9,UTR00000070,2025-01-13,2025-01-14T14:30:14Z,PROCESSED,
SET-0071,PAY-0071,1159.98,12.0,2.16,UTR00000071,2025-01-13,2025-01-13T14:34:29Z,PROCESSED,
SET-0072,PAY-0072,853.54,3.43,0.62,UTR00000072,2025-01-13,2025-01-14T16:22:49Z,PROCESSED,
SET-0073,PAY-0073,5204.29,106.6,19.19,UTR00000073,2025-01-13,2025-01-13T20:29:31Z,PROCESSED,
SET-0074,PAY-0074,1723.82,9.19,1.65,UTR00000074,2025-01-13,2025-01-14T17:50:17Z,PROCESSED,
SET-0075,PAY-0075,382.3,7.83,1.41,UTR00000075,2025-01-13,2025-01-14T21:41:58Z,PROCESSED,
SET-0076,PAY-0076,585.3,2.5,0.45,UTR00000076,2025-01-13,2025-01-14T20:05:32Z,PROCESSED,
SET-0077,PAY-0077,2969.53,21.02,3.78,UTR00000077,2025-01-14,2025-01-15T02:39:11Z,PROCESSED,
SET-0078,PAY-0078,429.26,8.79,1.58,UTR00000078,2025-01-13,2025-01-14T22:46:16Z,PROCESSED,
SET-0079,PAY-0079,291.94,5.98,1.08,UTR00000079,2025-01-14,2025-01-15T00:27:10Z,PROCESSED,
SET-0080,PAY-0080,1906.44,41.84,7.53,UTR00000080,2025-01-14,2025-01-14T07:57:10Z,PROCESSED,
SET-0081,PAY-0081,645.41,2.59,0.47,UTR00000081,2025-01-14,2025-01-14T05:54:21Z,PROCESSED,
SET-0082,PAY-0082,1372.4,18.34,3.3,UTR00000082,2025-01-14,2025-01-15T12:45:58Z,PROCESSED,
SET-0083,PAY-0083,3889.73,79.67,14.34,UTR00000083,2025-01-14,2025-01-15T10:15:41Z,PROCESSED,
SET-0084,PAY-0084,1168.47,37.03,6.67,UTR00000084,2025-01-14,2025-01-14T10:15:05Z,PROCESSED,
SET-0085,PAY-0085,321.26,6.58,1.18,UTR00000085,2025-01-14,2025-01-15T19:12:31Z,PROCESSED,
SET-0086,PAY-0086,217.56,6.89,1.24,UTR00000086,2025-01-14,2025-01-14T15:26:24Z,PROCESSED,
SET-0087,PAY-0087,2099.48,12.31,2.22,UTR00000087,2025-01-14,2025-01-14T23:06:21Z,PROCESSED,
SET-0088,PAY-0088,4274.98,87.57,15.76,UTR00000088,2025-01-14,2025-01-14T18:02:10Z,PROCESSED,
SET-0089,PAY-0089,1909.26,65.46,11.78,UTR00000089,2025-01-14,2025-01-15T22:28:29Z,PROCESSED,
SET-0090,PAY-0090,1325.03,25.75,4.63,UTR00000090,2025-01-14,2025-01-14T23:26:34Z,PROCESSED,
SET-0091,PAY-0091,2026.99,10.79,1.94,UTR00000091,2025-01-15,2025-01-16T02:56:15Z,PROCESSED,
SET-0092,PAY-0092,1351.74,5.43,0.98,UTR00000092,2025-01-15,2025-01-15T06:29:41Z,PROCESSED,
SET-0093,PAY-0093,4987.81,20.05,3.61,UTR00000093,2025-01-15,2025-01-15T10:11:55Z,PROCESSED,
SET-0094,PAY-0094,522.44,2.1,0.38,UTR00000094,2025-01-15,2025-01-15T07:49:30Z,PROCESSED,
SET-0095,PAY-0095,669.94,2.69,0.48,UTR00000095,2025-01-15,2025-01-16T07:52:57Z,PROCESSED,
SET-0096,PAY-0096,10555.25,216.21,38.92,UTR00000096,2025-01-15,2025-01-15T11:40:11Z,PROCESSED,
SET-0097,PAY-0097,1497.65,36.2,6.52,UTR00000097,2025-01-15,2025-01-15T13:25:54Z,PROCESSED,
SET-0098,PAY-0098,1447.07,5.82,1.05,UTR00000098,2025-01-15,2025-01-15T14:00:10Z,PROCESSED,
SET-0099,PAY-0099,615.35,12.6,2.27,UTR00000099,2025-01-15,2025-01-15T20:05:38Z,PROCESSED,
SET-0100,PAY-0100,2146.44,43.97,7.91,UTR00000100,2025-01-15,2025-01-15T18:19:18Z,PROCESSED,
SET-0101,PAY-0101,2013.77,17.12,3.08,UTR00000101,2025-01-16,2025-01-16T00:10:40Z,PROCESSED,
SET-0102,PAY-0102,2417.56,46.99,8.46,UTR00000102,2025-01-16,2025-01-16T01:54:33Z,PROCESSED,
SET-0103,PAY-0103,3530.11,12.0,2.16,UTR00000103,2025-01-16,2025-01-16T03:29:02Z,PROCESSED,
SET-0104,PAY-0104,516.34,3.57,0.64,UTR00000104,2025-01-16,2025-01-17T00:07:59Z,PROCESSED,
SET-0105,PAY-0105,443.52,9.08,1.63,UTR00000105,2025-01-16,2025-01-17T06:55:32Z,PROCESSED,
SET-0106,PAY-0106,2507.66,69.71,12.55,UTR00000106,2025-01-16,2025-01-17T09:03:31Z,PROCESSED,
SET-0107,PAY-0107,899.0,18.41,3.31,UTR00000107,2025-01-16,2025-01-16T06:44:04Z,PROCESSED,
SET-0108,PAY-0108,317.02,6.49,1.17,UTR00000108,2025-01-16,2025-01-16T11:56:12Z,PROCESSED,
SET-0109,PAY-0109,1174.37,4.72,0.85,UTR00000109,2025-01-16,2025-01-17T15:36:34Z,PROCESSED,
SET-0110,PAY-0110,682.44,13.98,2.52,UTR00000110,2025-01-16,2025-01-17T13:05:56Z,PROCESSED,
SET-0111,PAY-0111,418.5,8.57,1.54,UTR00000111,2025-01-16,2025-01-16T14:15:21Z,PROCESSED,
SET-0112,PAY-0112,1749.42,7.03,1.27,UTR00000112,2025-01-16,2025-01-17T18:52:27Z,PROCESSED,
SET-0113,PAY-0113,992.83,20.34,3.66,UTR00000113,2025-01-16,2025-01-16T20:01:05Z,PROCESSED,
SET-0114,PAY-0114,1470.36,8.41,1.51,UTR00000114,2025-01-16,2025-01-16T20:55:09Z,PROCESSED,
SET-0115,PAY-0115,848.41,20.51,3.69,UTR00000115,2025-01-17,2025-01-18T02:11:08Z,PROCESSED,
SET-0116,PAY-0116,343.09,12.0,2.16,UTR00000116,2025-01-17,2025-01-18T04:31:18Z,PROCESSED,
SET-0117,PAY-0117,1899.21,36.91,6.64,UTR00000117,2025-01-17,2025-01-17T05:13:32Z,PROCESSED,
SET-0118,PAY-0118,208.66,1.2,0.22,UTR00000118,2025-01-17,2025-01-17T04:03:10Z,PROCESSED,
SET-0119,PAY-0119,2257.96,46.25,8.32,UTR00000119,2025-01-17,2025-01-18T10:11:00Z,PROCESSED,
SET-0120,PAY-0120,4187.33,85.77,15.44,UTR00000120,2025-01-17,2025-01-18T08:48:05Z,PROCESSED,
SET-0121,PAY-0121,943.41,3.79,0.68,UTR00000121,2025-01-17,2025-01-18T15:25:09Z,PROCESSED,
SET-0122,PAY-0122,1478.71,28.74,5.17,UTR00000122,2025-01-17,2025-01-18T16:38:20Z,PROCESSED,
SET-0123,PAY-0123,592.16,14.31,2.58,UTR00000123,2025-01-17,2025-01-18T18:36:23Z,PROCESSED,
SET-0124,PAY-0124,1011.31,28.36,5.1,UTR00000124,2025-01-17,2025-01-18T13:57:01Z,PROCESSED,
SET-0125,PAY-0125,5771.48,23.2,4.18,UTR00000125,2025-01-17,2025-01-17T17:25:26Z,PROCESSED,
SET-0127,PAY-0127,670.29,13.73,2.47,UTR00000127,2025-01-17,2025-01-17T19:25:37Z,PROCESSED,
SET-0128,PAY-0128,490.35,10.04,1.81,UTR00000128,2025-01-18,2025-01-18T04:21:37Z,PROCESSED,
SET-0129,PAY-0129,1392.38,6.0,1.08,UTR00000129,2025-01-18,2025-01-18T01:48:07Z,PROCESSED,
SET-0130,PAY-0130,1509.06,30.91,5.56,UTR00000130,2025-01-18,2025-01-18T04:28:48Z,PROCESSED,
SET-0131,PAY-0131,1273.33,26.08,4.69,UTR00000131,2025-01-18,2025-01-19T05:09:49Z,PROCESSED,
SET-0132,PAY-0132,533.23,2.14,0.39,UTR00000132,2025-01-18,2025-01-18T05:13:36Z,PROCESSED,
SET-0133,PAY-0133,1933.66,39.61,7.13,UTR00000133,2025-01-18,2025-01-19T08:26:34Z,PROCESSED,
SET-0134,PAY-0134,369.8,7.57,1.36,UTR00000134,2025-01-18,2025-01-19T13:34:58Z,PROCESSED,
SET-0136,PAY-0136,317.36,6.5,1.17,UTR00000136,2025-01-18,2025-01-19T18:45:02Z,PROCESSED,
SET-0137,PAY-0137,201.3,6.25,1.12,UTR00000137,2025-01-18,2025-01-19T16:58:41Z,PROCESSED,
SET-0139,PAY-0139,458.76,9.4,1.69,UTR00000139,2025-01-18,2025-01-18T23:52:32Z,PROCESSED,
SET-0141,PAY-0141,2844.73,11.43,2.06,UTR00000141,2025-01-19,2025-01-20T01:18:24Z,PROCESSED,
SET-0142,PAY-0142,579.63,2.33,0.42,UTR00000142,2025-01-19,2025-01-20T05:27:16Z,PROCESSED,
SET-0143,PAY-0143,1994.47,63.11,11.36,UTR00000143,2025-01-19,2025-01-19T05:40:40Z,PROCESSED,
SET-0144,PAY-0144,1781.73,9.66,1.74,UTR00000144,2025-01-19,2025-01-19T04:41:58Z,PROCESSED,
SET-0145,PAY-0145,341.44,12.0,2.16,UTR00000145,2025-01-19,2025-01-20T07:42:29Z,PROCESSED,
SET-0146,PAY-0146,839.11,12.0,2.16,UTR00000146,2025-01-19,2025-01-20T08:27:57Z,PROCESSED,
SET-0147,PAY-0147,848.18,20.5,3.69,UTR00000147,2025-01-19,2025-01-19T11:20:16Z,PROCESSED,
SET-0148,PAY-0148,464.08,1.87,0.34,UTR00000148,2025-01-19,2025-01-19T17:46:18Z,PROCESSED,
SET-0148-2,PAY-0148-2,309.4,1.24,0.22,UTR00000148B,2025-01-19,2025-01-19T17:46:18Z,PROCESSED,
SET-0149,PAY-0149,1643.51,12.0,2.16,UTR00000149,2025-01-19,2025-01-20T17:59:54Z,PROCESSED,
SET-0150,PAY-0150,599.5,2.41,0.43,UTR00000150,2025-01-19,2025-01-20T19:41:33Z,PROCESSED,
SET-0151,PAY-0151,409.32,1.65,0.3,UTR00000151,2025-01-19,2025-01-19T19:04:33Z,PROCESSED,
SET-0152,PAY-0152,1735.17,58.34,10.5,UTR00000152,2025-01-20,2025-01-20T01:22:55Z,PROCESSED,
SET-0153,PAY-0153,1306.09,5.25,0.94,UTR00000153,2025-01-20,2025-01-21T01:48:04Z,PROCESSED,
SET-0154,PAY-0154,1256.15,25.73,4.63,UTR00000154,2025-01-20,2025-01-20T02:16:40Z,PROCESSED,
SET-0155,PAY-0155,290.7,7.03,1.27,UTR00000155,2025-01-20,2025-01-21T05:35:15Z,PROCESSED,
SET-0156,PAY-0156,754.4,3.03,0.55,UTR00000156,2025-01-20,2025-01-20T05:48:34Z,PROCESSED,
SET-0158,PAY-0158,6940.54,27.89,5.02,UTR00000158,2025-01-20,2025-01-21T07:57:57Z,PROCESSED,
SET-0159,PAY-0159,2129.78,43.62,7.85,UTR00000159,2025-01-20,2025-01-20T09:07:36Z,PROCESSED,
SET-0160,PAY-0160,1020.09,24.66,4.44,UTR00000160,2025-01-20,2025-01-20T14:24:12Z,PROCESSED,
SET-0161,PAY-0161,574.96,15.38,2.77,UTR00000161,2025-01-20,2025-01-20T16:09:20Z,PROCESSED,
SET-0161-2,PAY-0161-2,374.59,18.25,3.28,UTR00000161B,2025-01-20,2025-01-20T16:09:20Z,PROCESSED,
SET-0162,PAY-0162,664.44,12.91,2.32,UTR00000162,2025-01-20,2025-01-20T14:23:19Z,PROCESSED,
SET-0163,PAY-0163,297.58,1.2,0.22,UTR00000163,2025-01-20,2025-01-21T22:20:19Z,PROCESSED,
SET-0164,PAY-0164,281.74,8.03,1.45,UTR00000164,2025-01-20,2025-01-20T17:47:09Z,PROCESSED,
SET-0165,PAY-0165,3488.78,14.02,2.52,UTR00000165,2025-01-21,2025-01-21T03:05:34Z,PROCESSED,
SET-0166,PAY-0166,336.83,1.35,0.24,UTR00000166,2025-01-20,2025-01-21T22:09:03Z,PROCESSED,
SET-0167,PAY-0167,297.58,1.2,0.22,UTR00000167,2025-01-21,2025-01-21T00:26:31Z,PROCESSED,
SET-0168,PAY-0168,441.31,9.15,1.65,UTR00000168,2025-01-21,2025-01-22T06:39:36Z,PROCESSED,
SET-0169,PAY-0169,1584.83,32.46,5.84,UTR00000169,2025-01-21,2025-01-22T04:18:10Z,PROCESSED,
SET-0170,PAY-0170,291.94,5.98,1.08,UTR00000170,2025-01-21,2025-01-21T11:57:15Z,PROCESSED,
SET-0171,PAY-0171,2370.61,48.56,8.74,UTR00000171,2025-01-21,2025-01-21T12:50:11Z,PROCESSED,
SET-0172,PAY-0172,405.89,8.31,1.5,UTR00000172,2025-01-21,2025-01-21T12:22:58Z,PROCESSED,
SET-0173,PAY-0173,1218.43,31.5,5.67,UTR00000173,2025-01-21,2025-01-21T15:52:01Z,PROCESSED,
SET-0174,PAY-0174,675.03,13.83,2.49,UTR00000174,2025-01-21,2025-01-21T12:54:51Z,PROCESSED,
SET-0175,PAY-0175,297.58,1.2,0.22,UTR00000175,2025-01-21,2025-01-22T17:44:11Z,PROCESSED,
SET-0176,PAY-0176,1742.84,70.17,12.63,UTR00000176,2025-01-21,2025-01-22T19:36:19Z,PROCESSED,
SET-0177,PAY-0177,2474.3,59.8,10.76,UTR00000177,2025-01-21,2025-01-22T23:27:14Z,PROCESSED,
SET-0178,PAY-0178,3558.29,89.74,16.15,UTR00000178,2025-01-22,2025-01-23T00:11:17Z,PROCESSED,
SET-0179,PAY-0179,2011.23,51.5,9.27,UTR00000179,2025-01-22,2025-01-22T02:38:30Z,PROCESSED,
SET-0180,PAY-0180,328.87,1.32,0.24,UTR00000180,2025-01-22,2025-01-22T02:00:43Z,PROCESSED,
SET-0181,PAY-0181,293.14,5.7,1.03,UTR00000181,2025-01-22,2025-01-22T06:39:25Z,PROCESSED,
SET-0182,PAY-0182,11894.06,68.45,12.32,UTR00000182,2025-01-22,2025-01-23T11:21:16Z,PROCESSED,
SET-0183,PAY-0183,810.37,16.6,2.99,UTR00000183,2025-01-22,2025-01-23T05:31:18Z,PROCESSED,
SET-0184,PAY-0184,1362.28,12.0,2.16,UTR00000184,2025-01-22,2025-01-22T13:30:26Z,PROCESSED,
SET-0185,PAY-0185,3706.71,75.93,13.67,UTR00000185,2025-01-22,2025-01-23T15:46:23Z,PROCESSED,
SET-0186,PAY-0186,735.92,23.07,4.15,UTR00000186,2025-01-22,2025-01-22T12:09:13Z,PROCESSED,
SET-0187,PAY-0187,1215.63,4.89,0.88,UTR00000187,2025-01-22,2025-01-23T19:12:50Z,PROCESSED,
SET-0189,PAY-0189,2086.16,42.73,7.69,UTR00000189,2025-01-22,2025-01-22T23:38:21Z,PROCESSED,
SET-0190,PAY-0190,1350.8,27.67,4.98,UTR00000190,2025-01-22,2025-01-23T21:07:52Z,PROCESSED,
SET-0191,PAY-0191,1313.79,12.0,2.16,UTR00000191,2025-01-23,2025-01-23T03:35:47Z,PROCESSED,
SET-0192,PAY-0192,1036.44,21.23,3.82,UTR00000192,2025-01-23,2025-01-23T04:19:57Z,PROCESSED,
SET-0193,PAY-0193,676.65,13.15,2.37,UTR00000193,2025-01-23,2025-01-23T03:29:33Z,PROCESSED,
SET-0194,PAY-0194,594.45,2.39,0.43,UTR00000194,2025-01-23,2025-01-23T03:18:34Z,PROCESSED,
SET-0195,PAY-0195,581.48,11.91,2.14,UTR00000195,2025-01-23,2025-01-24T06:51:48Z,PROCESSED,
SET-0197,PAY-0197,5541.34,22.27,4.01,UTR00000197,2025-01-23,2025-01-23T09:25:38Z,PROCESSED,
SET-0198,PAY-0198,353.19,1.42,0.26,UTR00000198,2025-01-23,2025-01-23T14:00:56Z,PROCESSED,
SET-0199,PAY-0199,976.5,3.92,0.71,UTR00000199,2025-01-23,2025-01-23T11:48:47Z,PROCESSED,
SET-0200,PAY-0200,6091.3,124.77,22.46,UTR00000200,2025-01-23,2025-01-24T20:15:15Z,PROCESSED,
SET-0201,PAY-0201,232.14,6.42,1.16,UTR00000201,2025-01-23,2025-01-23T23:33:05Z,PROCESSED,
SET-0202,PAY-0202,1830.67,7.36,1.32,UTR00000202,2025-01-24,2025-01-24T00:01:40Z,PROCESSED,
SET-0203,PAY-0203,423.02,8.66,1.56,UTR00000203,2025-01-23,2025-01-24T21:46:21Z,PROCESSED,
SET-0204,PAY-0204,355.98,7.29,1.31,UTR00000204,2025-01-24,2025-01-24T01:49:46Z,PROCESSED,
SET-0205,PAY-0205,606.5,12.42,2.24,UTR00000205,2025-01-24,2025-01-24T06:06:23Z,PROCESSED,
SET-0206,PAY-0206,627.6,12.2,2.2,UTR00000206,2025-01-24,2025-01-25T02:41:42Z,PROCESSED,
SET-0207,PAY-0207,1103.29,22.6,4.07,UTR00000207,2025-01-24,2025-01-24T07:35:16Z,PROCESSED,
SET-0208,PAY-0208,519.18,10.63,1.91,UTR00000208,2025-01-24,2025-01-25T05:49:59Z,PROCESSED,
SET-0209,PAY-0209,6419.57,134.15,24.15,UTR00000209,2025-01-24,2025-01-24T14:41:10Z,PROCESSED,
SET-0210,PAY-0210,10420.94,251.88,45.34,UTR00000210,2025-01-24,2025-01-25T14:21:07Z,PROCESSED,
SET-0211,PAY-0211,291.94,5.98,1.08,UTR00000211,2025-01-24,2025-01-25T13:16:29Z,PROCESSED,
SET-0212,PAY-0212,362.39,7.42,1.34,UTR00000212,2025-01-24,2025-01-25T20:07:02Z,PROCESSED,
SET-0213,PAY-0213,837.11,17.15,3.09,UTR00000213,2025-01-24,2025-01-25T20:10:12Z,PROCESSED,
SET-0214,PAY-0214,1716.22,12.0,2.16,UTR00000214,2025-01-24,2025-01-25T20:52:23Z,PROCESSED,
SET-0215,PAY-0215,937.02,3.77,0.68,UTR00000215,2025-01-24,2025-01-25T23:41:34Z,PROCESSED,
SET-0216,PAY-0216,3342.64,12.0,2.16,UTR00000216,2025-01-24,2025-01-24T21:51:29Z,PROCESSED,
SET-0217,PAY-0217,3432.11,13.79,2.48,UTR00000217,2025-01-24,2025-01-25T23:20:13Z,PROCESSED,
SET-0218,PAY-0218,640.47,15.48,2.79,UTR00000218,2025-01-25,2025-01-25T03:14:49Z,PROCESSED,
SET-0219,PAY-0219,1006.0,5.89,1.06,UTR00000219,2025-01-25,2025-01-26T08:40:55Z,PROCESSED,
SET-0220,PAY-0220,1435.0,29.39,5.29,UTR00000220,2025-01-25,2025-01-26T05:06:35Z,PROCESSED,
SET-0221,PAY-0221,633.39,12.0,2.16,UTR00000221,2025-01-25,2025-01-26T10:26:49Z,PROCESSED,
SET-0222,PAY-0222,3269.41,63.54,11.44,UTR00000222,2025-01-25,2025-01-26T14:31:21Z,PROCESSED,
SET-0223,PAY-0223,297.58,1.2,0.22,UTR00000223,2025-01-25,2025-01-25T14:09:38Z,PROCESSED,
SET-0224,PAY-0224,373.09,11.55,2.08,UTR00000224,2025-01-25,2025-01-25T11:14:10Z,PROCESSED,
SET-0225,PAY-0225,4030.19,16.2,2.92,UTR00000225,2025-01-25,2025-01-25T18:34:50Z,PROCESSED,
SET-0226,PAY-0226,3325.14,13.36,2.4,UTR00000226,2025-01-25,2025-01-25T17:58:38Z,PROCESSED,
SET-0227,PAY-0227,1459.15,5.86,1.05,UTR00000227,2025-01-25,2025-01-25T21:22:19Z,PROCESSED,
SET-0228,PAY-0228,431.97,8.85,1.59,UTR00000228,2025-01-25,2025-01-26T19:00:00Z,PROCESSED,
SET-0229,PAY-0229,740.44,17.9,3.22,UTR00000229,2025-01-25,2025-01-25T21:44:19Z,PROCESSED,
SET-0230,PAY-0230,725.16,14.09,2.54,UTR00000230,2025-01-26,2025-01-26T01:55:21Z,PROCESSED,
SET-0232,PAY-0232,297.58,1.2,0.22,UTR00000232,2025-01-26,2025-01-26T09:59:03Z,PROCESSED,
SET-0233,PAY-0233,639.74,2.57,0.46,UTR00000233,2025-01-26,2025-01-27T11:39:20Z,PROCESSED,
SET-0234,PAY-0234,1884.22,38.6,6.95,UTR00000234,2025-01-26,2025-01-27T09:00:32Z,PROCESSED,
SET-0235,PAY-0235,1106.91,22.67,4.08,UTR00000235,2025-01-26,2025-01-27T10:17:15Z,PROCESSED,
SET-0237,PAY-0237,3466.16,71.0,12.78,UTR00000237,2025-01-26,2025-01-27T14:05:46Z,PROCESSED,
SET-0239,PAY-0239,1121.56,22.97,4.13,UTR00000239,2025-01-26,2025-01-26T20:51:49Z,PROCESSED,
SET-0240,PAY-0240,806.02,3.24,0.58,UTR00000240,2025-01-26,2025-01-27T18:18:51Z,PROCESSED,
SET-0241,PAY-0241,4380.7,89.73,16.15,UTR00000241,2025-01-26,2025-01-26T20:16:29Z,PROCESSED,
SET-0242,PAY-0242,1338.79,5.38,0.97,UTR00000242,2025-01-27,2025-01-28T04:03:19Z,PROCESSED,
SET-0243,PAY-0243,2465.21,9.91,1.78,UTR00000243,2025-01-27,2025-01-27T03:42:52Z,PROCESSED,
SET-0244,PAY-0244,221.51,1.2,0.22,UTR00000244,2025-01-27,2025-01-28T08:37:00Z,PROCESSED,
SET-0245,PAY-0245,337.81,6.57,1.18,UTR00000245,2025-01-27,2025-01-28T03:43:00Z,PROCESSED,
SET-0246,PAY-0246,458.7,1.84,0.33,UTR00000246,2025-01-27,2025-01-27T11:54:28Z,PROCESSED,
SET-0247,PAY-0247,969.13,18.84,3.39,UTR00000247,2025-01-27,2025-01-27T11:43:53Z,PROCESSED,
SET-0248,PAY-0248,297.12,1.66,0.3,UTR00000248,2025-01-27,2025-01-27T15:45:04Z,PROCESSED,
SET-0249,PAY-0249,10113.87,207.17,37.29,UTR00000249,2025-01-27,2025-01-27T11:49:23Z,PROCESSED,
SET-0250,PAY-0250,527.75,10.81,1.95,UTR00000250,2025-01-27,2025-01-27T13:44:42Z,PROCESSED,
SET-0251,PAY-0251,297.58,1.2,0.22,UTR00000251,2025-01-27,2025-01-27T20:28:46Z,PROCESSED,
SET-0252,PAY-0252,2338.72,47.9,8.62,UTR00000252,2025-01-27,2025-01-28T20:41:54Z,PROCESSED,
SET-0253,PAY-0253,861.29,17.64,3.18,UTR00000253,2025-01-27,2025-01-27T23:16:27Z,PROCESSED,
SET-0254,PAY-0254,5346.71,109.52,19.71,UTR00000254,2025-01-27,2025-01-28T21:40:15Z,PROCESSED,
SET-0255,PAY-0255,2374.15,9.54,1.72,UTR00000255,2025-01-28,2025-01-29T00:28:42Z,PROCESSED,
SET-0256,PAY-0256,2272.31,46.54,8.38,UTR00000256,2025-01-28,2025-01-28T04:46:00Z,PROCESSED,
SET-0257,PAY-0257,291.94,5.98,1.08,UTR00000257,2025-01-28,2025-01-28T09:48:09Z,PROCESSED,
SET-0258,PAY-0258,470.63,3.5,0.63,UTR00000258,2025-01-28,2025-01-28T09:16:51Z,PROCESSED,
SET-0259,PAY-0259,1507.47,12.0,2.16,UTR00000259,2025-01-28,2025-01-29T09:30:32Z,PROCESSED,
SET-0260,PAY-0260,1146.49,23.48,4.23,UTR00000260,2025-01-28,2025-01-29T09:29:00Z,PROCESSED,
SET-0261,PAY-0261,1598.16,31.06,5.59,UTR00000261,2025-01-28,2025-01-29T14:21:43Z,PROCESSED,
SET-0262,PAY-0262,4537.4,92.94,16.73,UTR00000262,2025-01-28,2025-01-29T18:13:32Z,PROCESSED,
SET-0263,PAY-0263,434.0,8.89,1.6,UTR00000263,2025-01-28,2025-01-28T19:53:35Z,PROCESSED,
SET-0264,PAY-0264,162.74,6.67,1.2,UTR00000264,2025-01-28,2025-01-29T21:25:34Z,PROCESSED,
SET-0265,PAY-0265,1204.86,29.12,5.24,UTR00000265,2025-01-28,2025-01-28T18:52:33Z,PROCESSED,
SET-0266,PAY-0266,501.21,10.27,1.85,UTR00000266,2025-01-29,2025-01-30T01:25:55Z,PROCESSED,
SET-0267,PAY-0267,291.94,5.98,1.08,UTR00000267,2025-01-28,2025-01-28T23:40:41Z,PROCESSED,
SET-0268,PAY-0268,2806.79,59.67,10.74,UTR00000268,2025-01-29,2025-01-30T02:22:13Z,PROCESSED,
SET-0269,PAY-0269,227.44,6.81,1.23,UTR00000269,2025-01-29,2025-01-30T06:45:00Z,PROCESSED,
SET-0270,PAY-0270,2393.45,49.03,8.83,UTR00000270,2025-01-29,2025-01-30T08:26:59Z,PROCESSED,
SET-0271,PAY-0271,770.57,23.03,4.15,UTR00000271,2025-01-29,2025-01-29T07:49:52Z,PROCESSED,
SET-0272,PAY-0272,735.79,2.96,0.53,UTR00000272,2025-01-29,2025-01-30T10:19:04Z,PROCESSED,
SET-0273,PAY-0273,1876.41,11.01,1.98,UTR00000273,2025-01-29,2025-01-30T12:56:20Z,PROCESSED,
SET-0274,PAY-0274,1268.83,25.99,4.68,UTR00000274,2025-01-29,2025-01-29T14:14:08Z,PROCESSED,
SET-0275,PAY-0275,297.27,1.51,0.27,UTR00000275,2025-01-29,2025-01-29T13:07:31Z,PROCESSED,
SET-0276,PAY-0276,840.75,3.38,0.61,UTR00000276,2025-01-29,2025-01-30T16:10:41Z,PROCESSED,
SET-0277,PAY-0277,849.85,3.42,0.62,UTR00000277,2025-01-29,2025-01-29T17:51:53Z,PROCESSED,
SET-0278,PAY-0278,840.34,33.8,6.08,UTR00000278,2025-01-29,2025-01-30T18:18:01Z,PROCESSED,
SET-0279,PAY-0279,2461.84,9.89,1.78,UTR00000279,2025-01-29,2025-01-30T22:41:34Z,PROCESSED,
SET-0280,PAY-0280,584.84,18.09,3.26,UTR00000280,2025-01-29,2025-01-30T21:42:17Z,PROCESSED,
SET-0282,PAY-0282,5120.0,110.87,19.96,UTR00000282,2025-01-30,2025-01-31T06:21:03Z,PROCESSED,
SET-0283,PAY-0283,1139.4,22.15,3.99,UTR00000283,2025-01-30,2025-01-31T05:18:05Z,PROCESSED,
SET-0284,PAY-0284,534.86,12.0,2.16,UTR00000284,2025-01-30,2025-01-31T10:27:40Z,PROCESSED,
SET-0285,PAY-0285,297.58,1.2,0.22,UTR00000285,2025-01-30,2025-01-31T09:00:26Z,PROCESSED,
SET-0286,PAY-0286,7742.09,12.0,2.16,UTR00000286,2025-01-30,2025-01-30T08:57:58Z,PROCESSED,
SET-0288,PAY-0288,1568.85,50.51,9.09,UTR00000288,2025-01-30,2025-01-30T19:08:22Z,PROCESSED,
SET-0289,PAY-0289,2862.45,58.63,10.55,UTR00000289,2025-01-30,2025-01-31T20:20:19Z,PROCESSED,
SET-0290,PAY-0290,611.38,19.95,3.59,UTR00000290,2025-01-30,2025-01-31T17:01:41Z,PROCESSED,
SET-0291,PAY-0291,1202.65,31.02,5.58,UTR00000291,2025-01-30,2025-01-30T20:28:26Z,PROCESSED,
SET-0292,PAY-0292,2022.33,41.42,7.46,UTR00000292,2025-01-30,2025-01-30T20:54:05Z,PROCESSED,
SET-0293,PAY-0293,469.28,9.12,1.64,UTR00000293,2025-01-30,2025-01-31T22:28:19Z,PROCESSED,
SET-0295,PAY-0295,769.88,4.65,0.84,UTR00000295,2025-01-31,2025-01-31T04:59:22Z,PROCESSED,
SET-0296,PAY-0296,309.86,6.35,1.14,UTR00000296,2025-01-31,2025-02-01T04:31:28Z,PROCESSED,
SET-0297,PAY-0297,454.93,11.0,1.98,UTR00000297,2025-01-31,2025-02-01T10:27:27Z,PROCESSED,
SET-0298,PAY-0298,746.25,3.0,0.54,UTR00000298,2025-01-31,2025-01-31T09:50:30Z,PROCESSED,
SET-0299,PAY-0299,470.17,12.0,2.16,UTR00000299,2025-01-31,2025-02-01T12:06:29Z,PROCESSED,
SET-0300,PAY-0300,1966.17,40.27,7.25,UTR00000300,2025-01-31,2025-02-01T17:33:38Z,PROCESSED,
SET-0301,PAY-0301,2447.16,92.58,16.66,UTR00000301,2025-01-31,2025-02-01T17:47:15Z,PROCESSED,
SET-0302,PAY-0302,811.22,16.62,2.99,UTR00000302,2025-01-31,2025-01-31T17:13:02Z,PROCESSED,
SET-0303,PAY-0303,1368.52,28.03,5.05,UTR00000303,2025-01-31,2025-02-01T22:04:23Z,PROCESSED,
SET-0304,PAY-0304,527.4,15.22,2.74,UTR00000304,2025-01-31,2025-02-01T20:16:02Z,PROCESSED,
SET-0305,PAY-0305,411.29,7.99,1.44,UTR00000305,2025-02-01,2025-02-02T03:32:41Z,PROCESSED,
SET-0306,PAY-0306,291.94,5.98,1.08,UTR00000306,2025-02-01,2025-02-01T04:03:22Z,PROCESSED,
SET-0307,PAY-0307,2407.61,12.0,2.16,UTR00000307,2025-02-01,2025-02-02T06:00:05Z,PROCESSED,
SET-0308,PAY-0308,291.94,5.98,1.08,UTR00000308,2025-02-01,2025-02-01T06:57:24Z,PROCESSED,
SET-0309,PAY-0309,679.18,12.0,2.16,UTR00000309,2025-02-01,2025-02-02T06:45:51Z,PROCESSED,
SET-0310,PAY-0310,1396.03,5.61,1.01,UTR00000310,2025-02-01,2025-02-02T13:35:31Z,PROCESSED,
SET-0311,PAY-0311,409.21,8.38,1.51,UTR00000311,2025-02-01,2025-02-01T12:39:12Z,PROCESSED,
SET-0312,PAY-0312,1053.78,4.24,0.76,UTR00000312,2025-02-01,2025-02-01T17:35:46Z,PROCESSED,
SET-0313,PAY-0313,175.16,3.59,0.65,UTR00000313,2025-02-01,2025-02-01T15:50:56Z,PROCESSED,
SET-0313-2,PAY-0313-2,116.78,2.39,0.43,UTR00000313B,2025-02-01,2025-02-01T15:50:56Z,PROCESSED,
SET-0314,PAY-0314,2136.09,8.58,1.54,UTR00000314,2025-02-01,2025-02-02T15:46:30Z,PROCESSED,
SET-0315,PAY-0315,1542.47,31.6,5.69,UTR00000315,2025-02-01,2025-02-01T16:47:53Z,PROCESSED,
SET-0316,PAY-0316,5082.38,27.65,4.98,UTR00000316,2025-02-01,2025-02-02T18:43:12Z,PROCESSED,
SET-0317,PAY-0317,762.19,3.06,0.55,UTR00000317,2025-02-02,2025-02-03T01:44:01Z,PROCESSED,
SET-0318,PAY-0318,2432.87,49.83,8.97,UTR00000318,2025-02-02,2025-02-03T01:33:25Z,PROCESSED,
SET-0319,PAY-0319,297.58,1.2,0.22,UTR00000319,2025-02-02,2025-02-02T02:45:22Z,PROCESSED,
SET-0320,PAY-0320,1829.22,37.47,6.74,UTR00000320,2025-02-02,2025-02-02T05:17:04Z,PROCESSED,
SET-0321,PAY-0321,284.84,12.0,2.16,UTR00000321,2025-02-02,2025-02-03T07:04:08Z,PROCESSED,
SET-0322,PAY-0322,932.55,3.75,0.67,UTR00000322,2025-02-02,2025-02-03T09:28:33Z,PROCESSED,
SET-0323,PAY-0323,1047.63,4.21,0.76,UTR00000323,2025-02-02,2025-02-02T14:59:09Z,PROCESSED,
SET-0324,PAY-0324,420.39,8.61,1.55,UTR00000324,2025-02-02,2025-02-02T15:39:25Z,PROCESSED,
SET-0325,PAY-0325,808.78,3.25,0.58,UTR00000325,2025-02-02,2025-02-03T11:24:43Z,PROCESSED,
SET-0326,PAY-0326,145.94,5.98,1.08,UTR00000326,2025-02-02,2025-02-03T18:56:44Z,PROCESSED,
SET-0327,PAY-0327,614.26,12.58,2.26,UTR00000327,2025-02-02,2025-02-02T20:39:44Z,PROCESSED,
SET-0328,PAY-0328,476.91,9.77,1.76,UTR00000328,2025-02-02,2025-02-02T22:29:39Z,PROCESSED,
SET-0329,PAY-0329,534.91,2.15,0.39,UTR00000329,2025-02-02,2025-02-02T19:24:21Z,PROCESSED,
SET-0330,PAY-0330,554.61,3.29,0.59,UTR00000330,2025-02-02,2025-02-03T20:57:36Z,PROCESSED,
SET-0331,PAY-0331,3865.67,15.54,2.8,UTR00000331,2025-02-03,2025-02-03T01:58:15Z,PROCESSED,
SET-0332,PAY-0332,580.19,11.88,2.14,UTR00000332,2025-02-03,2025-02-03T06:49:57Z,PROCESSED,
SET-0333,PAY-0333,2038.71,8.19,1.47,UTR00000333,2025-02-03,2025-02-03T05:11:25Z,PROCESSED,
SET-0334,PAY-0334,5462.94,111.9,20.14,UTR00000334,2025-02-03,2025-02-04T11:17:13Z,PROCESSED,
SET-0335,PAY-0335,6913.46,12.0,2.16,UTR00000335,2025-02-03,2025-02-04T13:44:27Z,PROCESSED,
SET-0336,PAY-0336,357.15,7.32,1.32,UTR00000336,2025-02-03,2025-02-03T08:47:24Z,PROCESSED,
SET-0337,PAY-0337,1356.59,27.79,5.0,UTR00000337,2025-02-03,2025-02-04T11:57:24Z,PROCESSED,
SET-0338,PAY-0338,1328.96,5.34,0.96,UTR00000338,2025-02-03,2025-02-03T13:20:07Z,PROCESSED,
SET-0339,PAY-0339,5431.31,12.0,2.16,UTR00000339,2025-02-03,2025-02-04T15:13:14Z,PROCESSED,
SET-0340,PAY-0340,5817.06,119.15,21.45,UTR00000340,2025-02-03,2025-02-03T20:16:07Z,PROCESSED,
SET-0341,PAY-0341,2162.38,8.69,1.56,UTR00000341,2025-02-03,2025-02-04T21:22:07Z,PROCESSED,
SET-0342,PAY-0342,640.8,13.13,2.36,UTR00000342,2025-02-03,2025-02-04T20:27:32Z,PROCESSED,
SET-0343,PAY-0343,1835.92,12.0,2.16,UTR00000343,2025-02-04,2025-02-05T00:55:15Z,PROCESSED,
SET-0344,PAY-0344,430.13,8.81,1.59,UTR00000344,2025-02-04,2025-02-04T00:38:56Z,PROCESSED,
SET-0345,PAY-0345,2046.33,12.0,2.16,UTR00000345,2025-02-04,2025-02-04T03:24:43Z,PROCESSED,
SET-0347,PAY-0347,5378.94,23.34,4.2,UTR00000347,2025-02-04,2025-02-05T06:56:46Z,PROCESSED,
SET-0348,PAY-0348,1406.77,28.82,5.19,UTR00000348,2025-02-04,2025-02-04T14:31:49Z,PROCESSED,
SET-0349,PAY-0349,448.07,9.18,1.65,UTR00000349,2025-02-04,2025-02-05T09:09:16Z,PROCESSED,
SET-0350,PAY-0350,1528.29,36.94,6.65,UTR00000350,2025-02-04,2025-02-05T14:23:58Z,PROCESSED,
SET-0351,PAY-0351,291.94,5.98,1.08,UTR00000351,2025-02-04,2025-02-05T19:37:08Z,PROCESSED,
SET-0352,PAY-0352,863.93,12.0,2.16,UTR00000352,2025-02-04,2025-02-04T22:00:07Z,PROCESSED,
SET-0353,PAY-0353,2416.98,49.51,8.91,UTR00000353,2025-02-04,2025-02-05T23:51:04Z,PROCESSED,
SET-0354,PAY-0354,6822.1,132.59,23.87,UTR00000354,2025-02-04,2025-02-04T22:58:01Z,PROCESSED,
SET-0355,PAY-0355,11721.69,47.11,8.48,UTR00000355,2025-02-04,2025-02-04T20:44:49Z,PROCESSED,
SET-0356,PAY-0356,3419.47,70.04,12.61,UTR00000356,2025-02-04,2025-02-05T22:12:50Z,PROCESSED,
SET-0358,PAY-0358,1590.38,30.91,5.56,UTR00000358,2025-02-05,2025-02-06T06:28:11Z,PROCESSED,
SET-0359,PAY-0359,817.63,15.89,2.86,UTR00000359,2025-02-05,2025-02-05T11:03:24Z,PROCESSED,
SET-0360,PAY-0360,2452.55,50.24,9.04,UTR00000360,2025-02-05,2025-02-06T05:28:46Z,PROCESSED,
SET-0361,PAY-0361,1043.33,4.19,0.75,UTR00000361,2025-02-05,2025-02-06T08:05:31Z,PROCESSED,
SET-0362,PAY-0362,7373.37,151.03,27.19,UTR00000362,2025-02-05,2025-02-06T16:00:00Z,PROCESSED,
SET-0363,PAY-0363,817.0,4.18,0.75,UTR00000363,2025-02-05,2025-02-06T18:45:50Z,PROCESSED,
SET-0364,PAY-0364,764.13,15.65,2.82,UTR00000364,2025-02-05,2025-02-05T15:05:17Z,PROCESSED,
SET-0366,PAY-0366,3154.16,64.61,11.63,UTR00000366,2025-02-05,2025-02-05T20:25:54Z,PROCESSED,
SET-0367,PAY-0367,958.87,3.85,0.69,UTR00000367,2025-02-05,2025-02-05T23:03:03Z,PROCESSED,
SET-0368,PAY-0368,1415.24,12.0,2.16,UTR00000368,2025-02-06,2025-02-07T00:54:35Z,PROCESSED,
SET-0369,PAY-0369,292.17,12.0,2.16,UTR00000369,2025-02-06,2025-02-07T00:22:19Z,PROCESSED,
SET-0370,PAY-0370,2631.15,10.57,1.9,UTR00000370,2025-02-06,2025-02-07T08:11:39Z,PROCESSED,
SET-0371,PAY-0371,2564.67,12.0,2.16,UTR00000371,2025-02-06,2025-02-07T05:52:21Z,PROCESSED,
SET-0372,PAY-0372,741.58,2.98,0.54,UTR00000372,2025-02-06,2025-02-07T04:39:13Z,PROCESSED,
SET-0373,PAY-0373,291.94,5.98,1.08,UTR00000373,2025-02-06,2025-02-06T07:30:58Z,PROCESSED,
SET-0374,PAY-0374,292.3,5.68,1.02,UTR00000374,2025-02-06,2025-02-07T11:21:55Z,PROCESSED,
SET-0375,PAY-0375,1305.69,25.38,4.57,UTR00000375,2025-02-06,2025-02-06T09:49:59Z,PROCESSED,
SET-0376,PAY-0376,1284.22,5.16,0.93,UTR00000376,2025-02-06,2025-02-07T15:15:55Z,PROCESSED,
SET-0377,PAY-0377,1109.03,22.72,4.09,UTR00000377,2025-02-06,2025-02-06T16:01:24Z,PROCESSED,
SET-0378,PAY-0378,291.94,5.98,1.08,UTR00000378,2025-02-06,2025-02-07T22:38:39Z,PROCESSED,
SET-0379,PAY-0379,1101.84,22.57,4.06,UTR00000379,2025-02-07,2025-02-08T00:33:06Z,PROCESSED,
SET-0380,PAY-0380,4633.55,94.91,17.08,UTR00000380,2025-02-06,2025-02-06T23:26:40Z,PROCESSED,
SET-0381,PAY-0381,9520.97,443.38,79.81,UTR00000381,2025-02-06,2025-02-07T23:47:51Z,PROCESSED,
SET-0382,PAY-0382,173.15,5.68,1.02,UTR00000382,2025-02-07,2025-02-07T02:56:57Z,PROCESSED,
SET-0383,PAY-0383,1791.18,7.2,1.3,UTR00000383,2025-02-07,2025-02-08T07:20:14Z,PROCESSED,
SET-0384,PAY-0384,5942.8,121.73,21.91,UTR00000384,2025-02-07,2025-02-07T09:32:38Z,PROCESSED,
SET-0385,PAY-0385,1418.19,47.04,8.47,UTR00000385,2025-02-07,2025-02-08T11:55:23Z,PROCESSED,
SET-0386,PAY-0386,1687.3,40.78,7.34,UTR00000386,2025-02-07,2025-02-07T11:44:57Z,PROCESSED,
SET-0387,PAY-0387,1324.62,5.32,0.96,UTR00000387,2025-02-07,2025-02-08T14:36:46Z,PROCESSED,
SET-0388,PAY-0388,1212.96,29.79,5.36,UTR00000388,2025-02-07,2025-02-07T17:01:31Z,PROCESSED,
SET-0389,PAY-0389,449.47,9.21,1.66,UTR00000389,2025-02-07,2025-02-07T16:48:50Z,PROCESSED,
SET-0390,PAY-0390,3247.96,66.53,11.98,UTR00000390,2025-02-07,2025-02-08T15:41:28Z,PROCESSED,
SET-0391,PAY-0391,621.04,18.13,3.26,UTR00000391,2025-02-07,2025-02-08T17:54:30Z,PROCESSED,
SET-0392,PAY-0392,176.19,1.2,0.22,UTR00000392,2025-02-07,2025-02-07T20:46:43Z,PROCESSED,
SET-0393,PAY-0393,284.84,12.0,2.16,UTR00000393,2025-02-07,2025-02-08T21:57:26Z,PROCESSED,
SET-0394,PAY-0394,1182.73,24.23,4.36,UTR00000394,2025-02-07,2025-02-07T22:24:21Z,PROCESSED,
SET-0395,PAY-0395,1930.48,12.0,2.16,UTR00000395,2025-02-08,2025-02-08T05:02:36Z,PROCESSED,
SET-0396,PAY-0396,2015.59,8.1,1.46,UTR00000396,2025-02-08,2025-02-09T08:21:58Z,PROCESSED,
SET-0398,PAY-0398,458.65,9.39,1.69,UTR00000398,2025-02-08,2025-02-08T06:01:12Z,PROCESSED,
SET-0399,PAY-0399,332.82,1.74,0.31,UTR00000399,2025-02-08,2025-02-09T14:10:17Z,PROCESSED,
SET-0400,PAY-0400,4858.54,19.53,3.52,UTR00000400,2025-02-08,2025-02-09T12:06:56Z,PROCESSED,
SET-0401,PAY-0401,3176.33,12.77,2.3,UTR00000401,2025-02-08,2025-02-08T11:40:45Z,PROCESSED,
SET-0402,PAY-0402,284.84,12.0,2.16,UTR00000402,2025-02-08,2025-02-08T13:30:48Z,PROCESSED,
SET-0403,PAY-0403,559.69,11.73,2.11,UTR00000403,2025-02-08,2025-02-09T20:16:19Z,PROCESSED,
SET-0404,PAY-0404,592.57,12.0,2.16,UTR00000404,2025-02-08,2025-02-09T21:11:33Z,PROCESSED,
SET-0405,PAY-0405,520.07,19.27,3.47,UTR00000405,2025-02-08,2025-02-08T23:19:39Z,PROCESSED,
SET-0406,PAY-0406,499.49,12.07,2.17,UTR00000406,2025-02-09,2025-02-10T04:24:36Z,PROCESSED,
SET-0407,PAY-0407,325.35,6.66,1.2,UTR00000407,2025-02-09,2025-02-10T03:22:50Z,PROCESSED,
SET-0408,PAY-0408,767.75,12.0,2.16,UTR00000408,2025-02-09,2025-02-09T01:52:38Z,PROCESSED,
SET-0409,PAY-0409,1653.38,33.87,6.1,UTR00000409,2025-02-09,2025-02-10T02:51:35Z,PROCESSED,
SET-0410,PAY-0410,4507.09,108.94,19.61,UTR00000410,2025-02-09,2025-02-10T08:51:44Z,PROCESSED,
SET-0412,PAY-0412,575.31,12.0,2.16,UTR00000412,2025-02-09,2025-02-10T15:47:05Z,PROCESSED,
SET-0413,PAY-0413,2043.29,8.21,1.48,UTR00000413,2025-02-09,2025-02-10T11:37:31Z,PROCESSED,
SET-0414,PAY-0414,291.94,5.98,1.08,UTR00000414,2025-02-09,2025-02-10T12:27:19Z,PROCESSED,
SET-0415,PAY-0415,1567.28,30.46,5.48,UTR00000415,2025-02-09,2025-02-10T19:08:45Z,PROCESSED,
SET-0415-2,PAY-0415-2,1044.85,20.31,3.66,UTR00000415B,2025-02-09,2025-02-09T19:08:45Z,PROCESSED,
SET-0416,PAY-0416,693.85,14.21,2.56,UTR00000416,2025-02-09,2025-02-09T16:14:45Z,PROCESSED,
SET-0417,PAY-0417,516.88,2.08,0.37,UTR00000417,2025-02-09,2025-02-10T23:40:16Z,PROCESSED,
SET-0418,PAY-0418,560.9,11.49,2.07,UTR00000418,2025-02-10,2025-02-10T03:16:04Z,PROCESSED,
SET-0419,PAY-0419,328.54,1.32,0.24,UTR00000419,2025-02-09,2025-02-10T23:27:43Z,PROCESSED,
SET-0420,PAY-0420,1219.65,23.7,4.27,UTR00000420,2025-02-10,2025-02-11T02:53:39Z,PROCESSED,
SET-0421,PAY-0421,2372.13,48.59,8.75,UTR00000421,2025-02-10,2025-02-10T02:12:29Z,PROCESSED,
SET-0422,PAY-0422,1081.63,22.16,3.99,UTR00000422,2025-02-10,2025-02-11T08:12:01Z,PROCESSED,
SET-0423,PAY-0423,297.58,1.2,0.22,UTR00000423,2025-02-10,2025-02-11T07:09:13Z,PROCESSED,
SET-0424,PAY-0424,284.84,12.0,2.16,UTR00000424,2025-02-10,2025-02-10T12:04:48Z,PROCESSED,
SET-0425,PAY-0425,6705.83,12.0,2.16,UTR00000425,2025-02-10,2025-02-10T14:07:12Z,PROCESSED,
SET-0426,PAY-0426,2509.19,12.0,2.16,UTR00000426,2025-02-10,2025-02-10T10:58:05Z,PROCESSED,
SET-0427,PAY-0427,2538.08,51.99,9.36,UTR00000427,2025-02-10,2025-02-10T18:08:31Z,PROCESSED,
SET-0428,PAY-0428,1904.6,7.74,1.39,UTR00000428,2025-02-10,2025-02-11T15:08:54Z,PROCESSED,
SET-0429,PAY-0429,4239.23,17.04,3.07,UTR00000429,2025-02-10,2025-02-11T20:06:58Z,PROCESSED,
SET-0430,PAY-0430,579.78,11.88,2.14,UTR00000430,2025-02-11,2025-02-12T00:10:53Z,PROCESSED,
SET-0431,PAY-0431,578.67,11.85,2.13,UTR00000431,2025-02-11,2025-02-11T01:24:30Z,PROCESSED,
SET-0432,PAY-0432,284.84,12.0,2.16,UTR00000432,2025-02-11,2025-02-12T03:08:19Z,PROCESSED,
SET-0433,PAY-0433,878.2,12.0,2.16,UTR00000433,2025-02-11,2025-02-12T04:39:00Z,PROCESSED,
SET-0434,PAY-0434,2248.85,54.36,9.78,UTR00000434,2025-02-11,2025-02-11T04:40:09Z,PROCESSED,
SET-0435,PAY-0435,2125.42,13.12,2.36,UTR00000435,2025-02-11,2025-02-11T06:03:39Z,PROCESSED,
SET-0436,PAY-0436,1584.91,32.46,5.84,UTR00000436,2025-02-11,2025-02-12T07:26:41Z,PROCESSED,
SET-0437,PAY-0437,2632.72,14.94,2.69,UTR00000437,2025-02-11,2025-02-11T13:34:45Z,PROCESSED,
SET-0438,PAY-0438,289.24,8.68,1.56,UTR00000438,2025-02-11,2025-02-11T15:54:00Z,PROCESSED,
SET-0439,PAY-0439,1955.31,7.86,1.41,UTR00000439,2025-02-11,2025-02-12T14:08:20Z,PROCESSED,
SET-0440,PAY-0440,3393.64,13.64,2.46,UTR00000440,2025-02-11,2025-02-11T15:20:58Z,PROCESSED,
SET-0441,PAY-0441,1835.21,37.59,6.77,UTR00000441,2025-02-11,2025-02-11T17:29:33Z,PROCESSED,
SET-0442,PAY-0442,886.63,18.16,3.27,UTR00000442,2025-02-11,2025-02-12T20:34:31Z,PROCESSED,
SET-0443,PAY-0443,535.49,2.72,0.49,UTR00000443,2025-02-11,2025-02-11T20:03:43Z,PROCESSED,
SET-0444,PAY-0444,1953.6,12.0,2.16,UTR00000444,2025-02-12,2025-02-12T02:52:56Z,PROCESSED,
SET-0445,PAY-0445,624.49,12.79,2.3,UTR00000445,2025-02-12,2025-02-12T04:32:31Z,PROCESSED,
SET-0446,PAY-0446,751.47,15.39,2.77,UTR00000446,2025-02-12,2025-02-13T03:17:42Z,PROCESSED,
SET-0447,PAY-0447,744.48,15.25,2.75,UTR00000447,2025-02-12,2025-02-12T06:37:26Z,PROCESSED,
SET-0448,PAY-0448,717.33,14.69,2.64,UTR00000448,2025-02-12,2025-02-12T07:14:17Z,PROCESSED,
SET-0449,PAY-0449,400.23,12.0,2.16,UTR00000449,2025-02-12,2025-02-12T13:06:06Z,PROCESSED,
SET-0450,PAY-0450,861.23,12.0,2.16,UTR00000450,2025-02-12,2025-02-12T08:48:59Z,PROCESSED,
SET-0451,PAY-0451,2780.51,112.55,20.26,UTR00000451,2025-02-12,2025-02-13T10:08:19Z,PROCESSED,
SET-0452,PAY-0452,2826.91,57.9,10.42,UTR00000452,2025-02-12,2025-02-12T16:07:24Z,PROCESSED,
SET-0453,PAY-0453,702.55,14.39,2.59,UTR00000453,2025-02-12,2025-02-12T19:30:13Z,PROCESSED,
SET-0454,PAY-0454,1230.92,25.21,4.54,UTR00000454,2025-02-12,2025-02-12T20:52:19Z,PROCESSED,
SET-0455,PAY-0455,2769.65,56.73,10.21,UTR00000455,2025-02-12,2025-02-12T18:33:20Z,PROCESSED,
SET-0456,PAY-0456,798.54,3.21,0.58,UTR00000456,2025-02-12,2025-02-12T20:12:36Z,PROCESSED,
SET-0457,PAY-0457,555.12,2.23,0.4,UTR00000457,2025-02-13,2025-02-13T02:20:06Z,PROCESSED,
SET-0458,PAY-0458,1091.25,4.57,0.82,UTR00000458,2025-02-13,2025-02-14T01:16:45Z,PROCESSED,
SET-0459,PAY-0459,290.7,7.03,1.27,UTR00000459,2025-02-13,2025-02-14T05:50:30Z,PROCESSED,
SET-0460,PAY-0460,323.33,16.68,3.0,UTR00000460,2025-02-13,2025-02-13T05:32:56Z,PROCESSED,
SET-0462,PAY-0462,300.6,5.84,1.05,UTR00000462,2025-02-13,2025-02-13T10:06:27Z,PROCESSED,
SET-0464,PAY-0464,1174.21,4.72,0.85,UTR00000464,2025-02-13,2025-02-13T12:57:00Z,PROCESSED,
SET-0465,PAY-0465,7281.24,46.15,8.31,UTR00000465,2025-02-13,2025-02-14T15:59:16Z,PROCESSED,
SET-0466,PAY-0466,313.7,6.43,1.16,UTR00000466,2025-02-13,2025-02-14T17:06:59Z,PROCESSED,
SET-0467,PAY-0467,679.5,13.92,2.51,UTR00000467,2025-02-13,2025-02-14T17:51:22Z,PROCESSED,
SET-0468,PAY-0468,1523.85,48.66,8.76,UTR00000468,2025-02-13,2025-02-14T22:18:23Z,PROCESSED,
SET-0469,PAY-0469,638.65,12.77,2.3,UTR00000469,2025-02-14,2025-02-15T03:48:18Z,PROCESSED,
SET-0470,PAY-0470,297.58,1.2,0.22,UTR00000470,2025-02-14,2025-02-15T03:03:30Z,PROCESSED,
SET-0471,PAY-0471,1311.59,37.39,6.73,UTR00000471,2025-02-14,2025-02-15T06:24:56Z,PROCESSED,
SET-0472,PAY-0472,6671.04,12.0,2.16,UTR00000472,2025-02-14,2025-02-15T04:39:47Z,PROCESSED,
SET-0473,PAY-0473,486.02,9.96,1.79,UTR00000473,2025-02-14,2025-02-15T09:22:31Z,PROCESSED,
SET-0474,PAY-0474,1618.4,51.24,9.22,UTR00000474,2025-02-14,2025-02-14T13:03:07Z,PROCESSED,
SET-0475,PAY-0475,297.58,1.2,0.22,UTR00000475,2025-02-14,2025-02-14T13:33:21Z,PROCESSED,
SET-0476,PAY-0476,1615.98,32.14,5.79,UTR00000476,2025-02-14,2025-02-14T14:18:57Z,PROCESSED,
SET-0477,PAY-0477,1366.29,27.99,5.04,UTR00000477,2025-02-14,2025-02-14T11:28:13Z,PROCESSED,
SET-0478,PAY-0478,2040.07,41.79,7.52,UTR00000478,2025-02-14,2025-02-14T19:22:34Z,PROCESSED,
SET-0479,PAY-0479,324.75,1.31,0.24,UTR00000479,2025-02-14,2025-02-15T22:37:56Z,PROCESSED,
SET-0479-2,PAY-0479-2,216.51,0.87,0.16,UTR00000479B,2025-02-14,2025-02-15T22:37:56Z,PROCESSED,
SET-0480,PAY-0480,1996.21,48.25,8.69,UTR00000480,2025-02-14,2025-02-15T22:08:28Z,PROCESSED,
SET-0481,PAY-0481,2415.3,9.71,1.75,UTR00000481,2025-02-14,2025-02-15T21:42:57Z,PROCESSED,
SET-0482,PAY-0482,3462.73,70.93,12.77,UTR00000482,2025-02-15,2025-02-16T02:55:37Z,PROCESSED,
SET-0483,PAY-0483,2208.76,11.6,2.09,UTR00000483,2025-02-14,2025-02-14T23:43:46Z,PROCESSED,
SET-0484,PAY-0484,1404.53,33.95,6.11,UTR00000484,2025-02-15,2025-02-15T08:40:38Z,PROCESSED,
SET-0485,PAY-0485,714.49,14.64,2.64,UTR00000485,2025-02-15,2025-02-16T03:48:17Z,PROCESSED,
SET-0486,PAY-0486,335.7,6.88,1.24,UTR00000486,2025-02-15,2025-02-16T06:53:15Z,PROCESSED,
SET-0487,PAY-0487,4279.1,12.0,2.16,UTR00000487,2025-02-15,2025-02-15T07:25:44Z,PROCESSED,
SET-0488,PAY-0488,509.73,10.44,1.88,UTR00000488,2025-02-15,2025-02-16T09:15:01Z,PROCESSED,
SET-0489,PAY-0489,408.6,1.64,0.3,UTR00000489,2025-02-15,2025-02-15T16:55:54Z,PROCESSED,
SET-0491,PAY-0491,542.64,2.18,0.39,UTR00000491,2025-02-15,2025-02-16T15:23:04Z,PROCESSED,
SET-0492,PAY-0492,1949.94,12.0,2.16,UTR00000492,2025-02-15,2025-02-15T18:20:48Z,PROCESSED,
SET-0493,PAY-0493,555.53,2.31,0.42,UTR00000493,2025-02-15,2025-02-16T20:19:48Z,PROCESSED,
SET-0494,PAY-0494,715.19,12.0,2.16,UTR00000494,2025-02-16,2025-02-16T01:10:08Z,PROCESSED,
SET-0495,PAY-0495,5239.95,107.33,19.32,UTR00000495,2025-02-15,2025-02-16T23:28:42Z,PROCESSED,
SET-0496,PAY-0496,585.95,2.35,0.42,UTR00000496,2025-02-16,2025-02-17T05:59:28Z,PROCESSED,
SET-0497,PAY-0497,2358.54,48.31,8.7,UTR00000497,2025-02-16,2025-02-17T04:28:41Z,PROCESSED,
SET-0499,PAY-0499,615.37,12.0,2.16,UTR00000499,2025-02-16,2025-02-17T11:24:38Z,PROCESSED,
SET-0500,PAY-0500,863.3,17.68,3.18,UTR00000500,2025-02-16,2025-02-17T12:49:25Z,PROCESSED,
SET-0502,PAY-0502,2075.59,59.04,10.63,UTR00000502,2025-02-16,2025-02-17T13:14:58Z,PROCESSED,
SET-0503,PAY-0503,655.73,2.64,0.48,UTR00000503,2025-02-16,2025-02-17T17:20:42Z,PROCESSED,
SET-0504,PAY-0504,747.59,3.0,0.54,UTR00000504,2025-02-16,2025-02-16T19:05:21Z,PROCESSED,
SET-0505,PAY-0505,1877.73,7.55,1.36,UTR00000505,2025-02-16,2025-02-16T18:49:33Z,PROCESSED,
SET-0506,PAY-0506,1084.31,22.21,4.0,UTR00000506,2025-02-17,2025-02-17T02:08:23Z,PROCESSED,
SET-0507,PAY-0507,250.35,5.13,0.92,UTR00000507,2025-02-16,2025-02-17T20:47:54Z,PROCESSED,
SET-0507-2,PAY-0507-2,166.9,3.42,0.62,UTR00000507B,2025-02-16,2025-02-16T20:47:54Z,PROCESSED,
SET-0508,PAY-0508,1451.76,5.83,1.05,UTR00000508,2025-02-16,2025-02-16T23:04:27Z,PROCESSED,
SET-0509,PAY-0509,1262.97,25.87,4.66,UTR00000509,2025-02-17,2025-02-18T05:54:19Z,PROCESSED,
SET-0510,PAY-0510,199.97,1.2,0.22,UTR00000510,2025-02-17,2025-02-17T05:53:07Z,PROCESSED,
SET-0511,PAY-0511,2000.83,40.98,7.38,UTR00000511,2025-02-17,2025-02-18T11:28:36Z,PROCESSED,
SET-0512,PAY-0512,451.81,1.82,0.33,UTR00000512,2025-02-17,2025-02-18T08:20:38Z,PROCESSED,
SET-0513,PAY-0513,4133.79,12.0,2.16,UTR00000513,2025-02-17,2025-02-18T08:07:29Z,PROCESSED,
SET-0515,PAY-0515,6666.48,129.57,23.32,UTR00000515,2025-02-17,2025-02-17T14:33:19Z,PROCESSED,
SET-0516,PAY-0516,8531.04,12.0,2.16,UTR00000516,2025-02-17,2025-02-17T20:26:10Z,PROCESSED,
SET-0517,PAY-0517,269.05,5.51,0.99,UTR00000517,2025-02-17,2025-02-17T16:30:21Z,PROCESSED,
SET-0517-2,PAY-0517-2,179.37,3.67,0.66,UTR00000517B,2025-02-17,2025-02-18T16:30:21Z,PROCESSED,
SET-0518,PAY-0518,176.81,6.05,1.09,UTR00000518,2025-02-17,2025-02-17T23:00:43Z,PROCESSED,
SET-0519,PAY-0519,1596.15,31.02,5.58,UTR00000519,2025-02-17,2025-02-18T21:29:43Z,PROCESSED,
SET-0520,PAY-0520,2192.17,8.81,1.59,UTR00000520,2025-02-17,2025-02-17T22:28:46Z,PROCESSED,
SET-0521,PAY-0521,7695.62,30.93,5.57,UTR00000521,2025-02-18,2025-02-19T05:39:12Z,PROCESSED,
SET-0522,PAY-0522,2000.86,8.04,1.45,UTR00000522,2025-02-18,2025-02-18T04:49:35Z,PROCESSED,
SET-0523,PAY-0523,2136.66,51.64,9.3,UTR00000523,2025-02-18,2025-02-19T07:43:26Z,PROCESSED,
SET-0524,PAY-0524,1614.56,12.0,2.16,UTR00000524,2025-02-18,2025-02-19T11:01:25Z,PROCESSED,
SET-0525,PAY-0525,1031.51,4.15,0.75,UTR00000525,2025-02-18,2025-02-18T10:23:28Z,PROCESSED,
SET-0526,PAY-0526,4339.19,88.88,16.0,UTR00000526,2025-02-18,2025-02-18T13:30:06Z,PROCESSED,
SET-0527,PAY-0527,594.41,2.39,0.43,UTR00000527,2025-02-18,2025-02-19T10:22:55Z,PROCESSED,
SET-0528,PAY-0528,537.52,11.01,1.98,UTR00000528,2025-02-18,2025-02-18T13:12:36Z,PROCESSED,
SET-0530,PAY-0530,291.94,5.98,1.08,UTR00000530,2025-02-18,2025-02-19T22:16:39Z,PROCESSED,
SET-0531,PAY-0531,291.94,5.98,1.08,UTR00000531,2025-02-18,2025-02-19T19:14:33Z,PROCESSED,
SET-0532,PAY-0532,2871.08,58.81,10.59,UTR00000532,2025-02-19,2025-02-19T00:44:58Z,PROCESSED,
SET-0533,PAY-0533,896.75,18.37,3.31,UTR00000533,2025-02-18,2025-02-18T22:00:34Z,PROCESSED,
SET-0534,PAY-0534,5349.5,109.58,19.72,UTR00000534,2025-02-19,2025-02-19T07:10:34Z,PROCESSED,
SET-0535,PAY-0535,824.39,19.93,3.59,UTR00000535,2025-02-19,2025-02-20T04:50:16Z,PROCESSED,
SET-0536,PAY-0536,2027.6,41.53,7.48,UTR00000536,2025-02-19,2025-02-19T08:40:38Z,PROCESSED,
SET-0537,PAY-0537,501.8,10.28,1.85,UTR00000537,2025-02-19,2025-02-19T10:18:08Z,PROCESSED,
SET-0538,PAY-0538,987.23,12.0,2.16,UTR00000538,2025-02-19,2025-02-19T08:31:08Z,PROCESSED,
SET-0539,PAY-0539,10205.2,209.04,37.63,UTR00000539,2025-02-19,2025-02-20T12:58:51Z,PROCESSED,
SET-0540,PAY-0540,767.41,3.08,0.55,UTR00000540,2025-02-19,2025-02-19T12:07:37Z,PROCESSED,
SET-0541,PAY-0541,1529.72,31.33,5.64,UTR00000541,2025-02-19,2025-02-19T13:14:43Z,PROCESSED,
SET-0542,PAY-0542,653.94,2.63,0.47,UTR00000542,2025-02-19,2025-02-19T17:34:06Z,PROCESSED,
SET-0542-2,PAY-0542-2,435.96,1.75,0.32,UTR00000542B,2025-02-19,2025-02-20T17:34:06Z,PROCESSED,
SET-0543,PAY-0543,1008.93,20.67,3.72,UTR00000543,2025-02-19,2025-02-19T19:58:46Z,PROCESSED,
SET-0544,PAY-0544,297.58,1.2,0.22,UTR00000544,2025-02-20,2025-02-20T01:48:17Z,PROCESSED,
SET-0545,PAY-0545,5152.59,20.71,3.73,UTR00000545,2025-02-20,2025-02-20T04:17:26Z,PROCESSED,
SET-0546,PAY-0546,4562.43,18.34,3.3,UTR00000546,2025-02-19,2025-02-19T22:43:02Z,PROCESSED,
SET-0547,PAY-0547,1449.9,28.18,5.07,UTR00000547,2025-02-20,2025-02-21T03:30:32Z,PROCESSED,
SET-0548,PAY-0548,307.91,1.24,0.22,UTR00000548,2025-02-20,2025-02-20T04:03:43Z,PROCESSED,
SET-0549,PAY-0549,1405.41,28.79,5.18,UTR00000549,2025-02-20,2025-02-21T10:15:21Z,PROCESSED,
SET-0550,PAY-0550,3897.95,100.81,18.15,UTR00000550,2025-02-20,2025-02-20T08:13:01Z,PROCESSED,
SET-0551,PAY-0551,1133.03,12.0,2.16,UTR00000551,2025-02-20,2025-02-21T13:54:51Z,PROCESSED,
SET-0552,PAY-0552,1837.72,37.64,6.78,UTR00000552,2025-02-20,2025-02-20T10:40:38Z,PROCESSED,
SET-0553,PAY-0553,1748.04,35.81,6.45,UTR00000553,2025-02-20,2025-02-20T14:51:31Z,PROCESSED,
SET-0554,PAY-0554,2905.8,59.52,10.71,UTR00000554,2025-02-20,2025-02-20T20:38:17Z,PROCESSED,
SET-0555,PAY-0555,2071.36,12.0,2.16,UTR00000555,2025-02-20,2025-02-20T20:31:53Z,PROCESSED,
SET-0555-2,PAY-0555-2,1376.18,12.0,2.16,UTR00000555B,2025-02-20,2025-02-20T20:31:53Z,PROCESSED,
SET-0557,PAY-0557,3057.18,62.62,11.27,UTR00000557,2025-02-20,2025-02-20T22:55:48Z,PROCESSED,
SET-0558,PAY-0558,297.58,1.2,0.22,UTR00000558,2025-02-21,2025-02-22T02:46:41Z,PROCESSED,
SET-0559,PAY-0559,1042.32,21.35,3.84,UTR00000559,2025-02-21,2025-02-22T05:50:55Z,PROCESSED,
SET-0559-2,PAY-0559-2,694.88,14.23,2.56,UTR00000559B,2025-02-21,2025-02-22T05:50:55Z,PROCESSED,
SET-0560,PAY-0560,297.0,1.78,0.32,UTR00000560,2025-02-21,2025-02-22T02:19:53Z,PROCESSED,
SET-0561,PAY-0561,7432.53,29.87,5.38,UTR00000561,2025-02-21,2025-02-21T04:58:39Z,PROCESSED,
SET-0562,PAY-0562,1940.59,7.8,1.4,UTR00000562,2025-02-21,2025-02-22T12:35:25Z,PROCESSED,
SET-0563,PAY-0563,700.13,19.58,3.52,UTR00000563,2025-02-21,2025-02-22T08:05:51Z,PROCESSED,
SET-0564,PAY-0564,284.84,12.0,2.16,UTR00000564,2025-02-21,2025-02-22T15:47:49Z,PROCESSED,
SET-0565,PAY-0565,1667.38,34.15,6.15,UTR00000565,2025-02-21,2025-02-22T17:47:38Z,PROCESSED,
SET-0566,PAY-0566,380.6,12.0,2.16,UTR00000566,2025-02-21,2025-02-22T13:55:25Z,PROCESSED,
SET-0567,PAY-0567,1743.11,35.7,6.43,UTR00000567,2025-02-21,2025-02-22T17:57:46Z,PROCESSED,
SET-0569,PAY-0569,1145.09,12.0,2.16,UTR00000569,2025-02-21,2025-02-22T19:38:18Z,PROCESSED,
SET-0570,PAY-0570,344.11,6.69,1.2,UTR00000570,2025-02-22,2025-02-23T02:36:29Z,PROCESSED,
SET-0571,PAY-0571,3070.66,74.22,13.36,UTR00000571,2025-02-22,2025-02-23T00:49:31Z,PROCESSED,
SET-0572,PAY-0572,940.09,3.78,0.68,UTR00000572,2025-02-22,2025-02-22T06:49:15Z,PROCESSED,
SET-0573,PAY-0573,2322.17,45.13,8.12,UTR00000573,2025-02-22,2025-02-23T05:20:42Z,PROCESSED,
SET-0574,PAY-0574,345.5,1.39,0.25,UTR00000574,2025-02-22,2025-02-22T10:47:50Z,PROCESSED,
SET-0575,PAY-0575,3563.28,72.99,13.14,UTR00000575,2025-02-22,2025-02-22T11:29:27Z,PROCESSED,
SET-0576,PAY-0576,794.14,15.43,2.78,UTR00000576,2025-02-22,2025-02-22T15:09:21Z,PROCESSED,
SET-0577,PAY-0577,1640.53,33.6,6.05,UTR00000577,2025-02-22,2025-02-22T15:52:47Z,PROCESSED,
SET-0578,PAY-0578,739.99,2.97,0.53,UTR00000578,2025-02-22,2025-02-23T18:27:59Z,PROCESSED,
SET-0580,PAY-0580,7190.16,31.34,5.64,UTR00000580,2025-02-22,2025-02-23T17:18:40Z,PROCESSED,
SET-0581,PAY-0581,1333.23,27.31,4.92,UTR00000581,2025-02-22,2025-02-22T18:13:46Z,PROCESSED,
SET-0582,PAY-0582,5250.13,107.54,19.36,UTR00000582,2025-02-23,2025-02-23T01:50:43Z,PROCESSED,
SET-0583,PAY-0583,1124.72,4.52,0.81,UTR00000583,2025-02-23,2025-02-23T02:57:34Z,PROCESSED,
SET-0584,PAY-0584,919.89,18.84,3.39,UTR00000584,2025-02-22,2025-02-23T23:27:30Z,PROCESSED,
SET-0585,PAY-0585,2314.9,48.59,8.75,UTR00000585,2025-02-23,2025-02-23T03:51:15Z,PROCESSED,
SET-0586,PAY-0586,282.25,2.25,0.4,UTR00000586,2025-02-23,2025-02-24T10:12:31Z,PROCESSED,
SET-0587,PAY-0587,433.25,8.87,1.6,UTR00000587,2025-02-23,2025-02-23T04:31:13Z,PROCESSED,
SET-0588,PAY-0588,766.1,3.08,0.55,UTR00000588,2025-02-23,2025-02-24T13:52:51Z,PROCESSED,
SET-0589,PAY-0589,3113.26,63.77,11.48,UTR00000589,2025-02-23,2025-02-24T12:14:53Z,PROCESSED,
SET-0590,PAY-0590,556.49,12.28,2.21,UTR00000590,2025-02-23,2025-02-24T11:53:10Z,PROCESSED,
SET-0591,PAY-0591,189.92,5.98,1.08,UTR00000591,2025-02-23,2025-02-24T13:34:34Z,PROCESSED,
SET-0592,PAY-0592,292.3,5.68,1.02,UTR00000592,2025-02-23,2025-02-23T21:05:24Z,PROCESSED,
SET-0593,PAY-0593,6049.77,24.31,4.38,UTR00000593,2025-02-23,2025-02-23T19:44:43Z,PROCESSED,
SET-0594,PAY-0594,1320.39,27.05,4.87,UTR00000594,2025-02-23,2025-02-23T20:38:09Z,PROCESSED,
SET-0595,PAY-0595,1942.49,39.79,7.16,UTR00000595,2025-02-23,2025-02-23T22:07:44Z,PROCESSED,
SET-0596,PAY-0596,1086.53,22.26,4.01,UTR00000596,2025-02-24,2025-02-24T04:43:04Z,PROCESSED,
SET-0597,PAY-0597,4193.34,101.35,18.24,UTR00000597,2025-02-24,2025-02-25T06:23:10Z,PROCESSED,
SET-0598,PAY-0598,2445.39,50.09,9.02,UTR00000598,2025-02-24,2025-02-24T08:58:33Z,PROCESSED,
SET-0599,PAY-0599,556.18,12.0,2.16,UTR00000599,2025-02-24,2025-02-25T05:00:51Z,PROCESSED,
SET-0600,PAY-0600,291.94,5.98,1.08,UTR00000600,2025-02-24,2025-02-25T06:52:11Z,PROCESSED,
SET-0601,PAY-0601,366.97,8.87,1.6,UTR00000601,2025-02-24,2025-02-25T06:57:14Z,PROCESSED,
SET-0602,PAY-0602,421.37,8.63,1.55,UTR00000602,2025-02-24,2025-02-25T14:38:38Z,PROCESSED,
SET-0604,PAY-0604,461.67,11.16,2.01,UTR00000604,2025-02-24,2025-02-25T16:03:32Z,PROCESSED,
SET-0605,PAY-0605,1009.2,4.06,0.73,UTR00000605,2025-02-24,2025-02-25T17:19:05Z,PROCESSED,
SET-0606,PAY-0606,566.85,11.61,2.09,UTR00000606,2025-02-24,2025-02-24T18:45:50Z,PROCESSED,
SET-0607,PAY-0607,1791.75,12.0,2.16,UTR00000607,2025-02-25,2025-02-25T01:59:37Z,PROCESSED,
SET-0608,PAY-0608,1043.14,4.19,0.75,UTR00000608,2025-02-24,2025-02-24T20:39:20Z,PROCESSED,
SET-0609,PAY-0609,291.94,5.98,1.08,UTR00000609,2025-02-25,2025-02-26T04:57:38Z,PROCESSED,
SET-0610,PAY-0610,2498.54,10.04,1.81,UTR00000610,2025-02-25,2025-02-25T02:21:37Z,PROCESSED,
SET-0612,PAY-0612,299.14,1.2,0.22,UTR00000612,2025-02-25,2025-02-26T09:27:16Z,PROCESSED,
SET-0613,PAY-0613,2600.82,53.27,9.59,UTR00000613,2025-02-25,2025-02-25T10:09:00Z,PROCESSED,
SET-0615,PAY-0615,1353.19,5.44,0.98,UTR00000615,2025-02-25,2025-02-25T15:29:39Z,PROCESSED,
SET-0616,PAY-0616,3968.11,81.28,14.63,UTR00000616,2025-02-25,2025-02-26T18:53:10Z,PROCESSED,
SET-0617,PAY-0617,4765.14,19.15,3.45,UTR00000617,2025-02-25,2025-02-25T17:59:08Z,PROCESSED,
SET-0618,PAY-0618,20099.85,411.71,74.11,UTR00000618,2025-02-25,2025-02-25T18:01:01Z,PROCESSED,
SET-0619,PAY-0619,4411.35,85.74,15.43,UTR00000619,2025-02-25,2025-02-26T17:09:07Z,PROCESSED,
SET-0620,PAY-0620,2005.87,38.99,7.02,UTR00000620,2025-02-25,2025-02-26T19:50:54Z,PROCESSED,
SET-0621,PAY-0621,639.44,12.0,2.16,UTR00000621,2025-02-26,2025-02-26T04:40:46Z,PROCESSED,
SET-0622,PAY-0622,1382.35,12.0,2.16,UTR00000622,2025-02-26,2025-02-27T00:58:19Z,PROCESSED,
SET-0624,PAY-0624,2619.59,53.66,9.66,UTR00000624,2025-02-26,2025-02-26T07:40:29Z,PROCESSED,
SET-0625,PAY-0625,1548.43,31.72,5.71,UTR00000625,2025-02-26,2025-02-26T06:42:15Z,PROCESSED,
SET-0626,PAY-0626,868.15,3.49,0.63,UTR00000626,2025-02-26,2025-02-27T06:32:03Z,PROCESSED,
SET-0627,PAY-0627,646.13,3.94,0.71,UTR00000627,2025-02-26,2025-02-27T09:04:14Z,PROCESSED,
SET-0628,PAY-0628,2305.58,10.0,1.8,UTR00000628,2025-02-26,2025-02-26T15:24:43Z,PROCESSED,
SET-0629,PAY-0629,1522.96,9.86,1.77,UTR00000629,2025-02-26,2025-02-26T15:50:06Z,PROCESSED,
SET-0630,PAY-0630,819.29,16.78,3.02,UTR00000630,2025-02-26,2025-02-27T16:55:27Z,PROCESSED,
SET-0631,PAY-0631,297.58,1.2,0.22,UTR00000631,2025-02-26,2025-02-27T22:18:24Z,PROCESSED,
SET-0632,PAY-0632,656.62,19.36,3.48,UTR00000632,2025-02-27,2025-02-28T00:43:53Z,PROCESSED,
SET-0633,PAY-0633,2190.82,44.88,8.08,UTR00000633,2025-02-26,2025-02-27T22:19:35Z,PROCESSED,
SET-0634,PAY-0634,1248.3,5.02,0.9,UTR00000634,2025-02-27,2025-02-27T01:20:28Z,PROCESSED,
SET-0636,PAY-0636,1414.08,5.68,1.02,UTR00000636,2025-02-27,2025-02-28T05:49:12Z,PROCESSED,
SET-0636-2,PAY-0636-2,942.72,3.79,0.68,UTR00000636B,2025-02-27,2025-02-27T05:49:12Z,PROCESSED,
SET-0637,PAY-0637,2771.88,11.14,2.01,UTR00000637,2025-02-27,2025-02-28T04:06:56Z,PROCESSED,
SET-0638,PAY-0638,548.48,11.23,2.02,UTR00000638,2025-02-27,2025-02-27T08:28:01Z,PROCESSED,
SET-0639,PAY-0639,768.35,4.97,0.89,UTR00000639,2025-02-27,2025-02-27T12:06:24Z,PROCESSED,
SET-0640,PAY-0640,2758.0,11.08,1.99,UTR00000640,2025-02-27,2025-02-27T10:29:12Z,PROCESSED,
SET-0641,PAY-0641,384.61,9.3,1.67,UTR00000641,2025-02-27,2025-02-28T12:58:22Z,PROCESSED,
SET-0642,PAY-0642,389.23,10.65,1.92,UTR00000642,2025-02-27,2025-02-27T12:57:23Z,PROCESSED,
SET-0643,PAY-0643,789.87,3.17,0.57,UTR00000643,2025-02-27,2025-02-28T20:54:06Z,PROCESSED,
SET-0644,PAY-0644,4053.32,78.78,14.18,UTR00000644,2025-02-27,2025-02-28T20:19:02Z,PROCESSED,
SET-0645,PAY-0645,7976.81,163.39,29.41,UTR00000645,2025-02-27,2025-02-28T18:15:41Z,PROCESSED,
SET-0646,PAY-0646,1047.93,4.21,0.76,UTR00000646,2025-02-28,2025-03-01T00:52:34Z,PROCESSED,
SET-0647,PAY-0647,1617.71,39.1,7.04,UTR00000647,2025-02-28,2025-03-01T05:22:58Z,PROCESSED,
SET-0648,PAY-0648,651.47,13.34,2.4,UTR00000648,2025-02-28,2025-02-28T04:50:26Z,PROCESSED,
SET-0649,PAY-0649,4739.69,97.08,17.47,UTR00000649,2025-02-28,2025-02-28T08:05:22Z,PROCESSED,
SET-0650,PAY-0650,297.58,1.2,0.22,UTR00000650,2025-02-28,2025-03-01T10:17:02Z,PROCESSED,
SET-0651,PAY-0651,297.58,1.2,0.22,UTR00000651,2025-02-28,2025-02-28T12:23:13Z,PROCESSED,
SET-0652,PAY-0652,2751.7,56.36,10.14,UTR00000652,2025-02-28,2025-03-01T14:14:24Z,PROCESSED,
SET-0653,PAY-0653,2755.38,53.55,9.64,UTR00000653,2025-02-28,2025-03-01T15:32:00Z,PROCESSED,
SET-0654,PAY-0654,766.23,14.89,2.68,UTR00000654,2025-02-28,2025-03-01T13:07:14Z,PROCESSED,
SET-0655,PAY-0655,3930.75,109.97,19.79,UTR00000655,2025-02-28,2025-03-01T16:32:24Z,PROCESSED,
SET-0657,PAY-0657,996.17,12.0,2.16,UTR00000657,2025-02-28,2025-02-28T17:39:27Z,PROCESSED,
SET-0658,PAY-0658,1364.3,52.21,9.4,UTR00000658,2025-03-01,2025-03-02T00:57:53Z,PROCESSED,
SET-0659,PAY-0659,315.71,1.27,0.23,UTR00000659,2025-02-28,2025-02-28T23:49:19Z,PROCESSED,
SET-0660,PAY-0660,500.66,9.73,1.75,UTR00000660,2025-03-01,2025-03-02T04:23:11Z,PROCESSED,
SET-0661,PAY-0661,676.2,2.72,0.49,UTR00000661,2025-03-01,2025-03-02T03:28:11Z,PROCESSED,
SET-0662,PAY-0662,719.18,12.0,2.16,UTR00000662,2025-03-01,2025-03-01T08:32:54Z,PROCESSED,
SET-0663,PAY-0663,6261.54,133.53,24.04,UTR00000663,2025-03-01,2025-03-01T12:07:37Z,PROCESSED,
SET-0664,PAY-0664,2386.37,48.88,8.8,UTR00000664,2025-03-01,2025-03-02T07:26:25Z,PROCESSED,
SET-0665,PAY-0665,335.31,6.87,1.24,UTR00000665,2025-03-01,2025-03-01T14:45:19Z,PROCESSED,
SET-0666,PAY-0666,1197.26,4.81,0.87,UTR00000666,2025-03-01,2025-03-01T12:50:07Z,PROCESSED,
SET-0667,PAY-0667,1338.56,8.2,1.48,UTR00000667,2025-03-01,2025-03-01T16:36:57Z,PROCESSED,
SET-0669,PAY-0669,3853.1,108.42,19.52,UTR00000669,2025-03-01,2025-03-02T21:51:56Z,PROCESSED,
SET-0670,PAY-0670,299.03,6.13,1.1,UTR00000670,2025-03-01,2025-03-02T21:24:39Z,PROCESSED,
SET-0671,PAY-0671,601.89,14.55,2.62,UTR00000671,2025-03-01,2025-03-02T22:33:37Z,PROCESSED,
SET-0672,PAY-0672,3402.63,13.68,2.46,UTR00000672,2025-03-02,2025-03-03T01:09:07Z,PROCESSED,
SET-0673,PAY-0673,6771.94,163.68,29.46,UTR00000673,2025-03-02,2025-03-02T05:44:00Z,PROCESSED,
SET-0674,PAY-0674,1952.28,10.34,1.86,UTR00000674,2025-03-02,2025-03-02T03:58:35Z,PROCESSED,
SET-0675,PAY-0675,674.32,13.81,2.49,UTR00000675,2025-03-02,2025-03-03T08:13:45Z,PROCESSED,
SET-0676,PAY-0676,2727.88,55.88,10.06,UTR00000676,2025-03-02,2025-03-02T06:14:21Z,PROCESSED,
SET-0677,PAY-0677,444.4,9.1,1.64,UTR00000677,2025-03-02,2025-03-03T08:43:30Z,PROCESSED,
SET-0678,PAY-0678,2975.34,11.96,2.15,UTR00000678,2025-03-02,2025-03-03T12:42:13Z,PROCESSED,
SET-0678-2,PAY-0678-2,1983.56,7.97,1.43,UTR00000678B,2025-03-02,2025-03-02T12:42:13Z,PROCESSED,
SET-0679,PAY-0679,1381.13,5.55,1.0,UTR00000679,2025-03-02,2025-03-02T16:49:37Z,PROCESSED,
SET-0680,PAY-0680,1282.06,47.45,8.54,UTR00000680,2025-03-02,2025-03-03T16:07:24Z,PROCESSED,
SET-0681,PAY-0681,2644.44,12.0,2.16,UTR00000681,2025-03-02,2025-03-03T20:44:08Z,PROCESSED,
SET-0682,PAY-0682,6096.51,118.49,21.33,UTR00000682,2025-03-02,2025-03-02T23:16:40Z,PROCESSED,
SET-0683,PAY-0683,297.58,1.2,0.22,UTR00000683,2025-03-02,2025-03-03T19:57:00Z,PROCESSED,
SET-0684,PAY-0684,776.84,15.1,2.72,UTR00000684,2025-03-03,2025-03-04T01:52:00Z,PROCESSED,
SET-0685,PAY-0685,625.97,12.82,2.31,UTR00000685,2025-03-03,2025-03-04T03:20:31Z,PROCESSED,
SET-0686,PAY-0686,1143.83,37.7,6.79,UTR00000686,2025-03-03,2025-03-03T02:47:57Z,PROCESSED,
SET-0688,PAY-0688,2584.72,12.0,2.16,UTR00000688,2025-03-03,2025-03-03T08:50:35Z,PROCESSED,
SET-0689,PAY-0689,923.47,18.92,3.41,UTR00000689,2025-03-03,2025-03-04T13:20:32Z,PROCESSED,
SET-0690,PAY-0690,621.78,12.74,2.29,UTR00000690,2025-03-03,2025-03-04T07:39:18Z,PROCESSED,
SET-0691,PAY-0691,1736.98,12.0,2.16,UTR00000691,2025-03-03,2025-03-04T12:18:55Z,PROCESSED,
SET-0692,PAY-0692,2340.14,47.93,8.63,UTR00000692,2025-03-03,2025-03-03T14:03:31Z,PROCESSED,
SET-0693,PAY-0693,824.09,3.31,0.6,UTR00000693,2025-03-03,2025-03-03T15:15:30Z,PROCESSED,
SET-0694,PAY-0694,2782.08,71.97,12.95,UTR00000694,2025-03-03,2025-03-04T19:09:21Z,PROCESSED,
SET-0695,PAY-0695,621.2,2.5,0.45,UTR00000695,2025-03-04,2025-03-05T00:17:35Z,PROCESSED,
SET-0696,PAY-0696,2351.89,48.17,8.67,UTR00000696,2025-03-04,2025-03-05T00:19:04Z,PROCESSED,
SET-0697,PAY-0697,1833.33,37.55,6.76,UTR00000697,2025-03-04,2025-03-04T02:27:31Z,PROCESSED,
SET-0700,PAY-0700,217.35,7.03,1.27,UTR00000700,2025-03-04,2025-03-04T06:51:46Z,PROCESSED,
SET-0701,PAY-0701,917.16,22.17,3.99,UTR00000701,2025-03-04,2025-03-04T08:32:58Z,PROCESSED,
SET-0703,PAY-0703,1636.71,50.83,9.15,UTR00000703,2025-03-04,2025-03-04T14:28:25Z,PROCESSED,
SET-0704,PAY-0704,295.43,9.62,1.73,UTR00000704,2025-03-04,2025-03-05T12:10:02Z,PROCESSED,
SET-0706,PAY-0706,434.45,8.9,1.6,UTR00000706,2025-03-04,2025-03-05T18:19:29Z,PROCESSED,
SET-0707,PAY-0707,4875.58,118.96,21.41,UTR00000707,2025-03-04,2025-03-05T23:08:26Z,PROCESSED,
SET-0708,PAY-0708,9095.79,186.31,33.54,UTR00000708,2025-03-05,2025-03-05T01:03:33Z,PROCESSED,
SET-0709,PAY-0709,297.58,1.2,0.22,UTR00000709,2025-03-05,2025-03-06T02:24:37Z,PROCESSED,
SET-0710,PAY-0710,1025.9,19.94,3.59,UTR00000710,2025-03-04,2025-03-05T23:09:14Z,PROCESSED,
SET-0711,PAY-0711,1422.29,7.97,1.43,UTR00000711,2025-03-05,2025-03-06T05:30:16Z,PROCESSED,
SET-0712,PAY-0712,4106.29,117.56,21.16,UTR00000712,2025-03-05,2025-03-06T02:10:37Z,PROCESSED,
SET-0713,PAY-0713,1232.09,25.24,4.54,UTR00000713,2025-03-05,2025-03-06T05:53:10Z,PROCESSED,
SET-0714,PAY-0714,6588.76,134.96,24.29,UTR00000714,2025-03-05,2025-03-06T09:53:34Z,PROCESSED,
SET-0715,PAY-0715,2183.28,44.72,8.05,UTR00000715,2025-03-05,2025-03-06T13:08:29Z,PROCESSED,
SET-0716,PAY-0716,1478.71,5.94,1.07,UTR00000716,2025-03-05,2025-03-05T14:45:29Z,PROCESSED,
SET-0717,PAY-0717,276.17,7.75,1.4,UTR00000717,2025-03-05,2025-03-06T16:31:52Z,PROCESSED,
SET-0718,PAY-0718,729.88,2.97,0.53,UTR00000718,2025-03-05,2025-03-05T15:50:37Z,PROCESSED,
SET-0720,PAY-0720,915.84,18.76,3.38,UTR00000720,2025-03-06,2025-03-06T00:02:16Z,PROCESSED,
SET-0721,PAY-0721,845.93,16.44,2.96,UTR00000721,2025-03-06,2025-03-07T01:19:24Z,PROCESSED,
SET-0722,PAY-0722,1332.86,5.36,0.96,UTR00000722,2025-03-05,2025-03-06T22:31:19Z,PROCESSED,
SET-0723,PAY-0723,2556.61,49.69,8.94,UTR00000723,2025-03-06,2025-03-07T04:24:22Z,PROCESSED,
SET-0724,PAY-0724,12102.6,48.64,8.76,UTR00000724,2025-03-06,2025-03-06T03:00:19Z,PROCESSED,
SET-0725,PAY-0725,3334.1,68.29,12.29,UTR00000725,2025-03-06,2025-03-07T04:07:22Z,PROCESSED,
SET-0726,PAY-0726,2504.83,10.07,1.81,UTR00000726,2025-03-06,2025-03-06T11:19:02Z,PROCESSED,
SET-0727,PAY-0727,2012.5,8.09,1.46,UTR00000727,2025-03-06,2025-03-07T07:41:10Z,PROCESSED,
SET-0728,PAY-0728,3090.97,63.31,11.4,UTR00000728,2025-03-06,2025-03-07T09:06:46Z,PROCESSED,
SET-0729,PAY-0729,1703.78,6.88,1.24,UTR00000729,2025-03-06,2025-03-06T09:53:30Z,PROCESSED,
SET-0730,PAY-0730,2179.21,8.76,1.58,UTR00000730,2025-03-06,2025-03-06T11:59:17Z,PROCESSED,
SET-0732,PAY-0732,642.13,15.52,2.79,UTR00000732,2025-03-06,2025-03-07T19:41:17Z,PROCESSED,
SET-0733,PAY-0733,1126.05,23.07,4.15,UTR00000733,2025-03-06,2025-03-06T22:49:30Z,PROCESSED,
SET-0734,PAY-0734,462.39,9.47,1.7,UTR00000734,2025-03-07,2025-03-08T02:53:36Z,PROCESSED,
SET-0735,PAY-0735,315.59,6.46,1.16,UTR00000735,2025-03-07,2025-03-08T04:03:06Z,PROCESSED,
SET-0736,PAY-0736,2032.62,41.64,7.5,UTR00000736,2025-03-06,2025-03-06T23:37:03Z,PROCESSED,
SET-0737,PAY-0737,2068.44,8.31,1.5,UTR00000737,2025-03-07,2025-03-08T04:59:53Z,PROCESSED,
SET-0738,PAY-0738,967.97,5.11,0.92,UTR00000738,2025-03-07,2025-03-08T06:31:22Z,PROCESSED,
SET-0739,PAY-0739,344.29,7.05,1.27,UTR00000739,2025-03-07,2025-03-07T10:22:51Z,PROCESSED,
SET-0740,PAY-0740,1545.15,8.48,1.53,UTR00000740,2025-03-07,2025-03-08T11:47:10Z,PROCESSED,
SET-0741,PAY-0741,1172.12,37.4,6.73,UTR00000741,2025-03-07,2025-03-07T10:12:51Z,PROCESSED,
SET-0742,PAY-0742,1964.67,64.28,11.57,UTR00000742,2025-03-07,2025-03-08T16:52:50Z,PROCESSED,
SET-0743,PAY-0743,413.26,8.46,1.52,UTR00000743,2025-03-07,2025-03-07T18:34:42Z,PROCESSED,
SET-0744,PAY-0744,527.48,10.8,1.94,UTR00000744,2025-03-07,2025-03-07T17:37:59Z,PROCESSED,
SET-0745,PAY-0745,1028.99,21.08,3.79,UTR00000745,2025-03-07,2025-03-08T20:32:08Z,PROCESSED,
SET-0746,PAY-0746,570.54,11.69,2.1,UTR00000746,2025-03-07,2025-03-07T21:34:17Z,PROCESSED,
SET-0747,PAY-0747,445.51,16.92,3.05,UTR00000747,2025-03-07,2025-03-07T22:03:08Z,PROCESSED,
SET-0748,PAY-0748,1964.68,7.9,1.42,UTR00000748,2025-03-07,2025-03-07T23:04:22Z,PROCESSED,
SET-0749,PAY-0749,568.07,13.73,2.47,UTR00000749,2025-03-08,2025-03-08T05:35:56Z,PROCESSED,
SET-0749-2,PAY-0749-2,378.72,9.15,1.65,UTR00000749B,2025-03-08,2025-03-09T05:35:56Z,PROCESSED,
SET-0750,PAY-0750,420.32,8.61,1.55,UTR00000750,2025-03-08,2025-03-08T07:47:03Z,PROCESSED,
SET-0751,PAY-0751,322.82,1.3,0.23,UTR00000751,2025-03-08,2025-03-09T03:28:25Z,PROCESSED,
SET-0752,PAY-0752,170.59,12.0,2.16,UTR00000752,2025-03-08,2025-03-08T12:09:23Z,PROCESSED,
SET-0752-2,PAY-0752-2,109.0,12.0,2.16,UTR00000752B,2025-03-08,2025-03-08T12:09:23Z,PROCESSED,
SET-0753,PAY-0753,348.66,1.4,0.25,UTR00000753,2025-03-08,2025-03-08T15:03:03Z,PROCESSED,
SET-0754,PAY-0754,1773.44,7.13,1.28,UTR00000754,2025-03-08,2025-03-09T16:07:33Z,PROCESSED,
SET-0755,PAY-0755,726.32,23.47,4.22,UTR00000755,2025-03-08,2025-03-09T11:59:06Z,PROCESSED,
SET-0756,PAY-0756,1362.57,12.0,2.16,UTR00000756,2025-03-08,2025-03-09T19:59:53Z,PROCESSED,
SET-0757,PAY-0757,210.78,5.98,1.08,UTR00000757,2025-03-08,2025-03-08T18:40:49Z,PROCESSED,
SET-0758,PAY-0758,7011.95,226.71,40.81,UTR00000758,2025-03-08,2025-03-08T18:42:01Z,PROCESSED,
SET-0759,PAY-0759,568.26,4.11,0.74,UTR00000759,2025-03-08,2025-03-08T20:12:26Z,PROCESSED,
SET-0760,PAY-0760,235.09,0.94,0.17,UTR00000760,2025-03-09,2025-03-10T03:49:25Z,PROCESSED,
SET-0760-2,PAY-0760-2,156.73,0.63,0.11,UTR00000760B,2025-03-09,2025-03-09T03:49:25Z,PROCESSED,
SET-0761,PAY-0761,539.96,10.49,1.89,UTR00000761,2025-03-09,2025-03-10T04:44:11Z,PROCESSED,
SET-0762,PAY-0762,739.36,15.14,2.73,UTR00000762,2025-03-09,2025-03-09T05:00:53Z,PROCESSED,
SET-0763,PAY-0763,6952.45,142.41,25.63,UTR00000763,2025-03-09,2025-03-10T06:25:35Z,PROCESSED,
SET-0764,PAY-0764,504.69,12.2,2.2,UTR00000764,2025-03-09,2025-03-09T04:33:10Z,PROCESSED,
SET-0765,PAY-0765,1206.02,24.7,4.45,UTR00000765,2025-03-09,2025-03-10T11:04:03Z,PROCESSED,
SET-0766,PAY-0766,1350.37,27.66,4.98,UTR00000766,2025-03-09,2025-03-10T10:09:35Z,PROCESSED,
SET-0767,PAY-0767,291.94,5.98,1.08,UTR00000767,2025-03-09,2025-03-09T17:30:41Z,PROCESSED,
SET-0768,PAY-0768,2809.43,19.05,3.43,UTR00000768,2025-03-09,2025-03-10T12:47:31Z,PROCESSED,
SET-0769,PAY-0769,292.3,5.68,1.02,UTR00000769,2025-03-09,2025-03-09T17:44:25Z,PROCESSED,
SET-0770,PAY-0770,3233.3,62.84,11.31,UTR00000770,2025-03-09,2025-03-09T16:41:49Z,PROCESSED,
SET-0771,PAY-0771,3607.72,14.5,2.61,UTR00000771,2025-03-10,2025-03-10T00:40:32Z,PROCESSED,
SET-0772,PAY-0772,3114.11,96.73,17.41,UTR00000772,2025-03-09,2025-03-10T23:30:30Z,PROCESSED,
SET-0774,PAY-0774,823.19,3.31,0.6,UTR00000774,2025-03-10,2025-03-10T03:54:34Z,PROCESSED,
SET-0774-2,PAY-0774-2,548.79,2.21,0.4,UTR00000774B,2025-03-10,2025-03-11T03:54:34Z,PROCESSED,
SET-0775,PAY-0775,1005.91,4.04,0.73,UTR00000775,2025-03-10,2025-03-10T06:03:36Z,PROCESSED,
SET-0776,PAY-0776,432.25,1.74,0.31,UTR00000776,2025-03-10,2025-03-10T08:17:26Z,PROCESSED,
SET-0777,PAY-0777,291.94,5.98,1.08,UTR00000777,2025-03-10,2025-03-11T07:39:24Z,PROCESSED,
SET-0778,PAY-0778,3927.37,80.45,14.48,UTR00000778,2025-03-10,2025-03-10T13:32:28Z,PROCESSED,
SET-0779,PAY-0779,600.2,11.67,2.1,UTR00000779,2025-03-10,2025-03-11T12:35:34Z,PROCESSED,
SET-0780,PAY-0780,291.94,5.98,1.08,UTR00000780,2025-03-10,2025-03-10T16:02:19Z,PROCESSED,
SET-0781,PAY-0781,1170.14,6.21,1.12,UTR00000781,2025-03-10,2025-03-11T19:46:43Z,PROCESSED,
SET-0782,PAY-0782,399.11,7.76,1.4,UTR00000782,2025-03-10,2025-03-10T20:48:18Z,PROCESSED,
SET-0783,PAY-0783,710.64,2.86,0.51,UTR00000783,2025-03-10,2025-03-11T20:45:02Z,PROCESSED,
SET-0783-2,PAY-0783-2,473.76,1.9,0.34,UTR00000783B,2025-03-10,2025-03-11T20:45:02Z,PROCESSED,
SET-0784,PAY-0784,2142.1,43.88,7.9,UTR00000784,2025-03-10,2025-03-11T21:56:17Z,PROCESSED,
SET-0785,PAY-0785,297.58,1.2,0.22,UTR00000785,2025-03-11,2025-03-11T03:30:43Z,PROCESSED,
SET-0786,PAY-0786,166.06,1.2,0.22,UTR00000786,2025-03-11,2025-03-11T02:50:11Z,PROCESSED,
SET-0787,PAY-0787,1617.97,31.45,5.66,UTR00000787,2025-03-11,2025-03-12T03:48:22Z,PROCESSED,
SET-0788,PAY-0788,1891.86,38.75,6.97,UTR00000788,2025-03-11,2025-03-12T03:05:39Z,PROCESSED,
SET-0789,PAY-0789,3969.23,146.55,26.38,UTR00000789,2025-03-11,2025-03-11T10:18:44Z,PROCESSED,
SET-0790,PAY-0790,1425.62,5.73,1.03,UTR00000790,2025-03-11,2025-03-12T13:16:58Z,PROCESSED,
SET-0791,PAY-0791,1657.05,12.0,2.16,UTR00000791,2025-03-11,2025-03-11T11:39:35Z,PROCESSED,
SET-0792,PAY-0792,5932.64,121.52,21.87,UTR00000792,2025-03-11,2025-03-12T13:20:01Z,PROCESSED,
SET-0793,PAY-0793,212.6,5.98,1.08,UTR00000793,2025-03-11,2025-03-11T13:29:39Z,PROCESSED,
SET-0794,PAY-0794,3518.61,14.14,2.55,UTR00000794,2025-03-11,2025-03-12T19:52:32Z,PROCESSED,
SET-0795,PAY-0795,1060.49,21.72,3.91,UTR00000795,2025-03-11,2025-03-12T17:10:52Z,PROCESSED,
SET-0796,PAY-0796,1795.21,59.19,10.65,UTR00000796,2025-03-12,2025-03-13T00:28:23Z,PROCESSED,
SET-0797,PAY-0797,396.41,1.59,0.29,UTR00000797,2025-03-12,2025-03-12T00:31:50Z,PROCESSED,
SET-0798,PAY-0798,410.05,12.0,2.16,UTR00000798,2025-03-11,2025-03-11T23:08:54Z,PROCESSED,
SET-0799,PAY-0799,6878.87,140.9,25.36,UTR00000799,2025-03-12,2025-03-13T05:29:35Z,PROCESSED,
SET-0800,PAY-0800,895.29,18.34,3.3,UTR00000800,2025-03-12,2025-03-12T07:29:55Z,PROCESSED,
SET-0801,PAY-0801,2540.14,10.21,1.84,UTR00000801,2025-03-12,2025-03-12T07:03:46Z,PROCESSED,
SET-0802,PAY-0802,5564.8,35.08,6.31,UTR00000802,2025-03-12,2025-03-12T08:37:37Z,PROCESSED,
SET-0803,PAY-0803,11700.71,239.67,43.14,UTR00000803,2025-03-12,2025-03-13T11:49:07Z,PROCESSED,
SET-0804,PAY-0804,635.49,13.02,2.34,UTR00000804,2025-03-12,2025-03-12T10:11:22Z,PROCESSED,
SET-0805,PAY-0805,996.07,4.0,0.72,UTR00000805,2025-03-12,2025-03-12T12:24:33Z,PROCESSED,
SET-0806,PAY-0806,2503.39,51.28,9.23,UTR00000806,2025-03-12,2025-03-12T15:48:41Z,PROCESSED,
SET-0808,PAY-0808,297.58,1.2,0.22,UTR00000808,2025-03-12,2025-03-13T22:05:53Z,PROCESSED,
SET-0809,PAY-0809,786.82,16.12,2.9,UTR00000809,2025-03-12,2025-03-12T20:06:07Z,PROCESSED,
SET-0810,PAY-0810,5085.9,12.0,2.16,UTR00000810,2025-03-12,2025-03-12T21:32:00Z,PROCESSED,
SET-0811,PAY-0811,284.84,12.0,2.16,UTR00000811,2025-03-12,2025-03-12T23:46:13Z,PROCESSED,
SET-0813,PAY-0813,380.83,7.8,1.4,UTR00000813,2025-03-13,2025-03-13T04:00:11Z,PROCESSED,
SET-0814,PAY-0814,4723.78,12.0,2.16,UTR00000814,2025-03-13,2025-03-13T07:54:26Z,PROCESSED,
SET-0815,PAY-0815,933.74,4.02,0.72,UTR00000815,2025-03-13,2025-03-13T05:37:20Z,PROCESSED,
SET-0816,PAY-0816,469.77,14.53,2.62,UTR00000816,2025-03-13,2025-03-14T08:02:46Z,PROCESSED,
SET-0817,PAY-0817,284.84,12.0,2.16,UTR00000817,2025-03-13,2025-03-13T10:03:26Z,PROCESSED,
SET-0818,PAY-0818,5687.12,116.49,20.97,UTR00000818,2025-03-13,2025-03-14T12:41:14Z,PROCESSED,
SET-0819,PAY-0819,4522.53,92.64,16.68,UTR00000819,2025-03-13,2025-03-14T15:58:00Z,PROCESSED,
SET-0820,PAY-0820,1105.14,22.64,4.08,UTR00000820,2025-03-13,2025-03-13T20:41:41Z,PROCESSED,
SET-0820-2,PAY-0820-2,736.77,15.09,2.72,UTR00000820B,2025-03-13,2025-03-14T20:41:41Z,PROCESSED,
SET-0821,PAY-0821,291.94,5.98,1.08,UTR00000821,2025-03-13,2025-03-14T17:40:01Z,PROCESSED,
SET-0822,PAY-0822,848.78,17.39,3.13,UTR00000822,2025-03-14,2025-03-14T00:36:14Z,PROCESSED,
SET-0823,PAY-0823,417.76,8.56,1.54,UTR00000823,2025-03-13,2025-03-14T22:01:09Z,PROCESSED,
SET-0824,PAY-0824,1954.08,7.85,1.41,UTR00000824,2025-03-13,2025-03-14T22:33:15Z,PROCESSED,
SET-0825,PAY-0825,23576.57,1057.5,190.35,UTR00000825,2025-03-14,2025-03-14T03:38:38Z,PROCESSED,
SET-0827,PAY-0827,2933.36,60.09,10.82,UTR00000827,2025-03-14,2025-03-14T06:40:31Z,PROCESSED,
SET-0828,PAY-0828,1660.5,6.67,1.2,UTR00000828,2025-03-14,2025-03-15T10:30:01Z,PROCESSED,
SET-0829,PAY-0829,569.39,2.29,0.41,UTR00000829,2025-03-14,2025-03-15T11:42:01Z,PROCESSED,
SET-0830,PAY-0830,1640.87,33.61,6.05,UTR00000830,2025-03-14,2025-03-15T13:08:30Z,PROCESSED,
SET-0831,PAY-0831,1210.56,24.8,4.46,UTR00000831,2025-03-14,2025-03-14T11:49:18Z,PROCESSED,
SET-0832,PAY-0832,1261.7,25.84,4.65,UTR00000832,2025-03-14,2025-03-14T15:02:08Z,PROCESSED,
SET-0833,PAY-0833,853.84,17.49,3.15,UTR00000833,2025-03-14,2025-03-15T22:37:55Z,PROCESSED,
SET-0834,PAY-0834,3031.27,16.67,3.0,UTR00000834,2025-03-14,2025-03-15T20:46:23Z,PROCESSED,
SET-0835,PAY-0835,5938.05,161.21,29.02,UTR00000835,2025-03-14,2025-03-15T22:23:30Z,PROCESSED,
SET-0836,PAY-0836,1228.81,25.17,4.53,UTR00000836,2025-03-15,2025-03-16T03:45:05Z,PROCESSED,
SET-0837,PAY-0837,784.03,3.41,0.61,UTR00000837,2025-03-15,2025-03-15T03:57:32Z,PROCESSED,
SET-0838,PAY-0838,2861.26,11.5,2.07,UTR00000838,2025-03-15,2025-03-15T06:52:15Z,PROCESSED,
SET-0839,PAY-0839,4478.31,18.0,3.24,UTR00000839,2025-03-15,2025-03-16T02:36:58Z,PROCESSED,
SET-0840,PAY-0840,786.73,3.43,0.62,UTR00000840,2025-03-15,2025-03-16T12:08:03Z,PROCESSED,
SET-0841,PAY-0841,447.45,1.8,0.32,UTR00000841,2025-03-15,2025-03-15T13:12:10Z,PROCESSED,
SET-0842,PAY-0842,1356.3,5.45,0.98,UTR00000842,2025-03-15,2025-03-15T13:22:19Z,PROCESSED,
SET-0843,PAY-0843,778.6,18.82,3.39,UTR00000843,2025-03-15,2025-03-16T13:29:32Z,PROCESSED,
SET-0845,PAY-0845,1420.33,5.71,1.03,UTR00000845,2025-03-15,2025-03-16T13:52:45Z,PROCESSED,
SET-0846,PAY-0846,2171.75,44.48,8.01,UTR00000846,2025-03-15,2025-03-16T18:55:31Z,PROCESSED,
SET-0847,PAY-0847,2505.61,10.07,1.81,UTR00000847,2025-03-15,2025-03-16T20:20:21Z,PROCESSED,
SET-0848,PAY-0848,1503.51,6.04,1.09,UTR00000848,2025-03-16,2025-03-16T02:22:39Z,PROCESSED,
SET-0849,PAY-0849,12237.77,66.89,12.04,UTR00000849,2025-03-16,2025-03-17T00:58:01Z,PROCESSED,
SET-0850,PAY-0850,404.33,8.28,1.49,UTR00000850,2025-03-16,2025-03-17T07:05:00Z,PROCESSED,
SET-0851,PAY-0851,507.53,2.04,0.37,UTR00000851,2025-03-16,2025-03-16T08:49:12Z,PROCESSED,
SET-0852,PAY-0852,1578.06,30.67,5.52,UTR00000852,2025-03-16,2025-03-16T06:55:30Z,PROCESSED,
SET-0853,PAY-0853,241.99,4.96,0.89,UTR00000853,2025-03-16,2025-03-16T09:54:28Z,PROCESSED,
SET-0853-2,PAY-0853-2,161.33,3.3,0.59,UTR00000853B,2025-03-16,2025-03-17T09:54:28Z,PROCESSED,
SET-0854,PAY-0854,828.0,3.33,0.6,UTR00000854,2025-03-16,2025-03-16T13:42:38Z,PROCESSED,
SET-0855,PAY-0855,1875.36,38.41,6.91,UTR00000855,2025-03-16,2025-03-16T15:29:29Z,PROCESSED,
SET-0856,PAY-0856,700.08,12.0,2.16,UTR00000856,2025-03-16,2025-03-17T15:40:24Z,PROCESSED,
SET-0857,PAY-0857,982.48,4.22,0.76,UTR00000857,2025-03-16,2025-03-17T19:52:52Z,PROCESSED,
SET-0858,PAY-0858,1613.37,33.05,5.95,UTR00000858,2025-03-16,2025-03-17T19:59:21Z,PROCESSED,
SET-0859,PAY-0859,794.92,3.19,0.57,UTR00000859,2025-03-16,2025-03-17T18:24:13Z,PROCESSED,
SET-0860,PAY-0860,4643.58,18.66,3.36,UTR00000860,2025-03-16,2025-03-16T22:44:17Z,PROCESSED,
SET-0861,PAY-0861,844.89,6.67,1.2,UTR00000861,2025-03-16,2025-03-16T22:11:21Z,PROCESSED,
SET-0862,PAY-0862,1499.91,36.25,6.52,UTR00000862,2025-03-17,2025-03-18T00:34:27Z,PROCESSED,
SET-0863,PAY-0863,297.58,1.2,0.22,UTR00000863,2025-03-17,2025-03-17T03:57:17Z,PROCESSED,
SET-0864,PAY-0864,2248.2,9.04,1.63,UTR00000864,2025-03-17,2025-03-18T06:18:22Z,PROCESSED,
SET-0865,PAY-0865,1144.79,23.45,4.22,UTR00000865,2025-03-17,2025-03-18T04:02:52Z,PROCESSED,
SET-0866,PAY-0866,2265.98,9.11,1.64,UTR00000866,2025-03-17,2025-03-17T09:13:16Z,PROCESSED,
SET-0867,PAY-0867,5567.86,114.05,20.53,UTR00000867,2025-03-17,2025-03-17T10:38:20Z,PROCESSED,
SET-0868,PAY-0868,1522.13,6.12,1.1,UTR00000868,2025-03-17,2025-03-17T15:33:55Z,PROCESSED,
SET-0869,PAY-0869,1066.21,12.0,2.16,UTR00000869,2025-03-17,2025-03-17T17:33:25Z,PROCESSED,
SET-0870,PAY-0870,335.86,6.88,1.24,UTR00000870,2025-03-17,2025-03-17T20:32:16Z,PROCESSED,
SET-0871,PAY-0871,8605.51,176.27,31.73,UTR00000871,2025-03-17,2025-03-17T18:51:04Z,PROCESSED,
SET-0872,PAY-0872,170.43,5.98,1.08,UTR00000872,2025-03-17,2025-03-18T23:39:37Z,PROCESSED,
SET-0873,PAY-0873,2372.66,14.63,2.63,UTR00000873,2025-03-17,2025-03-18T20:28:09Z,PROCESSED,
SET-0874,PAY-0874,291.94,5.98,1.08,UTR00000874,2025-03-18,2025-03-18T04:30:54Z,PROCESSED,
SET-0875,PAY-0875,1842.58,7.41,1.33,UTR00000875,2025-03-18,2025-03-19T03:01:00Z,PROCESSED,
SET-0876,PAY-0876,478.44,2.72,0.49,UTR00000876,2025-03-18,2025-03-19T01:49:20Z,PROCESSED,
SET-0877,PAY-0877,597.67,16.82,3.03,UTR00000877,2025-03-18,2025-03-19T08:13:20Z,PROCESSED,
SET-0878,PAY-0878,787.28,16.13,2.9,UTR00000878,2025-03-18,2025-03-19T09:19:05Z,PROCESSED,
SET-0879,PAY-0879,291.94,5.98,1.08,UTR00000879,2025-03-18,2025-03-18T06:35:58Z,PROCESSED,
SET-0880,PAY-0880,372.18,7.62,1.37,UTR00000880,2025-03-18,2025-03-19T11:50:19Z,PROCESSED,
SET-0881,PAY-0881,3055.14,12.28,2.21,UTR00000881,2025-03-18,2025-03-19T15:32:15Z,PROCESSED,
SET-0882,PAY-0882,297.58,1.2,0.22,UTR00000882,2025-03-18,2025-03-19T17:11:05Z,PROCESSED,
SET-0883,PAY-0883,1108.45,22.71,4.09,UTR00000883,2025-03-18,2025-03-19T19:58:50Z,PROCESSED,
SET-0883-2,PAY-0883-2,738.96,15.14,2.73,UTR00000883B,2025-03-18,2025-03-19T19:58:50Z,PROCESSED,
SET-0884,PAY-0884,5820.53,122.18,21.99,UTR00000884,2025-03-18,2025-03-19T16:05:25Z,PROCESSED,
SET-0885,PAY-0885,291.94,5.98,1.08,UTR00000885,2025-03-18,2025-03-19T18:30:20Z,PROCESSED,
SET-0886,PAY-0886,40333.31,783.91,141.1,UTR00000886,2025-03-19,2025-03-19T01:29:23Z,PROCESSED,
SET-0887,PAY-0887,422.62,8.66,1.56,UTR00000887,2025-03-19,2025-03-19T01:26:19Z,PROCESSED,
SET-0888,PAY-0888,5173.96,125.06,22.51,UTR00000888,2025-03-19,2025-03-20T00:40:13Z,PROCESSED,
SET-0889,PAY-0889,1109.49,44.29,7.97,UTR00000889,2025-03-19,2025-03-20T09:13:24Z,PROCESSED,
SET-0890,PAY-0890,291.94,5.98,1.08,UTR00000890,2025-03-19,2025-03-20T07:26:00Z,PROCESSED,
SET-0891,PAY-0891,7937.8,31.9,5.74,UTR00000891,2025-03-19,2025-03-19T06:46:58Z,PROCESSED,
SET-0892,PAY-0892,1995.08,40.87,7.36,UTR00000892,2025-03-19,2025-03-19T07:29:04Z,PROCESSED,
SET-0893,PAY-0893,1247.45,26.12,4.7,UTR00000893,2025-03-19,2025-03-20T11:17:33Z,PROCESSED,
SET-0894,PAY-0894,297.58,1.2,0.22,UTR00000894,2025-03-19,2025-03-19T14:16:24Z,PROCESSED,
SET-0895,PAY-0895,1419.17,27.58,4.96,UTR00000895,2025-03-19,2025-03-19T15:42:00Z,PROCESSED,
SET-0896,PAY-0896,579.72,2.33,0.42,UTR00000896,2025-03-19,2025-03-19T16:32:42Z,PROCESSED,
SET-0897,PAY-0897,3308.38,13.3,2.39,UTR00000897,2025-03-19,2025-03-19T20:39:18Z,PROCESSED,
SET-0898,PAY-0898,546.91,16.81,3.03,UTR00000898,2025-03-19,2025-03-20T21:23:21Z,PROCESSED,
SET-0899,PAY-0899,297.58,1.2,0.22,UTR00000899,2025-03-19,2025-03-19T23:23:03Z,PROCESSED,
SET-0900,PAY-0900,4278.45,17.19,3.09,UTR00000900,2025-03-20,2025-03-21T05:08:19Z,PROCESSED,
SET-0901,PAY-0901,1616.3,39.07,7.03,UTR00000901,2025-03-20,2025-03-20T03:33:32Z,PROCESSED,
SET-0902,PAY-0902,825.96,3.34,0.6,UTR00000902,2025-03-20,2025-03-20T04:32:18Z,PROCESSED,
SET-0903,PAY-0903,291.94,5.98,1.08,UTR00000903,2025-03-20,2025-03-20T10:44:55Z,PROCESSED,
SET-0904,PAY-0904,1799.92,36.87,6.64,UTR00000904,2025-03-20,2025-03-20T13:22:26Z,PROCESSED,
SET-0905,PAY-0905,1873.62,38.38,6.91,UTR00000905,2025-03-20,2025-03-21T11:32:11Z,PROCESSED,
SET-0906,PAY-0906,1367.49,7.75,1.4,UTR00000906,2025-03-20,2025-03-20T11:53:37Z,PROCESSED,
SET-0907,PAY-0907,1423.3,29.15,5.25,UTR00000907,2025-03-20,2025-03-21T19:05:41Z,PROCESSED,
SET-0908,PAY-0908,291.94,5.98,1.08,UTR00000908,2025-03-20,2025-03-20T14:08:19Z,PROCESSED,
SET-0909,PAY-0909,284.84,12.0,2.16,UTR00000909,2025-03-20,2025-03-21T19:34:19Z,PROCESSED,
SET-0910,PAY-0910,530.58,10.87,1.96,UTR00000910,2025-03-20,2025-03-20T17:21:56Z,PROCESSED,
SET-0911,PAY-0911,10081.79,206.51,37.17,UTR00000911,2025-03-21,2025-03-22T01:54:17Z,PROCESSED,
SET-0912,PAY-0912,355.74,7.29,1.31,UTR00000912,2025-03-21,2025-03-22T01:53:40Z,PROCESSED,
SET-0914,PAY-0914,569.75,11.67,2.1,UTR00000914,2025-03-21,2025-03-21T03:57:57Z,PROCESSED,
SET-0915,PAY-0915,12257.41,251.07,45.19,UTR00000915,2025-03-21,2025-03-21T04:43:10Z,PROCESSED,
SET-0916,PAY-0916,1152.76,23.61,4.25,UTR00000916,2025-03-21,2025-03-21T10:29:38Z,PROCESSED,
SET-0917,PAY-0917,2021.39,8.12,1.46,UTR00000917,2025-03-21,2025-03-22T07:05:56Z,PROCESSED,
SET-0919,PAY-0919,1101.62,22.56,4.06,UTR00000919,2025-03-21,2025-03-22T16:12:08Z,PROCESSED,
SET-0920,PAY-0920,473.02,9.69,1.74,UTR00000920,2025-03-21,2025-03-21T12:32:04Z,PROCESSED,
SET-0921,PAY-0921,178.55,0.72,0.13,UTR00000921,2025-03-21,2025-03-22T20:55:51Z,PROCESSED,
SET-0921-2,PAY-0921-2,119.03,0.48,0.09,UTR00000921B,2025-03-21,2025-03-21T20:55:51Z,PROCESSED,
SET-0922,PAY-0922,900.01,18.44,3.32,UTR00000922,2025-03-21,2025-03-22T16:14:46Z,PROCESSED,
SET-0923,PAY-0923,711.55,2.86,0.51,UTR00000923,2025-03-21,2025-03-22T20:06:44Z,PROCESSED,
SET-0923-2,PAY-0923-2,474.36,1.91,0.34,UTR00000923B,2025-03-21,2025-03-22T20:06:44Z,PROCESSED,
SET-0924,PAY-0924,2786.92,73.23,13.18,UTR00000924,2025-03-21,2025-03-22T21:34:27Z,PROCESSED,
SET-0925,PAY-0925,1760.8,11.17,2.01,UTR00000925,2025-03-22,2025-03-22T05:17:46Z,PROCESSED,
SET-0926,PAY-0926,882.18,18.07,3.25,UTR00000926,2025-03-21,2025-03-21T23:44:27Z,PROCESSED,
SET-0927,PAY-0927,847.15,3.4,0.61,UTR00000927,2025-03-22,2025-03-22T07:06:31Z,PROCESSED,
SET-0929,PAY-0929,222.77,1.2,0.22,UTR00000929,2025-03-22,2025-03-23T07:25:13Z,PROCESSED,
SET-0930,PAY-0930,981.57,20.11,3.62,UTR00000930,2025-03-22,2025-03-23T08:17:45Z,PROCESSED,
SET-0931,PAY-0931,4536.71,92.93,16.73,UTR00000931,2025-03-22,2025-03-23T13:21:19Z,PROCESSED,
SET-0932,PAY-0932,1149.61,4.98,0.9,UTR00000932,2025-03-22,2025-03-23T17:02:10Z,PROCESSED,
SET-0933,PAY-0933,2541.34,10.21,1.84,UTR00000933,2025-03-22,2025-03-22T13:52:55Z,PROCESSED,
SET-0934,PAY-0934,481.8,9.36,1.68,UTR00000934,2025-03-22,2025-03-23T19:52:19Z,PROCESSED,
SET-0936,PAY-0936,2508.55,51.38,9.25,UTR00000936,2025-03-22,2025-03-23T22:46:02Z,PROCESSED,
SET-0937,PAY-0937,978.03,3.93,0.71,UTR00000937,2025-03-23,2025-03-23T02:47:56Z,PROCESSED,
SET-0938,PAY-0938,882.91,3.55,0.64,UTR00000938,2025-03-23,2025-03-23T00:39:45Z,PROCESSED,
SET-0939,PAY-0939,189.5,1.2,0.22,UTR00000939,2025-03-23,2025-03-24T07:12:30Z,PROCESSED,
SET-0940,PAY-0940,1484.51,5.97,1.07,UTR00000940,2025-03-23,2025-03-24T05:29:01Z,PROCESSED,
SET-0941,PAY-0941,3403.13,12.0,2.16,UTR00000941,2025-03-23,2025-03-24T05:33:04Z,PROCESSED,
SET-0942,PAY-0942,1589.43,6.39,1.15,UTR00000942,2025-03-23,2025-03-23T11:26:11Z,PROCESSED,
SET-0943,PAY-0943,4855.32,99.45,17.9,UTR00000943,2025-03-23,2025-03-24T13:20:49Z,PROCESSED,
SET-0944,PAY-0944,1919.05,12.0,2.16,UTR00000944,2025-03-23,2025-03-24T16:31:31Z,PROCESSED,
SET-0945,PAY-0945,1444.25,28.07,5.05,UTR00000945,2025-03-23,2025-03-24T18:09:15Z,PROCESSED,
SET-0946,PAY-0946,1006.38,20.61,3.71,UTR00000946,2025-03-23,2025-03-23T14:33:21Z,PROCESSED,
SET-0947,PAY-0947,642.96,3.31,0.6,UTR00000947,2025-03-23,2025-03-24T22:29:27Z,PROCESSED,
SET-0948,PAY-0948,10419.49,12.0,2.16,UTR00000948,2025-03-24,2025-03-24T00:45:59Z,PROCESSED,
SET-0949,PAY-0949,4550.88,93.22,16.78,UTR00000949,2025-03-23,2025-03-24T20:41:51Z,PROCESSED,
SET-0950,PAY-0950,904.38,18.52,3.33,UTR00000950,2025-03-23,2025-03-24T23:56:10Z,PROCESSED,
SET-0951,PAY-0951,2177.41,8.75,1.57,UTR00000951,2025-03-23,2025-03-24T23:59:12Z,PROCESSED,
SET-0953,PAY-0953,406.41,8.32,1.5,UTR00000953,2025-03-24,2025-03-24T03:01:56Z,PROCESSED,
SET-0954,PAY-0954,1186.97,24.31,4.38,UTR00000954,2025-03-24,2025-03-25T07:32:10Z,PROCESSED,
SET-0955,PAY-0955,4800.68,19.29,3.47,UTR00000955,2025-03-24,2025-03-25T11:50:07Z,PROCESSED,
SET-0956,PAY-0956,733.3,2.95,0.53,UTR00000956,2025-03-24,2025-03-25T14:39:27Z,PROCESSED,
SET-0957,PAY-0957,1145.96,12.0,2.16,UTR00000957,2025-03-24,2025-03-25T13:48:23Z,PROCESSED,
SET-0958,PAY-0958,506.52,2.72,0.49,UTR00000958,2025-03-24,2025-03-25T15:53:54Z,PROCESSED,
SET-0959,PAY-0959,919.24,3.69,0.66,UTR00000959,2025-03-24,2025-03-24T20:41:39Z,PROCESSED,
SET-0960,PAY-0960,490.6,10.05,1.81,UTR00000960,2025-03-24,2025-03-24T17:53:20Z,PROCESSED,
SET-0961,PAY-0961,1385.49,28.38,5.11,UTR00000961,2025-03-24,2025-03-24T18:40:25Z,PROCESSED,
SET-0962,PAY-0962,7824.7,189.12,34.04,UTR00000962,2025-03-25,2025-03-26T01:16:08Z,PROCESSED,
SET-0963,PAY-0963,202.29,6.56,1.18,UTR00000963,2025-03-25,2025-03-26T04:03:50Z,PROCESSED,
SET-0964,PAY-0964,642.48,24.72,4.45,UTR00000964,2025-03-25,2025-03-26T07:14:08Z,PROCESSED,
SET-0965,PAY-0965,1170.21,23.97,4.31,UTR00000965,2025-03-25,2025-03-26T07:16:57Z,PROCESSED,
SET-0966,PAY-0966,6940.74,142.17,25.59,UTR00000966,2025-03-25,2025-03-25T05:40:54Z,PROCESSED,
SET-0967,PAY-0967,1024.71,4.12,0.74,UTR00000967,2025-03-25,2025-03-25T06:17:48Z,PROCESSED,
SET-0968,PAY-0968,7992.31,32.12,5.78,UTR00000968,2025-03-25,2025-03-26T13:36:47Z,PROCESSED,
SET-0969,PAY-0969,297.58,1.2,0.22,UTR00000969,2025-03-25,2025-03-26T16:11:46Z,PROCESSED,
SET-0970,PAY-0970,499.94,2.01,0.36,UTR00000970,2025-03-25,2025-03-26T13:48:29Z,PROCESSED,
SET-0972,PAY-0972,1216.77,24.92,4.49,UTR00000972,2025-03-25,2025-03-26T21:05:12Z,PROCESSED,
SET-0973,PAY-0973,736.36,17.8,3.2,UTR00000973,2025-03-25,2025-03-26T22:13:18Z,PROCESSED,
SET-0974,PAY-0974,3401.24,66.11,11.9,UTR00000974,2025-03-26,2025-03-26T01:59:11Z,PROCESSED,
SET-0975,PAY-0975,779.75,15.97,2.87,UTR00000975,2025-03-25,2025-03-25T21:39:15Z,PROCESSED,
SET-0976,PAY-0976,2320.12,45.09,8.12,UTR00000976,2025-03-26,2025-03-26T05:41:51Z,PROCESSED,
SET-0977,PAY-0977,2171.85,42.21,7.6,UTR00000977,2025-03-26,2025-03-26T05:29:58Z,PROCESSED,
SET-0978,PAY-0978,1150.28,23.56,4.24,UTR00000978,2025-03-26,2025-03-27T09:22:11Z,PROCESSED,
SET-0979,PAY-0979,299.32,12.0,2.16,UTR00000979,2025-03-26,2025-03-26T04:31:03Z,PROCESSED,
SET-0980,PAY-0980,5013.61,136.58,24.58,UTR00000980,2025-03-26,2025-03-27T09:12:08Z,PROCESSED,
SET-0981,PAY-0981,508.33,12.0,2.16,UTR00000981,2025-03-26,2025-03-26T12:47:19Z,PROCESSED,
SET-0983,PAY-0983,437.33,12.0,2.16,UTR00000983,2025-03-26,2025-03-27T17:45:24Z,PROCESSED,
SET-0984,PAY-0984,14474.64,58.17,10.47,UTR00000984,2025-03-26,2025-03-26T17:00:23Z,PROCESSED,
SET-0985,PAY-0985,1406.45,27.34,4.92,UTR00000985,2025-03-26,2025-03-26T16:09:32Z,PROCESSED,
SET-0986,PAY-0986,1496.79,36.18,6.51,UTR00000986,2025-03-26,2025-03-27T22:02:04Z,PROCESSED,
SET-0988,PAY-0988,327.25,8.64,1.56,UTR00000988,2025-03-27,2025-03-28T00:19:51Z,PROCESSED,
SET-0989,PAY-0989,540.05,11.06,1.99,UTR00000989,2025-03-26,2025-03-27T23:14:17Z,PROCESSED,
SET-0990,PAY-0990,1337.2,28.85,5.19,UTR00000990,2025-03-27,2025-03-28T08:45:13Z,PROCESSED,
SET-0991,PAY-0991,1329.8,27.24,4.9,UTR00000991,2025-03-27,2025-03-28T06:44:32Z,PROCESSED,
SET-0992,PAY-0992,1757.67,12.0,2.16,UTR00000992,2025-03-27,2025-03-27T12:18:06Z,PROCESSED,
SET-0994,PAY-0994,291.94,5.98,1.08,UTR00000994,2025-03-27,2025-03-27T09:34:23Z,PROCESSED,
SET-0995,PAY-0995,1509.64,30.92,5.57,UTR00000995,2025-03-27,2025-03-28T14:27:22Z,PROCESSED,
SET-0996,PAY-0996,1130.1,6.42,1.16,UTR00000996,2025-03-27,2025-03-27T15:42:18Z,PROCESSED,
SET-0997,PAY-0997,292.3,5.68,1.02,UTR00000997,2025-03-27,2025-03-27T20:05:28Z,PROCESSED,
SET-0998,PAY-0998,6282.96,12.0,2.16,UTR00000998,2025-03-27,2025-03-28T23:44:50Z,PROCESSED,
SET-0999,PAY-0999,248.99,9.56,1.72,UTR00000999,2025-03-27,2025-03-28T22:17:11Z,PROCESSED,
SET-1000,PAY-1000,465.75,14.6,2.63,UTR00001000,2025-03-28,2025-03-29T02:26:17Z,PROCESSED,
SET-9001,PAY-9001,9514.00,200.00,36.00,UTR009001,2025-04-04,2025-04-04T10:05:00Z,PROCESSED,RAZORPAY
