bank_txn_id,utr,amount,value_date,direction,counterparty,description,source
BNK-0001,UTR00000001,1189.73,2025-01-09,IN,RAZORPAY SOFTWARE PVT LTD,,
BNK-0002,UTR00000002,1038.65,2025-01-09,IN,RAZORPAY SOFTWARE PVT LTD,,
BNK-0003,UTR00000003,2665.97,2025-01-09,IN,RAZORPAY SOFTWARE PVT LTD,,
BNK-0004,UTR00000004,610.29,2025-01-10,IN,RAZORPAY SOFTWARE PVT LTD,,
BNK-0005,UTR00000005,291.94,2025-01-10,IN,RAZORPAY SOFTWARE PVT LTD,,
BNK-0006,UTR00000006,1136.1,2025-01-13,IN,RAZORPAY SOFTWARE PVT LTD,,
BNK-0007,UTR00000007,4921.63,2025-01-10,IN,RAZORPAY SOFTWARE PVT LTD,,
BNK-0008,UTR00000008,418.83,2025-01-09,IN,RAZORPAY SOFTWARE PVT LTD,,
BNK-0009,UTR00000009,644.24,2025-01-09,IN,RAZORPAY SOFTWARE PVT LTD,,
BNK-0010,UTR00000010,671.6,2025-01-10,IN,RAZORPAY SOFTWARE PVT LTD,,
BNK-0011,UTR00000011,295.0,2025-01-10,IN,RAZORPAY SOFTWARE PVT LTD,,
BNK-0013,UTR00000013,708.94,2025-01-13,IN,RAZORPAY SOFTWARE PVT LTD,,
BNK-0014,UTR00000014,983.73,2025-01-11,IN,RAZORPAY SOFTWARE PVT LTD,,
BNK-0015,UTR00000015,507.93,2025-01-09,IN,RAZORPAY SOFTWARE PVT LTD,,
BNK-0016,UTR00000016,595.52,2025-01-10,IN,RAZORPAY SOFTWARE PVT LTD,,
BNK-0017,UTR00000017,206.34,2025-01-10,IN,RAZORPAY SOFTWARE PVT LTD,,
BNK-0018,UTR00000018,376.6,2025-01-10,IN,RAZORPAY SOFTWARE PVT LTD,,
BNK-0019,UTR00000019,1877.4,2025-01-11,IN,RAZORPAY SOFTWARE PVT LTD,,
BNK-0020,UTR00000020,890.78,2025-01-11,IN,RAZORPAY SOFTWARE PVT LTD,,
BNK-0021,UTR00000021,377.36,2025-01-10,IN,RAZORPAY SOFTWARE PVT LTD,,
BNK-0022,UTR00000022,630.84,2025-01-10,IN,RAZORPAY SOFTWARE PVT LTD,,
BNK-0023,UTR00000023,2128.56,2025-01-11,IN,RAZORPAY SOFTWARE PVT LTD,,
BNK-0024,UTR00000024,19589.83,2025-01-10,IN,RAZORPAY SOFTWARE PVT LTD,,
BNK-0026,UTR00000026,595.0,2025-01-11,IN,RAZORPAY SOFTWARE PVT LTD,,
BNK-0028,UTR00000028,4463.84,2025-01-11,IN,RAZORPAY SOFTWARE PVT LTD,,
BNK-0029,UTR00000029,2617.93,2025-01-12,IN,RAZORPAY SOFTWARE PVT LTD,,
BNK-0030,UTR00000030,576.77,2025-01-12,IN,RAZORPAY SOFTWARE PVT LTD,,
BNK-0031,UTR00000031,749.35,2025-01-15,IN,RAZORPAY SOFTWARE PVT LTD,,
BNK-0032,UTR00000032,3842.11,2025-01-11,IN,RAZORPAY SOFTWARE PVT LTD,,
BNK-0033,UTR00000033,4449.96,2025-01-11,IN,RAZORPAY SOFTWARE PVT LTD,,
BNK-0034,UTR00000034,1247.75,2025-01-15,IN,RAZORPAY SOFTWARE PVT LTD,,
BNK-0035,UTR00000035,783.01,2025-01-11,IN,RAZORPAY SOFTWARE PVT LTD,,
BNK-0036,UTR00000036,4018.73,2025-01-12,IN,RAZORPAY SOFTWARE PVT LTD,,
BNK-0037,UTR00000037,1389.9,2025-01-15,IN,RAZORPAY SOFTWARE PVT LTD,,
BNK-0038,UTR00000038,2889.78,2025-01-13,IN,RAZORPAY SOFTWARE PVT LTD,,
BNK-0039,UTR00000039,300.81,2025-01-12,IN,RAZORPAY SOFTWARE PVT LTD,,
BNK-0040,UTR00000040,382.31,2025-01-13,IN,RAZORPAY SOFTWARE PVT LTD,,
BNK-0041,UTR00000041,1180.13,2025-01-13,IN,RAZORPAY SOFTWARE PVT LTD,,
BNK-0042,UTR00000042,284.84,2025-01-12,IN,RAZORPAY SOFTWARE PVT LTD,,
BNK-0043,UTR00000043,446.17,2025-01-13,IN,RAZORPAY SOFTWARE PVT LTD,,
BNK-0044,UTR00000044,892.18,2025-01-13,IN,RAZORPAY SOFTWARE PVT LTD,,
BNK-0045,UTR00000045,972.37,2025-01-15,IN,RAZORPAY SOFTWARE PVT LTD,,
BNK-0046,UTR00000046,175.16,2025-01-13,IN,RAZORPAY SOFTWARE PVT LTD,,
BNK-0046-2,UTR00000046B,116.78,2025-01-13,IN,RAZORPAY SOFTWARE PVT LTD,,
BNK-0047,UTR00000047,3647.78,2025-01-13,IN,RAZORPAY SOFTWARE PVT LTD,,
BNK-0048,UTR00000048,617.48,2025-01-13,IN,RAZORPAY SOFTWARE PVT LTD,,
BNK-0048-2,UTR00000048B,2433.63,2025-01-12,IN,RAZORPAY SOFTWARE PVT LTD,,
BNK-0049,UTR00000049,763.99,2025-01-13,IN,RAZORPAY SOFTWARE PVT LTD,,
BNK-0050,UTR00000050,823.89,2025-01-13,IN,RAZORPAY SOFTWARE PVT LTD,,
BNK-0051,UTR00000051,343.18,2025-01-12,IN,RAZORPAY SOFTWARE PVT LTD,,
BNK-0052,UTR00000052,783.76,2025-01-13,IN,RAZORPAY SOFTWARE PVT LTD,,
BNK-0053,UTR00000053,1328.05,2025-01-16,IN,RAZORPAY SOFTWARE PVT LTD,,
BNK-0054,UTR00000054,661.24,2025-01-14,IN,RAZORPAY SOFTWARE PVT LTD,,
BNK-0055,UTR00000055,592.18,2025-01-17,IN,RAZORPAY SOFTWARE PVT LTD,,
BNK-0056,UTR00000056,1136.36,2025-01-14,IN,RAZORPAY SOFTWARE PVT LTD,,
BNK-0058,UTR00000058,4196.74,2025-01-14,IN,RAZORPAY SOFTWARE PVT LTD,,
BNK-0059,UTR00000059,2018.94,2025-01-13,IN,RAZORPAY SOFTWARE PVT LTD,,
BNK-0060,UTR00000060,342.08,2025-01-13,IN,RAZORPAY SOFTWARE PVT LTD,,
BNK-0061,UTR00000061,1584.14,2025-01-13,IN,RAZORPAY SOFTWARE PVT LTD,,
BNK-0062,UTR00000062,15430.3,2025-01-13,IN,RAZORPAY SOFTWARE PVT LTD,,
BNK-0063,UTR00000063,1467.37,2025-01-14,IN,RAZORPAY SOFTWARE PVT LTD,,
BNK-0064,UTR00000064,4860.18,2025-01-18,IN,RAZORPAY SOFTWARE PVT LTD,,
BNK-0065,UTR00000065,1562.94,2025-01-13,IN,RAZORPAY SOFTWARE PVT LTD,,
BNK-0066,UTR00000066,376.83,2025-01-14,IN,RAZORPAY SOFTWARE PVT LTD,,
BNK-0067,UTR00000067,3129.19,2025-01-15,IN,RAZORPAY SOFTWARE PVT LTD,,
BNK-0068,UTR00000068,284.84,2025-01-15,IN,RAZORPAY SOFTWARE PVT LTD,,
BNK-0069,UTR00000069,1540.5,2025-01-14,IN,RAZORPAY SOFTWARE PVT LTD,,
BNK-0070,UTR00000070,11240.02,2025-01-15,IN,RAZORPAY SOFTWARE PVT LTD,,
BNK-0071,UTR00000071,1159.98,2025-01-14,IN,RAZORPAY SOFTWARE PVT LTD,,
BNK-0072,UTR00000072,853.54,2025-01-15,IN,RAZORPAY SOFTWARE PVT LTD,,
BNK-0073,UTR00000073,5204.29,2025-01-14,IN,RAZORPAY SOFTWARE PVT LTD,,
BNK-0074,UTR00000074,1723.82,2025-01-15,IN,RAZORPAY SOFTWARE PVT LTD,,
BNK-0075,UTR00000075,382.3,2025-01-15,IN,RAZORPAY SOFTWARE PVT LTD,,
BNK-0076,UTR00000076,585.3,2025-01-18,IN,RAZORPAY SOFTWARE PVT LTD,,
BNK-0077,UTR00000077,2969.53,2025-01-16,IN,RAZORPAY SOFTWARE PVT LTD,,
BNK-0078,UTR00000078,429.26,2025-01-18,IN,RAZORPAY SOFTWARE PVT LTD,,
BNK-0079,UTR00000079,291.94,2025-01-16,IN,RAZORPAY SOFTWARE PVT LTD,,
BNK-0080,UTR00000080,1906.44,2025-01-18,IN,RAZORPAY SOFTWARE PVT LTD,,
BNK-0081,UTR00000081,645.41,2025-01-15,IN,RAZORPAY SOFTWARE PVT LTD,,
BNK-0082,UTR00000082,1372.4,2025-01-16,IN,RAZORPAY SOFTWARE PVT LTD,,
BNK-0083,UTR00000083,3889.73,2025-01-16,IN,RAZORPAY SOFTWARE PVT LTD,,
BNK-0084,UTR00000084,1168.47,2025-01-15,IN,RAZORPAY SOFTWARE PVT LTD,,
BNK-0085,UTR00000085,321.26,2025-01-16,IN,RAZORPAY SOFTWARE PVT LTD,,
BNK-0086,UTR00000086,217.56,2025-01-15,IN,RAZORPAY SOFTWARE PVT LTD,,
BNK-0087,UTR00000087,2099.48,2025-01-15,IN,RAZORPAY SOFTWARE PVT LTD,,
BNK-0088,UTR00000088,4274.98,2025-01-15,IN,RAZORPAY SOFTWARE PVT LTD,,
BNK-0089,UTR00000089,1909.26,2025-01-16,IN,RAZORPAY SOFTWARE PVT LTD,,
BNK-0090,UTR00000090,1325.03,2025-01-15,IN,RAZORPAY SOFTWARE PVT LTD,,
BNK-0091,UTR00000091,2026.99,2025-01-17,IN,RAZORPAY SOFTWARE PVT LTD,,
BNK-0092,UTR00000092,1351.74,2025-01-16,IN,RAZORPAY SOFTWARE PVT LTD,,
BNK-0093,UTR00000093,4987.81,2025-01-16,IN,RAZORPAY SOFTWARE PVT LTD,,
BNK-0094,UTR00000094,522.44,2025-01-16,IN,RAZORPAY SOFTWARE PVT LTD,,
BNK-0096,UTR00000096,10555.25,2025-01-16,IN,RAZORPAY SOFTWARE PVT LTD,,
BNK-0097,UTR00000097,1497.65,2025-01-16,IN,RAZORPAY SOFTWARE PVT LTD,,
BNK-0098,UTR00000098,1447.07,2025-01-16,IN,RAZORPAY SOFTWARE PVT LTD,,
BNK-0099,UTR00000099,615.35,2025-01-16,IN,RAZORPAY SOFTWARE PVT LTD,,
BNK-0100,UTR00000100,2146.44,2025-01-16,IN,RAZORPAY SOFTWARE PVT LTD,,
BNK-0101,UTR00000101,2013.77,2025-01-17,IN,RAZORPAY SOFTWARE PVT LTD,,
BNK-0102,UTR00000102,2417.56,2025-01-20,IN,RAZORPAY SOFTWARE PVT LTD,,
BNK-0103,UTR00000103,3530.11,2025-01-20,IN,RAZORPAY SOFTWARE PVT LTD,,
BNK-0104,UTR00000104,516.34,2025-01-18,IN,RAZORPAY SOFTWARE PVT LTD,,
BNK-0105,UTR00000105,443.52,2025-01-18,IN,RAZORPAY SOFTWARE PVT LTD,,
BNK-0106,UTR00000106,2507.66,2025-01-18,IN,RAZORPAY SOFTWARE PVT LTD,,
BNK-0107,UTR00000107,899.0,2025-01-17,IN,RAZORPAY SOFTWARE PVT LTD,,
BNK-0108,UTR00000108,317.02,2025-01-17,IN,RAZORPAY SOFTWARE PVT LTD,,
BNK-0109,UTR00000109,1174.37,2025-01-21,IN,RAZORPAY SOFTWARE PVT LTD,,
BNK-0110,UTR00000110,682.44,2025-01-21,IN,RAZORPAY SOFTWARE PVT LTD,,
BNK-0111,UTR00000111,418.5,2025-01-17,IN,RAZORPAY SOFTWARE PVT LTD,,
BNK-0112,UTR00000112,1749.42,2025-01-18,IN,RAZORPAY SOFTWARE PVT LTD,,
BNK-0113,UTR00000113,992.83,2025-01-17,IN,RAZORPAY SOFTWARE PVT LTD,,
BNK-0114,UTR00000114,1470.36,2025-01-17,IN,RAZORPAY SOFTWARE PVT LTD,,
BNK-0115,UTR00000115,848.41,2025-01-19,IN,RAZORPAY SOFTWARE PVT LTD,,
BNK-0116,UTR00000116,343.09,2025-01-19,IN,RAZORPAY SOFTWARE PVT LTD,,
BNK-0117,UTR00000117,1899.21,2025-01-18,IN,RAZORPAY SOFTWARE PVT LTD,,
BNK-0118,UTR00000118,208.66,2025-01-18,IN,RAZORPAY SOFTWARE PVT LTD,,
BNK-0119,UTR00000119,2257.96,2025-01-22,IN,RAZORPAY SOFTWARE PVT LTD,,
BNK-0120,UTR00000120,4187.33,2025-01-22,IN,RAZORPAY SOFTWARE PVT LTD,,
BNK-0121,UTR00000121,943.41,2025-01-19,IN,RAZORPAY SOFTWARE PVT LTD,,
BNK-0122,UTR00000122,1478.71,2025-01-19,IN,RAZORPAY SOFTWARE PVT LTD,,
BNK-0123,UTR00000123,592.16,2025-01-19,IN,RAZORPAY SOFTWARE PVT LTD,,
BNK-0124,UTR00000124,1011.31,2025-01-19,IN,RAZORPAY SOFTWARE PVT LTD,,
BNK-0125,UTR00000125,5771.48,2025-01-18,IN,RAZORPAY SOFTWARE PVT LTD,,
BNK-0127,UTR00000127,670.29,2025-01-18,IN,RAZORPAY SOFTWARE PVT LTD,,
BNK-0128,UTR00000128,490.35,2025-01-19,IN,RAZORPAY SOFTWARE PVT LTD,,
BNK-0129,UTR00000129,1392.38,2025-01-19,IN,RAZORPAY SOFTWARE PVT LTD,,
BNK-0130,UTR00000130,1509.06,2025-01-19,IN,RAZORPAY SOFTWARE PVT LTD,,
BNK-0132,UTR00000132,533.23,2025-01-22,IN,RAZORPAY SOFTWARE PVT LTD,,
BNK-0133,UTR00000133,1933.66,2025-01-20,IN,RAZORPAY SOFTWARE PVT LTD,,
BNK-0134,UTR00000134,369.8,2025-01-20,IN,RAZORPAY SOFTWARE PVT LTD,,
BNK-0136,UTR00000136,317.36,2025-01-23,IN,RAZORPAY SOFTWARE PVT LTD,,
BNK-0137,UTR00000137,201.3,2025-01-23,IN,RAZORPAY SOFTWARE PVT LTD,,
BNK-0139,UTR00000139,458.76,2025-01-19,IN,RAZORPAY SOFTWARE PVT LTD,,
BNK-0141,UTR00000141,2844.73,2025-01-21,IN,RAZORPAY SOFTWARE PVT LTD,,
BNK-0142,UTR00000142,579.63,2025-01-21,IN,RAZORPAY SOFTWARE PVT LTD,,
BNK-0144,UTR00000144,1781.73,2025-01-20,IN,RAZORPAY SOFTWARE PVT LTD,,
BNK-0145,UTR00000145,341.44,2025-01-21,IN,RAZORPAY SOFTWARE PVT LTD,,
BNK-0146,UTR00000146,839.11,2025-01-21,IN,RAZORPAY SOFTWARE PVT LTD,,
BNK-0147,UTR00000147,848.18,2025-01-20,IN,RAZORPAY SOFTWARE PVT LTD,,
BNK-0148,UTR00000148,464.08,2025-01-20,IN,RAZORPAY SOFTWARE PVT LTD,,
BNK-0148-2,UTR00000148B,309.4,2025-01-20,IN,RAZORPAY SOFTWARE PVT LTD,,
BNK-0149,UTR00000149,1643.51,2025-01-21,IN,RAZORPAY SOFTWARE PVT LTD,,
BNK-0150,UTR00000150,599.5,2025-01-21,IN,RAZORPAY SOFTWARE PVT LTD,,
BNK-0151,UTR00000151,409.32,2025-01-20,IN,RAZORPAY SOFTWARE PVT LTD,,
BNK-0152,UTR00000152,1735.17,2025-01-21,IN,RAZORPAY SOFTWARE PVT LTD,,
BNK-0153,UTR00000153,1306.09,2025-01-22,IN,RAZORPAY SOFTWARE PVT LTD,,
BNK-0154,UTR00000154,1256.15,2025-01-21,IN,RAZORPAY SOFTWARE PVT LTD,,
BNK-0155,UTR00000155,290.7,2025-01-22,IN,RAZORPAY SOFTWARE PVT LTD,,
BNK-0156,UTR00000156,754.4,2025-01-21,IN,RAZORPAY SOFTWARE PVT LTD,,
BNK-0158,UTR00000158,6940.54,2025-01-22,IN,RAZORPAY SOFTWARE PVT LTD,,
BNK-0159,UTR00000159,2129.78,2025-01-21,IN,RAZORPAY SOFTWARE PVT LTD,,
BNK-0160,UTR00000160,1020.09,2025-01-24,IN,RAZORPAY SOFTWARE PVT LTD,,
BNK-0161,UTR00000161,574.96,2025-01-21,IN,RAZORPAY SOFTWARE PVT LTD,,
BNK-0161-2,UTR00000161B,374.59,2025-01-21,IN,RAZORPAY SOFTWARE PVT LTD,,
BNK-0162,UTR00000162,664.44,2025-01-21,IN,RAZORPAY SOFTWARE PVT LTD,,
BNK-0163,UTR00000163,297.58,2025-01-25,IN,RAZORPAY SOFTWARE PVT LTD,,
BNK-0164,UTR00000164,281.74,2025-01-21,IN,RAZORPAY SOFTWARE PVT LTD,,
BNK-0165,UTR00000165,3488.78,2025-01-22,IN,RAZORPAY SOFTWARE PVT LTD,,
BNK-0166,UTR00000166,336.83,2025-01-22,IN,RAZORPAY SOFTWARE PVT LTD,,
BNK-0167,UTR00000167,297.58,2025-01-22,IN,RAZORPAY SOFTWARE PVT LTD,,
BNK-0168,UTR00000168,441.31,2025-01-23,IN,RAZORPAY SOFTWARE PVT LTD,,
BNK-0169,UTR00000169,1584.83,2025-01-23,IN,RAZORPAY SOFTWARE PVT LTD,,
BNK-0170,UTR00000170,291.94,2025-01-22,IN,RAZORPAY SOFTWARE PVT LTD,,
BNK-0171,UTR00000171,2370.61,2025-01-22,IN,RAZORPAY SOFTWARE PVT LTD,,
BNK-0172,UTR00000172,405.89,2025-01-22,IN,RAZORPAY SOFTWARE PVT LTD,,
BNK-0173,UTR00000173,1218.43,2025-01-22,IN,RAZORPAY SOFTWARE PVT LTD,,
BNK-0174,UTR00000174,675.03,2025-01-22,IN,RAZORPAY SOFTWARE PVT LTD,,
BNK-0175,UTR00000175,297.58,2025-01-23,IN,RAZORPAY SOFTWARE PVT LTD,,
BNK-0176,UTR00000176,1742.84,2025-01-23,IN,RAZORPAY SOFTWARE PVT LTD,,
BNK-0177,UTR00000177,2474.3,2025-01-23,IN,RAZORPAY SOFTWARE PVT LTD,,
BNK-0178,UTR00000178,3558.29,2025-01-24,IN,RAZORPAY SOFTWARE PVT LTD,,
BNK-0179,UTR00000179,2011.23,2025-01-23,IN,RAZORPAY SOFTWARE PVT LTD,,
BNK-0180,UTR00000180,328.87,2025-01-23,IN,RAZORPAY SOFTWARE PVT LTD,,
BNK-0181,UTR00000181,293.14,2025-01-23,IN,RAZORPAY SOFTWARE PVT LTD,,
BNK-0182,UTR00000182,11894.06,2025-01-24,IN,RAZORPAY SOFTWARE PVT LTD,,
BNK-0183,UTR00000183,810.37,2025-01-24,IN,RAZORPAY SOFTWARE PVT LTD,,
BNK-0184,UTR00000184,1362.28,2025-01-23,IN,RAZORPAY SOFTWARE PVT LTD,,
BNK-0185,UTR00000185,3706.71,2025-01-24,IN,RAZORPAY SOFTWARE PVT LTD,,
BNK-0186,UTR00000186,735.92,2025-01-23,IN,RAZORPAY SOFTWARE PVT LTD,,
BNK-0187,UTR00000187,1215.63,2025-01-24,IN,RAZORPAY SOFTWARE PVT LTD,,
BNK-0189,UTR00000189,2086.16,2025-01-26,IN,RAZORPAY SOFTWARE PVT LTD,,
BNK-0190,UTR00000190,1350.8,2025-01-24,IN,RAZORPAY SOFTWARE PVT LTD,,
BNK-0191,UTR00000191,1313.79,2025-01-24,IN,RAZORPAY SOFTWARE PVT LTD,,
BNK-0192,UTR00000192,1036.44,2025-01-24,IN,RAZORPAY SOFTWARE PVT LTD,,
BNK-0193,UTR00000193,676.65,2025-01-24,IN,RAZORPAY SOFTWARE PVT LTD,,
BNK-0194,UTR00000194,594.45,2025-01-24,IN,RAZORPAY SOFTWARE PVT LTD,,
BNK-0195,UTR00000195,581.48,2025-01-25,IN,RAZORPAY SOFTWARE PVT LTD,,
BNK-0197,UTR00000197,5541.34,2025-01-24,IN,RAZORPAY SOFTWARE PVT LTD,,
BNK-0198,UTR00000198,353.19,2025-01-24,IN,RAZORPAY SOFTWARE PVT LTD,,
BNK-0199,UTR00000199,976.5,2025-01-24,IN,RAZORPAY SOFTWARE PVT LTD,,
BNK-0200,UTR00000200,6091.3,2025-01-25,IN,RAZORPAY SOFTWARE PVT LTD,,
BNK-0201,UTR00000201,232.14,2025-01-24,IN,RAZORPAY SOFTWARE PVT LTD,,
BNK-0202,UTR00000202,1830.67,2025-01-25,IN,RAZORPAY SOFTWARE PVT LTD,,
BNK-0203,UTR00000203,423.02,2025-01-25,IN,RAZORPAY SOFTWARE PVT LTD,,
BNK-0204,UTR00000204,355.98,2025-01-25,IN,RAZORPAY SOFTWARE PVT LTD,,
BNK-0205,UTR00000205,606.5,2025-01-25,IN,RAZORPAY SOFTWARE PVT LTD,,
BNK-0206,UTR00000206,627.6,2025-01-26,IN,RAZORPAY SOFTWARE PVT LTD,,
BNK-0207,UTR00000207,1103.29,2025-01-25,IN,RAZORPAY SOFTWARE PVT LTD,,
BNK-0208,UTR00000208,519.18,2025-01-26,IN,RAZORPAY SOFTWARE PVT LTD,,
BNK-0209,UTR00000209,6419.57,2025-01-25,IN,RAZORPAY SOFTWARE PVT LTD,,
BNK-0210,UTR00000210,10420.94,2025-01-26,IN,RAZORPAY SOFTWARE PVT LTD,,
BNK-0211,UTR00000211,291.94,2025-01-26,IN,RAZORPAY SOFTWARE PVT LTD,,
BNK-0212,UTR00000212,362.39,2025-01-26,IN,RAZORPAY SOFTWARE PVT LTD,,
BNK-0213,UTR00000213,837.11,2025-01-29,IN,RAZORPAY SOFTWARE PVT LTD,,
BNK-0214,UTR00000214,1716.22,2025-01-29,IN,RAZORPAY SOFTWARE PVT LTD,,
BNK-0215,UTR00000215,937.02,2025-01-26,IN,RAZORPAY SOFTWARE PVT LTD,,
BNK-0216,UTR00000216,3342.64,2025-01-25,IN,RAZORPAY SOFTWARE PVT LTD,,
BNK-0217,UTR00000217,3432.11,2025-01-26,IN,RAZORPAY SOFTWARE PVT LTD,,
BNK-0218,UTR00000218,640.47,2025-01-29,IN,RAZORPAY SOFTWARE PVT LTD,,
BNK-0219,UTR00000219,1006.0,2025-01-27,IN,RAZORPAY SOFTWARE PVT LTD,,
BNK-0220,UTR00000220,1435.0,2025-01-27,IN,RAZORPAY SOFTWARE PVT LTD,,
BNK-0221,UTR00000221,633.39,2025-01-27,IN,RAZORPAY SOFTWARE PVT LTD,,
BNK-0222,UTR00000222,3269.41,2025-01-30,IN,RAZORPAY SOFTWARE PVT LTD,,
BNK-0223,UTR00000223,297.58,2025-01-26,IN,RAZORPAY SOFTWARE PVT LTD,,
BNK-0224,UTR00000224,373.09,2025-01-26,IN,RAZORPAY SOFTWARE PVT LTD,,
BNK-0225,UTR00000225,4030.19,2025-01-26,IN,RAZORPAY SOFTWARE PVT LTD,,
BNK-0226,UTR00000226,3325.14,2025-01-26,IN,RAZORPAY SOFTWARE PVT LTD,,
BNK-0227,UTR00000227,1459.15,2025-01-26,IN,RAZORPAY SOFTWARE PVT LTD,,
BNK-0228,UTR00000228,431.97,2025-01-27,IN,RAZORPAY SOFTWARE PVT LTD,,
BNK-0229,UTR00000229,740.44,2025-01-26,IN,RAZORPAY SOFTWARE PVT LTD,,
BNK-0230,UTR00000230,725.16,2025-01-27,IN,RAZORPAY SOFTWARE PVT LTD,,
BNK-0232,UTR00000232,297.58,2025-01-27,IN,RAZORPAY SOFTWARE PVT LTD,,
BNK-0233,UTR00000233,639.74,2025-01-28,IN,RAZORPAY SOFTWARE PVT LTD,,
BNK-0234,UTR00000234,1884.22,2025-01-28,IN,RAZORPAY SOFTWARE PVT LTD,,
BNK-0235,UTR00000235,1106.91,2025-01-28,IN,RAZORPAY SOFTWARE PVT LTD,,
BNK-0237,UTR00000237,3466.16,2025-01-28,IN,RAZORPAY SOFTWARE PVT LTD,,
BNK-0239,UTR00000239,1121.56,2025-01-27,IN,RAZORPAY SOFTWARE PVT LTD,,
BNK-0240,UTR00000240,806.02,2025-01-28,IN,RAZORPAY SOFTWARE PVT LTD,,
BNK-0241,UTR00000241,4380.7,2025-01-27,IN,RAZORPAY SOFTWARE PVT LTD,,
BNK-0242,UTR00000242,1338.79,2025-02-01,IN,RAZORPAY SOFTWARE PVT LTD,,
BNK-0243,UTR00000243,2465.21,2025-01-28,IN,RAZORPAY SOFTWARE PVT LTD,,
BNK-0244,UTR00000244,221.51,2025-01-29,IN,RAZORPAY SOFTWARE PVT LTD,,
BNK-0245,UTR00000245,337.81,2025-02-01,IN,RAZORPAY SOFTWARE PVT LTD,,
BNK-0246,UTR00000246,458.7,2025-01-28,IN,RAZORPAY SOFTWARE PVT LTD,,
BNK-0247,UTR00000247,969.13,2025-01-31,IN,RAZORPAY SOFTWARE PVT LTD,,
BNK-0248,UTR00000248,297.12,2025-01-28,IN,RAZORPAY SOFTWARE PVT LTD,,
BNK-0249,UTR00000249,10113.87,2025-01-28,IN,RAZORPAY SOFTWARE PVT LTD,,
BNK-0250,UTR00000250,527.75,2025-01-28,IN,RAZORPAY SOFTWARE PVT LTD,,
BNK-0251,UTR00000251,297.58,2025-01-28,IN,RAZORPAY SOFTWARE PVT LTD,,
BNK-0252,UTR00000252,2338.72,2025-01-29,IN,RAZORPAY SOFTWARE PVT LTD,,
BNK-0253,UTR00000253,861.29,2025-01-28,IN,RAZORPAY SOFTWARE PVT LTD,,
BNK-0254,UTR00000254,5346.71,2025-01-29,IN,RAZORPAY SOFTWARE PVT LTD,,
BNK-0255,UTR00000255,2374.15,2025-01-30,IN,RAZORPAY SOFTWARE PVT LTD,,
BNK-0256,UTR00000256,2272.31,2025-01-29,IN,RAZORPAY SOFTWARE PVT LTD,,
BNK-0257,UTR00000257,291.94,2025-01-29,IN,RAZORPAY SOFTWARE PVT LTD,,
BNK-0258,UTR00000258,470.63,2025-02-01,IN,RAZORPAY SOFTWARE PVT LTD,,
BNK-0259,UTR00000259,1507.47,2025-01-30,IN,RAZORPAY SOFTWARE PVT LTD,,
BNK-0260,UTR00000260,1146.49,2025-01-30,IN,RAZORPAY SOFTWARE PVT LTD,,
BNK-0261,UTR00000261,1598.16,2025-01-30,IN,RAZORPAY SOFTWARE PVT LTD,,
BNK-0262,UTR00000262,4537.4,2025-01-30,IN,RAZORPAY SOFTWARE PVT LTD,,
BNK-0263,UTR00000263,434.0,2025-01-29,IN,RAZORPAY SOFTWARE PVT LTD,,
BNK-0264,UTR00000264,162.74,2025-01-30,IN,RAZORPAY SOFTWARE PVT LTD,,
BNK-0265,UTR00000265,1204.86,2025-02-01,IN,RAZORPAY SOFTWARE PVT LTD,,
BNK-0266,UTR00000266,501.21,2025-01-31,IN,RAZORPAY SOFTWARE PVT LTD,,
BNK-0267,UTR00000267,291.94,2025-01-29,IN,RAZORPAY SOFTWARE PVT LTD,,
BNK-0268,UTR00000268,2806.79,2025-01-31,IN,RAZORPAY SOFTWARE PVT LTD,,
BNK-0269,UTR00000269,227.44,2025-02-03,IN,RAZORPAY SOFTWARE PVT LTD,,
BNK-0270,UTR00000270,2393.45,2025-01-31,IN,RAZORPAY SOFTWARE PVT LTD,,
BNK-0271,UTR00000271,770.57,2025-01-30,IN,RAZORPAY SOFTWARE PVT LTD,,
BNK-0272,UTR00000272,735.79,2025-01-31,IN,RAZORPAY SOFTWARE PVT LTD,,
BNK-0273,UTR00000273,1876.41,2025-01-31,IN,RAZORPAY SOFTWARE PVT LTD,,
BNK-0274,UTR00000274,1268.83,2025-01-30,IN,RAZORPAY SOFTWARE PVT LTD,,
BNK-0275,UTR00000275,297.27,2025-01-30,IN,RAZORPAY SOFTWARE PVT LTD,,
BNK-0276,UTR00000276,840.75,2025-01-31,IN,RAZORPAY SOFTWARE PVT LTD,,
BNK-0277,UTR00000277,849.85,2025-01-30,IN,RAZORPAY SOFTWARE PVT LTD,,
BNK-0278,UTR00000278,840.34,2025-01-31,IN,RAZORPAY SOFTWARE PVT LTD,,
BNK-0279,UTR00000279,2461.84,2025-01-31,IN,RAZORPAY SOFTWARE PVT LTD,,
BNK-0280,UTR00000280,584.84,2025-01-31,IN,RAZORPAY SOFTWARE PVT LTD,,
BNK-0282,UTR00000282,5120.0,2025-02-01,IN,RAZORPAY SOFTWARE PVT LTD,,
BNK-0283,UTR00000283,1139.4,2025-02-01,IN,RAZORPAY SOFTWARE PVT LTD,,
BNK-0284,UTR00000284,534.86,2025-02-01,IN,RAZORPAY SOFTWARE PVT LTD,,
BNK-0285,UTR00000285,297.58,2025-02-01,IN,RAZORPAY SOFTWARE PVT LTD,,
BNK-0286,UTR00000286,7742.09,2025-01-31,IN,RAZORPAY SOFTWARE PVT LTD,,
BNK-0288,UTR00000288,1568.85,2025-01-31,IN,RAZORPAY SOFTWARE PVT LTD,,
BNK-0289,UTR00000289,2862.45,2025-02-01,IN,RAZORPAY SOFTWARE PVT LTD,,
BNK-0290,UTR00000290,611.38,2025-02-01,IN,RAZORPAY SOFTWARE PVT LTD,,
BNK-0291,UTR00000291,1202.65,2025-01-31,IN,RAZORPAY SOFTWARE PVT LTD,,
BNK-0292,UTR00000292,2022.33,2025-01-31,IN,RAZORPAY SOFTWARE PVT LTD,,
BNK-0293,UTR00000293,469.28,2025-02-01,IN,RAZORPAY SOFTWARE PVT LTD,,
BNK-0295,UTR00000295,769.88,2025-02-01,IN,RAZORPAY SOFTWARE PVT LTD,,
BNK-0296,UTR00000296,309.86,2025-02-02,IN,RAZORPAY SOFTWARE PVT LTD,,
BNK-0297,UTR00000297,454.93,2025-02-02,IN,RAZORPAY SOFTWARE PVT LTD,,
BNK-0298,UTR00000298,746.25,2025-02-01,IN,RAZORPAY SOFTWARE PVT LTD,,
BNK-0299,UTR00000299,470.17,2025-02-02,IN,RAZORPAY SOFTWARE PVT LTD,,
BNK-0300,UTR00000300,1966.17,2025-02-02,IN,RAZORPAY SOFTWARE PVT LTD,,
BNK-0301,UTR00000301,2447.16,2025-02-02,IN,RAZORPAY SOFTWARE PVT LTD,,
BNK-0302,UTR00000302,811.22,2025-02-01,IN,RAZORPAY SOFTWARE PVT LTD,,
BNK-0303,UTR00000303,1368.52,2025-02-02,IN,RAZORPAY SOFTWARE PVT LTD,,
BNK-0304,UTR00000304,527.4,2025-02-02,IN,RAZORPAY SOFTWARE PVT LTD,,
BNK-0305,UTR00000305,411.29,2025-02-06,IN,RAZORPAY SOFTWARE PVT LTD,,
BNK-0306,UTR00000306,291.94,2025-02-02,IN,RAZORPAY SOFTWARE PVT LTD,,
BNK-0307,UTR00000307,2407.61,2025-02-03,IN,RAZORPAY SOFTWARE PVT LTD,,
BNK-0308,UTR00000308,291.94,2025-02-02,IN,RAZORPAY SOFTWARE PVT LTD,,
BNK-0309,UTR00000309,679.18,2025-02-03,IN,RAZORPAY SOFTWARE PVT LTD,,
BNK-0310,UTR00000310,1396.03,2025-02-03,IN,RAZORPAY SOFTWARE PVT LTD,,
BNK-0311,UTR00000311,409.21,2025-02-02,IN,RAZORPAY SOFTWARE PVT LTD,,
BNK-0312,UTR00000312,1053.78,2025-02-05,IN,RAZORPAY SOFTWARE PVT LTD,,
BNK-0313,UTR00000313,175.16,2025-02-02,IN,RAZORPAY SOFTWARE PVT LTD,,
BNK-0313-2,UTR00000313B,116.78,2025-02-02,IN,RAZORPAY SOFTWARE PVT LTD,,
BNK-0314,UTR00000314,2136.09,2025-02-03,IN,RAZORPAY SOFTWARE PVT LTD,,
BNK-0315,UTR00000315,1542.47,2025-02-02,IN,RAZORPAY SOFTWARE PVT LTD,,
BNK-0316,UTR00000316,5082.38,2025-02-03,IN,RAZORPAY SOFTWARE PVT LTD,,
BNK-0317,UTR00000317,762.19,2025-02-04,IN,RAZORPAY SOFTWARE PVT LTD,,
BNK-0318,UTR00000318,2432.87,2025-02-04,IN,RAZORPAY SOFTWARE PVT LTD,,
BNK-0319,UTR00000319,297.58,2025-02-06,IN,RAZORPAY SOFTWARE PVT LTD,,
BNK-0320,UTR00000320,1829.22,2025-02-03,IN,RAZORPAY SOFTWARE PVT LTD,,
BNK-0321,UTR00000321,284.84,2025-02-04,IN,RAZORPAY SOFTWARE PVT LTD,,
BNK-0322,UTR00000322,932.55,2025-02-04,IN,RAZORPAY SOFTWARE PVT LTD,,
BNK-0323,UTR00000323,1047.63,2025-02-03,IN,RAZORPAY SOFTWARE PVT LTD,,
BNK-0324,UTR00000324,420.39,2025-02-03,IN,RAZORPAY SOFTWARE PVT LTD,,
BNK-0325,UTR00000325,808.78,2025-02-04,IN,RAZORPAY SOFTWARE PVT LTD,,
BNK-0326,UTR00000326,145.94,2025-02-04,IN,RAZORPAY SOFTWARE PVT LTD,,
BNK-0327,UTR00000327,614.26,2025-02-06,IN,RAZORPAY SOFTWARE PVT LTD,,
BNK-0328,UTR00000328,476.91,2025-02-06,IN,RAZORPAY SOFTWARE PVT LTD,,
BNK-0329,UTR00000329,534.91,2025-02-03,IN,RAZORPAY SOFTWARE PVT LTD,,
BNK-0330,UTR00000330,554.61,2025-02-07,IN,RAZORPAY SOFTWARE PVT LTD,,
BNK-0331,UTR00000331,3865.67,2025-02-04,IN,RAZORPAY SOFTWARE PVT LTD,,
BNK-0332,UTR00000332,580.19,2025-02-04,IN,RAZORPAY SOFTWARE PVT LTD,,
BNK-0333,UTR00000333,2038.71,2025-02-04,IN,RAZORPAY SOFTWARE PVT LTD,,
BNK-0334,UTR00000334,5462.94,2025-02-05,IN,RAZORPAY SOFTWARE PVT LTD,,
BNK-0335,UTR00000335,6913.46,2025-02-05,IN,RAZORPAY SOFTWARE PVT LTD,,
BNK-0336,UTR00000336,357.15,2025-02-07,IN,RAZORPAY SOFTWARE PVT LTD,,
BNK-0337,UTR00000337,1356.59,2025-02-05,IN,RAZORPAY SOFTWARE PVT LTD,,
BNK-0338,UTR00000338,1328.96,2025-02-07,IN,RAZORPAY SOFTWARE PVT LTD,,
BNK-0339,UTR00000339,5431.31,2025-02-05,IN,RAZORPAY SOFTWARE PVT LTD,,
BNK-0340,UTR00000340,5817.06,2025-02-04,IN,RAZORPAY SOFTWARE PVT LTD,,
BNK-0341,UTR00000341,2162.38,2025-02-08,IN,RAZORPAY SOFTWARE PVT LTD,,
BNK-0342,UTR00000342,640.8,2025-02-05,IN,RAZORPAY SOFTWARE PVT LTD,,
BNK-0343,UTR00000343,1835.92,2025-02-06,IN,RAZORPAY SOFTWARE PVT LTD,,
BNK-0344,UTR00000344,430.13,2025-02-05,IN,RAZORPAY SOFTWARE PVT LTD,,
BNK-0345,UTR00000345,2046.33,2025-02-05,IN,RAZORPAY SOFTWARE PVT LTD,,
BNK-0347,UTR00000347,5378.94,2025-02-06,IN,RAZORPAY SOFTWARE PVT LTD,,
BNK-0348,UTR00000348,1406.77,2025-02-05,IN,RAZORPAY SOFTWARE PVT LTD,,
BNK-0349,UTR00000349,448.07,2025-02-06,IN,RAZORPAY SOFTWARE PVT LTD,,
BNK-0350,UTR00000350,1528.29,2025-02-06,IN,RAZORPAY SOFTWARE PVT LTD,,
BNK-0351,UTR00000351,291.94,2025-02-06,IN,RAZORPAY SOFTWARE PVT LTD,,
BNK-0352,UTR00000352,863.93,2025-02-05,IN,RAZORPAY SOFTWARE PVT LTD,,
BNK-0353,UTR00000353,2416.98,2025-02-06,IN,RAZORPAY SOFTWARE PVT LTD,,
BNK-0354,UTR00000354,6822.1,2025-02-05,IN,RAZORPAY SOFTWARE PVT LTD,,
BNK-0355,UTR00000355,11721.69,2025-02-05,IN,RAZORPAY SOFTWARE PVT LTD,,
BNK-0356,UTR00000356,3419.47,2025-02-06,IN,RAZORPAY SOFTWARE PVT LTD,,
BNK-0358,UTR00000358,1590.38,2025-02-07,IN,RAZORPAY SOFTWARE PVT LTD,,
BNK-0359,UTR00000359,817.63,2025-02-06,IN,RAZORPAY SOFTWARE PVT LTD,,
BNK-0360,UTR00000360,2452.55,2025-02-07,IN,RAZORPAY SOFTWARE PVT LTD,,
BNK-0361,UTR00000361,1043.33,2025-02-10,IN,RAZORPAY SOFTWARE PVT LTD,,
BNK-0362,UTR00000362,7373.37,2025-02-07,IN,RAZORPAY SOFTWARE PVT LTD,,
BNK-0363,UTR00000363,817.0,2025-02-07,IN,RAZORPAY SOFTWARE PVT LTD,,
BNK-0364,UTR00000364,764.13,2025-02-06,IN,RAZORPAY SOFTWARE PVT LTD,,
BNK-0366,UTR00000366,3154.16,2025-02-09,IN,RAZORPAY SOFTWARE PVT LTD,,
BNK-0367,UTR00000367,958.87,2025-02-06,IN,RAZORPAY SOFTWARE PVT LTD,,
BNK-0368,UTR00000368,1415.24,2025-02-08,IN,RAZORPAY SOFTWARE PVT LTD,,
BNK-0369,UTR00000369,292.17,2025-02-11,IN,RAZORPAY SOFTWARE PVT LTD,,
BNK-0370,UTR00000370,2631.15,2025-02-08,IN,RAZORPAY SOFTWARE PVT LTD,,
BNK-0371,UTR00000371,2564.67,2025-02-08,IN,RAZORPAY SOFTWARE PVT LTD,,
BNK-0372,UTR00000372,741.58,2025-02-08,IN,RAZORPAY SOFTWARE PVT LTD,,
BNK-0373,UTR00000373,291.94,2025-02-07,IN,RAZORPAY SOFTWARE PVT LTD,,
BNK-0374,UTR00000374,292.3,2025-02-08,IN,RAZORPAY SOFTWARE PVT LTD,,
BNK-0375,UTR00000375,1305.69,2025-02-07,IN,RAZORPAY SOFTWARE PVT LTD,,
BNK-0376,UTR00000376,1284.22,2025-02-11,IN,RAZORPAY SOFTWARE PVT LTD,,
BNK-0377,UTR00000377,1109.03,2025-02-07,IN,RAZORPAY SOFTWARE PVT LTD,,
BNK-0378,UTR00000378,291.94,2025-02-08,IN,RAZORPAY SOFTWARE PVT LTD,,
BNK-0379,UTR00000379,1101.84,2025-02-09,IN,RAZORPAY SOFTWARE PVT LTD,,
BNK-0380,UTR00000380,4633.55,2025-02-07,IN,RAZORPAY SOFTWARE PVT LTD,,
BNK-0381,UTR00000381,9520.97,2025-02-08,IN,RAZORPAY SOFTWARE PVT LTD,,
BNK-0382,UTR00000382,173.15,2025-02-08,IN,RAZORPAY SOFTWARE PVT LTD,,
BNK-0383,UTR00000383,1791.18,2025-02-09,IN,RAZORPAY SOFTWARE PVT LTD,,
BNK-0384,UTR00000384,5942.8,2025-02-08,IN,RAZORPAY SOFTWARE PVT LTD,,
BNK-0385,UTR00000385,1418.19,2025-02-09,IN,RAZORPAY SOFTWARE PVT LTD,,
BNK-0386,UTR00000386,1687.3,2025-02-08,IN,RAZORPAY SOFTWARE PVT LTD,,
BNK-0388,UTR00000388,1212.96,2025-02-08,IN,RAZORPAY SOFTWARE PVT LTD,,
BNK-0389,UTR00000389,449.47,2025-02-08,IN,RAZORPAY SOFTWARE PVT LTD,,
BNK-0390,UTR00000390,3247.96,2025-02-09,IN,RAZORPAY SOFTWARE PVT LTD,,
BNK-0391,UTR00000391,621.04,2025-02-09,IN,RAZORPAY SOFTWARE PVT LTD,,
BNK-0392,UTR00000392,176.19,2025-02-08,IN,RAZORPAY SOFTWARE PVT LTD,,
BNK-0393,UTR00000393,284.84,2025-02-09,IN,RAZORPAY SOFTWARE PVT LTD,,
BNK-0394,UTR00000394,1182.73,2025-02-11,IN,RAZORPAY SOFTWARE PVT LTD,,
BNK-0395,UTR00000395,1930.48,2025-02-09,IN,RAZORPAY SOFTWARE PVT LTD,,
BNK-0396,UTR00000396,2015.59,2025-02-10,IN,RAZORPAY SOFTWARE PVT LTD,,
BNK-0398,UTR00000398,458.65,2025-02-09,IN,RAZORPAY SOFTWARE PVT LTD,,
BNK-0399,UTR00000399,332.82,2025-02-10,IN,RAZORPAY SOFTWARE PVT LTD,,
BNK-0400,UTR00000400,4858.54,2025-02-10,IN,RAZORPAY SOFTWARE PVT LTD,,
BNK-0401,UTR00000401,3176.33,2025-02-09,IN,RAZORPAY SOFTWARE PVT LTD,,
BNK-0402,UTR00000402,284.84,2025-02-09,IN,RAZORPAY SOFTWARE PVT LTD,,
BNK-0403,UTR00000403,559.69,2025-02-10,IN,RAZORPAY SOFTWARE PVT LTD,,
BNK-0404,UTR00000404,592.57,2025-02-13,IN,RAZORPAY SOFTWARE PVT LTD,,
BNK-0405,UTR00000405,520.07,2025-02-09,IN,RAZORPAY SOFTWARE PVT LTD,,
BNK-0406,UTR00000406,499.49,2025-02-11,IN,RAZORPAY SOFTWARE PVT LTD,,
BNK-0407,UTR00000407,325.35,2025-02-11,IN,RAZORPAY SOFTWARE PVT LTD,,
BNK-0408,UTR00000408,767.75,2025-02-13,IN,RAZORPAY SOFTWARE PVT LTD,,
BNK-0409,UTR00000409,1653.38,2025-02-11,IN,RAZORPAY SOFTWARE PVT LTD,,
BNK-0410,UTR00000410,4507.09,2025-02-11,IN,RAZORPAY SOFTWARE PVT LTD,,
BNK-0412,UTR00000412,575.31,2025-02-11,IN,RAZORPAY SOFTWARE PVT LTD,,
BNK-0414,UTR00000414,291.94,2025-02-11,IN,RAZORPAY SOFTWARE PVT LTD,,
BNK-0415,UTR00000415,1567.28,2025-02-11,IN,RAZORPAY SOFTWARE PVT LTD,,
BNK-0415-2,UTR00000415B,1044.85,2025-02-10,IN,RAZORPAY SOFTWARE PVT LTD,,
BNK-0416,UTR00000416,693.85,2025-02-10,IN,RAZORPAY SOFTWARE PVT LTD,,
BNK-0417,UTR00000417,516.88,2025-02-14,IN,RAZORPAY SOFTWARE PVT LTD,,
BNK-0418,UTR00000418,560.9,2025-02-11,IN,RAZORPAY SOFTWARE PVT LTD,,
BNK-0419,UTR00000419,328.54,2025-02-11,IN,RAZORPAY SOFTWARE PVT LTD,,
BNK-0420,UTR00000420,1219.65,2025-02-12,IN,RAZORPAY SOFTWARE PVT LTD,,
BNK-0421,UTR00000421,2372.13,2025-02-11,IN,RAZORPAY SOFTWARE PVT LTD,,
BNK-0422,UTR00000422,1081.63,2025-02-15,IN,RAZORPAY SOFTWARE PVT LTD,,
BNK-0423,UTR00000423,297.58,2025-02-12,IN,RAZORPAY SOFTWARE PVT LTD,,
BNK-0424,UTR00000424,284.84,2025-02-11,IN,RAZORPAY SOFTWARE PVT LTD,,
BNK-0425,UTR00000425,6705.83,2025-02-11,IN,RAZORPAY SOFTWARE PVT LTD,,
BNK-0426,UTR00000426,2509.19,2025-02-11,IN,RAZORPAY SOFTWARE PVT LTD,,
BNK-0427,UTR00000427,2538.08,2025-02-11,IN,RAZORPAY SOFTWARE PVT LTD,,
BNK-0428,UTR00000428,1904.6,2025-02-12,IN,RAZORPAY SOFTWARE PVT LTD,,
BNK-0429,UTR00000429,4239.23,2025-02-12,IN,RAZORPAY SOFTWARE PVT LTD,,
BNK-0430,UTR00000430,579.78,2025-02-13,IN,RAZORPAY SOFTWARE PVT LTD,,
BNK-0431,UTR00000431,578.67,2025-02-12,IN,RAZORPAY SOFTWARE PVT LTD,,
BNK-0432,UTR00000432,284.84,2025-02-16,IN,RAZORPAY SOFTWARE PVT LTD,,
BNK-0433,UTR00000433,878.2,2025-02-13,IN,RAZORPAY SOFTWARE PVT LTD,,
BNK-0434,UTR00000434,2248.85,2025-02-12,IN,RAZORPAY SOFTWARE PVT LTD,,
BNK-0435,UTR00000435,2125.42,2025-02-12,IN,RAZORPAY SOFTWARE PVT LTD,,
BNK-0436,UTR00000436,1584.91,2025-02-13,IN,RAZORPAY SOFTWARE PVT LTD,,
BNK-0437,UTR00000437,2632.72,2025-02-12,IN,RAZORPAY SOFTWARE PVT LTD,,
BNK-0438,UTR00000438,289.24,2025-02-12,IN,RAZORPAY SOFTWARE PVT LTD,,
BNK-0439,UTR00000439,1955.31,2025-02-13,IN,RAZORPAY SOFTWARE PVT LTD,,
BNK-0440,UTR00000440,3393.64,2025-02-12,IN,RAZORPAY SOFTWARE PVT LTD,,
BNK-0441,UTR00000441,1835.21,2025-02-12,IN,RAZORPAY SOFTWARE PVT LTD,,
BNK-0442,UTR00000442,886.63,2025-02-16,IN,RAZORPAY SOFTWARE PVT LTD,,
BNK-0443,UTR00000443,535.49,2025-02-12,IN,RAZORPAY SOFTWARE PVT LTD,,
BNK-0444,UTR00000444,1953.6,2025-02-16,IN,RAZORPAY SOFTWARE PVT LTD,,
BNK-0445,UTR00000445,624.49,2025-02-13,IN,RAZORPAY SOFTWARE PVT LTD,,
BNK-0446,UTR00000446,751.47,2025-02-14,IN,RAZORPAY SOFTWARE PVT LTD,,
BNK-0447,UTR00000447,744.48,2025-02-13,IN,RAZORPAY SOFTWARE PVT LTD,,
BNK-0448,UTR00000448,717.33,2025-02-13,IN,RAZORPAY SOFTWARE PVT LTD,,
BNK-0449,UTR00000449,400.23,2025-02-13,IN,RAZORPAY SOFTWARE PVT LTD,,
BNK-0450,UTR00000450,861.23,2025-02-13,IN,RAZORPAY SOFTWARE PVT LTD,,
BNK-0451,UTR00000451,2780.51,2025-02-14,IN,RAZORPAY SOFTWARE PVT LTD,,
BNK-0452,UTR00000452,2826.91,2025-02-13,IN,RAZORPAY SOFTWARE PVT LTD,,
BNK-0453,UTR00000453,702.55,2025-02-13,IN,RAZORPAY SOFTWARE PVT LTD,,
BNK-0454,UTR00000454,1230.92,2025-02-13,IN,RAZORPAY SOFTWARE PVT LTD,,
BNK-0455,UTR00000455,2769.65,2025-02-13,IN,RAZORPAY SOFTWARE PVT LTD,,
BNK-0456,UTR00000456,798.54,2025-02-13,IN,RAZORPAY SOFTWARE PVT LTD,,
BNK-0457,UTR00000457,555.12,2025-02-14,IN,RAZORPAY SOFTWARE PVT LTD,,
BNK-0458,UTR00000458,1091.25,2025-02-15,IN,RAZORPAY SOFTWARE PVT LTD,,
BNK-0459,UTR00000459,290.7,2025-02-18,IN,RAZORPAY SOFTWARE PVT LTD,,
BNK-0460,UTR00000460,323.33,2025-02-14,IN,RAZORPAY SOFTWARE PVT LTD,,
BNK-0462,UTR00000462,300.6,2025-02-14,IN,RAZORPAY SOFTWARE PVT LTD,,
BNK-0464,UTR00000464,1174.21,2025-02-14,IN,RAZORPAY SOFTWARE PVT LTD,,
BNK-0465,UTR00000465,7281.24,2025-02-15,IN,RAZORPAY SOFTWARE PVT LTD,,
BNK-0466,UTR00000466,313.7,2025-02-15,IN,RAZORPAY SOFTWARE PVT LTD,,
BNK-0467,UTR00000467,679.5,2025-02-15,IN,RAZORPAY SOFTWARE PVT LTD,,
BNK-0468,UTR00000468,1523.85,2025-02-15,IN,RAZORPAY SOFTWARE PVT LTD,,
BNK-0469,UTR00000469,638.65,2025-02-16,IN,RAZORPAY SOFTWARE PVT LTD,,
BNK-0470,UTR00000470,297.58,2025-02-16,IN,RAZORPAY SOFTWARE PVT LTD,,
BNK-0471,UTR00000471,1311.59,2025-02-16,IN,RAZORPAY SOFTWARE PVT LTD,,
BNK-0472,UTR00000472,6671.04,2025-02-16,IN,RAZORPAY SOFTWARE PVT LTD,,
BNK-0473,UTR00000473,486.02,2025-02-16,IN,RAZORPAY SOFTWARE PVT LTD,,
BNK-0474,UTR00000474,1618.4,2025-02-15,IN,RAZORPAY SOFTWARE PVT LTD,,
BNK-0475,UTR00000475,297.58,2025-02-15,IN,RAZORPAY SOFTWARE PVT LTD,,
BNK-0476,UTR00000476,1615.98,2025-02-15,IN,RAZORPAY SOFTWARE PVT LTD,,
BNK-0477,UTR00000477,1366.29,2025-02-18,IN,RAZORPAY SOFTWARE PVT LTD,,
BNK-0478,UTR00000478,2040.07,2025-02-18,IN,RAZORPAY SOFTWARE PVT LTD,,
BNK-0479,UTR00000479,324.75,2025-02-16,IN,RAZORPAY SOFTWARE PVT LTD,,
BNK-0479-2,UTR00000479B,216.51,2025-02-16,IN,RAZORPAY SOFTWARE PVT LTD,,
BNK-0480,UTR00000480,1996.21,2025-02-19,IN,RAZORPAY SOFTWARE PVT LTD,,
BNK-0481,UTR00000481,2415.3,2025-02-16,IN,RAZORPAY SOFTWARE PVT LTD,,
BNK-0482,UTR00000482,3462.73,2025-02-20,IN,RAZORPAY SOFTWARE PVT LTD,,
BNK-0483,UTR00000483,2208.76,2025-02-15,IN,RAZORPAY SOFTWARE PVT LTD,,
BNK-0484,UTR00000484,1404.53,2025-02-16,IN,RAZORPAY SOFTWARE PVT LTD,,
BNK-0485,UTR00000485,714.49,2025-02-17,IN,RAZORPAY SOFTWARE PVT LTD,,
BNK-0486,UTR00000486,335.7,2025-02-20,IN,RAZORPAY SOFTWARE PVT LTD,,
BNK-0487,UTR00000487,4279.1,2025-02-16,IN,RAZORPAY SOFTWARE PVT LTD,,
BNK-0488,UTR00000488,509.73,2025-02-17,IN,RAZORPAY SOFTWARE PVT LTD,,
BNK-0489,UTR00000489,408.6,2025-02-16,IN,RAZORPAY SOFTWARE PVT LTD,,
BNK-0491,UTR00000491,542.64,2025-02-17,IN,RAZORPAY SOFTWARE PVT LTD,,
BNK-0492,UTR00000492,1949.94,2025-02-16,IN,RAZORPAY SOFTWARE PVT LTD,,
BNK-0493,UTR00000493,555.53,2025-02-17,IN,RAZORPAY SOFTWARE PVT LTD,,
BNK-0494,UTR00000494,715.19,2025-02-17,IN,RAZORPAY SOFTWARE PVT LTD,,
BNK-0495,UTR00000495,5239.95,2025-02-17,IN,RAZORPAY SOFTWARE PVT LTD,,
BNK-0496,UTR00000496,585.95,2025-02-18,IN,RAZORPAY SOFTWARE PVT LTD,,
BNK-0497,UTR00000497,2358.54,2025-02-18,IN,RAZORPAY SOFTWARE PVT LTD,,
BNK-0499,UTR00000499,615.37,2025-02-18,IN,RAZORPAY SOFTWARE PVT LTD,,
BNK-0500,UTR00000500,863.3,2025-02-21,IN,RAZORPAY SOFTWARE PVT LTD,,
BNK-0502,UTR00000502,2075.59,2025-02-18,IN,RAZORPAY SOFTWARE PVT LTD,,
BNK-0503,UTR00000503,655.73,2025-02-18,IN,RAZORPAY SOFTWARE PVT LTD,,
BNK-0504,UTR00000504,747.59,2025-02-20,IN,RAZORPAY SOFTWARE PVT LTD,,
BNK-0505,UTR00000505,1877.73,2025-02-17,IN,RAZORPAY SOFTWARE PVT LTD,,
BNK-0506,UTR00000506,1084.31,2025-02-18,IN,RAZORPAY SOFTWARE PVT LTD,,
BNK-0507,UTR00000507,250.35,2025-02-18,IN,RAZORPAY SOFTWARE PVT LTD,,
BNK-0507-2,UTR00000507B,166.9,2025-02-17,IN,RAZORPAY SOFTWARE PVT LTD,,
BNK-0508,UTR00000508,1451.76,2025-02-17,IN,RAZORPAY SOFTWARE PVT LTD,,
BNK-0509,UTR00000509,1262.97,2025-02-22,IN,RAZORPAY SOFTWARE PVT LTD,,
BNK-0510,UTR00000510,199.97,2025-02-18,IN,RAZORPAY SOFTWARE PVT LTD,,
BNK-0511,UTR00000511,2000.83,2025-02-19,IN,RAZORPAY SOFTWARE PVT LTD,,
BNK-0512,UTR00000512,451.81,2025-02-22,IN,RAZORPAY SOFTWARE PVT LTD,,
BNK-0513,UTR00000513,4133.79,2025-02-19,IN,RAZORPAY SOFTWARE PVT LTD,,
BNK-0515,UTR00000515,6666.48,2025-02-21,IN,RAZORPAY SOFTWARE PVT LTD,,
BNK-0516,UTR00000516,8531.04,2025-02-18,IN,RAZORPAY SOFTWARE PVT LTD,,
BNK-0517,UTR00000517,269.05,2025-02-18,IN,RAZORPAY SOFTWARE PVT LTD,,
BNK-0517-2,UTR00000517B,179.37,2025-02-19,IN,RAZORPAY SOFTWARE PVT LTD,,
BNK-0518,UTR00000518,176.81,2025-02-18,IN,RAZORPAY SOFTWARE PVT LTD,,
BNK-0519,UTR00000519,1596.15,2025-02-19,IN,RAZORPAY SOFTWARE PVT LTD,,
BNK-0520,UTR00000520,2192.17,2025-02-18,IN,RAZORPAY SOFTWARE PVT LTD,,
BNK-0521,UTR00000521,7695.62,2025-02-20,IN,RAZORPAY SOFTWARE PVT LTD,,
BNK-0522,UTR00000522,2000.86,2025-02-19,IN,RAZORPAY SOFTWARE PVT LTD,,
BNK-0523,UTR00000523,2136.66,2025-02-20,IN,RAZORPAY SOFTWARE PVT LTD,,
BNK-0524,UTR00000524,1614.56,2025-02-20,IN,RAZORPAY SOFTWARE PVT LTD,,
BNK-0525,UTR00000525,1031.51,2025-02-19,IN,RAZORPAY SOFTWARE PVT LTD,,
BNK-0526,UTR00000526,4339.19,2025-02-19,IN,RAZORPAY SOFTWARE PVT LTD,,
BNK-0527,UTR00000527,594.41,2025-02-20,IN,RAZORPAY SOFTWARE PVT LTD,,
BNK-0528,UTR00000528,537.52,2025-02-19,IN,RAZORPAY SOFTWARE PVT LTD,,
BNK-0530,UTR00000530,291.94,2025-02-23,IN,RAZORPAY SOFTWARE PVT LTD,,
BNK-0531,UTR00000531,291.94,2025-02-20,IN,RAZORPAY SOFTWARE PVT LTD,,
BNK-0532,UTR00000532,2871.08,2025-02-20,IN,RAZORPAY SOFTWARE PVT LTD,,
BNK-0533,UTR00000533,896.75,2025-02-19,IN,RAZORPAY SOFTWARE PVT LTD,,
BNK-0534,UTR00000534,5349.5,2025-02-20,IN,RAZORPAY SOFTWARE PVT LTD,,
BNK-0535,UTR00000535,824.39,2025-02-24,IN,RAZORPAY SOFTWARE PVT LTD,,
BNK-0536,UTR00000536,2027.6,2025-02-20,IN,RAZORPAY SOFTWARE PVT LTD,,
BNK-0537,UTR00000537,501.8,2025-02-20,IN,RAZORPAY SOFTWARE PVT LTD,,
BNK-0538,UTR00000538,987.23,2025-02-20,IN,RAZORPAY SOFTWARE PVT LTD,,
BNK-0539,UTR00000539,10205.2,2025-02-21,IN,RAZORPAY SOFTWARE PVT LTD,,
BNK-0540,UTR00000540,767.41,2025-02-20,IN,RAZORPAY SOFTWARE PVT LTD,,
BNK-0541,UTR00000541,1529.72,2025-02-20,IN,RAZORPAY SOFTWARE PVT LTD,,
BNK-0542,UTR00000542,653.94,2025-02-20,IN,RAZORPAY SOFTWARE PVT LTD,,
BNK-0542-2,UTR00000542B,435.96,2025-02-21,IN,RAZORPAY SOFTWARE PVT LTD,,
BNK-0543,UTR00000543,1008.93,2025-02-20,IN,RAZORPAY SOFTWARE PVT LTD,,
BNK-0544,UTR00000544,297.58,2025-02-21,IN,RAZORPAY SOFTWARE PVT LTD,,
BNK-0545,UTR00000545,5152.59,2025-02-24,IN,RAZORPAY SOFTWARE PVT LTD,,
BNK-0546,UTR00000546,4562.43,2025-02-20,IN,RAZORPAY SOFTWARE PVT LTD,,
BNK-0547,UTR00000547,1449.9,2025-02-22,IN,RAZORPAY SOFTWARE PVT LTD,,
BNK-0548,UTR00000548,307.91,2025-02-21,IN,RAZORPAY SOFTWARE PVT LTD,,
BNK-0549,UTR00000549,1405.41,2025-02-22,IN,RAZORPAY SOFTWARE PVT LTD,,
BNK-0550,UTR00000550,3897.95,2025-02-21,IN,RAZORPAY SOFTWARE PVT LTD,,
BNK-0551,UTR00000551,1133.03,2025-02-25,IN,RAZORPAY SOFTWARE PVT LTD,,
BNK-0552,UTR00000552,1837.72,2025-02-21,IN,RAZORPAY SOFTWARE PVT LTD,,
BNK-0553,UTR00000553,1748.04,2025-02-21,IN,RAZORPAY SOFTWARE PVT LTD,,
BNK-0554,UTR00000554,2905.8,2025-02-24,IN,RAZORPAY SOFTWARE PVT LTD,,
BNK-0555,UTR00000555,2071.36,2025-02-21,IN,RAZORPAY SOFTWARE PVT LTD,,
BNK-0555-2,UTR00000555B,1376.18,2025-02-21,IN,RAZORPAY SOFTWARE PVT LTD,,
BNK-0557,UTR00000557,3057.18,2025-02-21,IN,RAZORPAY SOFTWARE PVT LTD,,
BNK-0558,UTR00000558,297.58,2025-02-26,IN,RAZORPAY SOFTWARE PVT LTD,,
BNK-0559,UTR00000559,1042.32,2025-02-23,IN,RAZORPAY SOFTWARE PVT LTD,,
BNK-0559-2,UTR00000559B,694.88,2025-02-23,IN,RAZORPAY SOFTWARE PVT LTD,,
BNK-0561,UTR00000561,7432.53,2025-02-22,IN,RAZORPAY SOFTWARE PVT LTD,,
BNK-0562,UTR00000562,1940.59,2025-02-23,IN,RAZORPAY SOFTWARE PVT LTD,,
BNK-0563,UTR00000563,700.13,2025-02-26,IN,RAZORPAY SOFTWARE PVT LTD,,
BNK-0564,UTR00000564,284.84,2025-02-23,IN,RAZORPAY SOFTWARE PVT LTD,,
BNK-0565,UTR00000565,1667.38,2025-02-23,IN,RAZORPAY SOFTWARE PVT LTD,,
BNK-0566,UTR00000566,380.6,2025-02-23,IN,RAZORPAY SOFTWARE PVT LTD,,
BNK-0567,UTR00000567,1743.11,2025-02-23,IN,RAZORPAY SOFTWARE PVT LTD,,
BNK-0569,UTR00000569,1145.09,2025-02-23,IN,RAZORPAY SOFTWARE PVT LTD,,
BNK-0570,UTR00000570,344.11,2025-02-24,IN,RAZORPAY SOFTWARE PVT LTD,,
BNK-0571,UTR00000571,3070.66,2025-02-24,IN,RAZORPAY SOFTWARE PVT LTD,,
BNK-0572,UTR00000572,940.09,2025-02-23,IN,RAZORPAY SOFTWARE PVT LTD,,
BNK-0573,UTR00000573,2322.17,2025-02-24,IN,RAZORPAY SOFTWARE PVT LTD,,
BNK-0574,UTR00000574,345.5,2025-02-23,IN,RAZORPAY SOFTWARE PVT LTD,,
BNK-0575,UTR00000575,3563.28,2025-02-23,IN,RAZORPAY SOFTWARE PVT LTD,,
BNK-0576,UTR00000576,794.14,2025-02-23,IN,RAZORPAY SOFTWARE PVT LTD,,
BNK-0577,UTR00000577,1640.53,2025-02-23,IN,RAZORPAY SOFTWARE PVT LTD,,
BNK-0578,UTR00000578,739.99,2025-02-24,IN,RAZORPAY SOFTWARE PVT LTD,,
BNK-0580,UTR00000580,7190.16,2025-02-24,IN,RAZORPAY SOFTWARE PVT LTD,,
BNK-0581,UTR00000581,1333.23,2025-02-23,IN,RAZORPAY SOFTWARE PVT LTD,,
BNK-0582,UTR00000582,5250.13,2025-02-27,IN,RAZORPAY SOFTWARE PVT LTD,,
BNK-0583,UTR00000583,1124.72,2025-02-27,IN,RAZORPAY SOFTWARE PVT LTD,,
BNK-0584,UTR00000584,919.89,2025-02-24,IN,RAZORPAY SOFTWARE PVT LTD,,
BNK-0585,UTR00000585,2314.9,2025-02-24,IN,RAZORPAY SOFTWARE PVT LTD,,
BNK-0586,UTR00000586,282.25,2025-02-25,IN,RAZORPAY SOFTWARE PVT LTD,,
BNK-0587,UTR00000587,433.25,2025-02-24,IN,RAZORPAY SOFTWARE PVT LTD,,
BNK-0588,UTR00000588,766.1,2025-02-25,IN,RAZORPAY SOFTWARE PVT LTD,,
BNK-0589,UTR00000589,3113.26,2025-02-25,IN,RAZORPAY SOFTWARE PVT LTD,,
BNK-0590,UTR00000590,556.49,2025-02-25,IN,RAZORPAY SOFTWARE PVT LTD,,
BNK-0591,UTR00000591,189.92,2025-02-25,IN,RAZORPAY SOFTWARE PVT LTD,,
BNK-0592,UTR00000592,292.3,2025-02-24,IN,RAZORPAY SOFTWARE PVT LTD,,
BNK-0593,UTR00000593,6049.77,2025-02-24,IN,RAZORPAY SOFTWARE PVT LTD,,
BNK-0594,UTR00000594,1320.39,2025-02-27,IN,RAZORPAY SOFTWARE PVT LTD,,
BNK-0595,UTR00000595,1942.49,2025-02-24,IN,RAZORPAY SOFTWARE PVT LTD,,
BNK-0596,UTR00000596,1086.53,2025-02-25,IN,RAZORPAY SOFTWARE PVT LTD,,
BNK-0597,UTR00000597,4193.34,2025-03-01,IN,RAZORPAY SOFTWARE PVT LTD,,
BNK-0598,UTR00000598,2445.39,2025-02-25,IN,RAZORPAY SOFTWARE PVT LTD,,
BNK-0599,UTR00000599,556.18,2025-03-01,IN,RAZORPAY SOFTWARE PVT LTD,,
BNK-0600,UTR00000600,291.94,2025-02-26,IN,RAZORPAY SOFTWARE PVT LTD,,
BNK-0601,UTR00000601,366.97,2025-02-26,IN,RAZORPAY SOFTWARE PVT LTD,,
BNK-0602,UTR00000602,421.37,2025-03-01,IN,RAZORPAY SOFTWARE PVT LTD,,
BNK-0604,UTR00000604,461.67,2025-02-26,IN,RAZORPAY SOFTWARE PVT LTD,,
BNK-0605,UTR00000605,1009.2,2025-02-26,IN,RAZORPAY SOFTWARE PVT LTD,,
BNK-0606,UTR00000606,566.85,2025-02-25,IN,RAZORPAY SOFTWARE PVT LTD,,
BNK-0607,UTR00000607,1791.75,2025-02-26,IN,RAZORPAY SOFTWARE PVT LTD,,
BNK-0608,UTR00000608,1043.14,2025-02-28,IN,RAZORPAY SOFTWARE PVT LTD,,
BNK-0609,UTR00000609,291.94,2025-03-02,IN,RAZORPAY SOFTWARE PVT LTD,,
BNK-0610,UTR00000610,2498.54,2025-03-01,IN,RAZORPAY SOFTWARE PVT LTD,,
BNK-0612,UTR00000612,299.14,2025-02-27,IN,RAZORPAY SOFTWARE PVT LTD,,
BNK-0613,UTR00000613,2600.82,2025-02-26,IN,RAZORPAY SOFTWARE PVT LTD,,
BNK-0615,UTR00000615,1353.19,2025-02-26,IN,RAZORPAY SOFTWARE PVT LTD,,
BNK-0616,UTR00000616,3968.11,2025-02-27,IN,RAZORPAY SOFTWARE PVT LTD,,
BNK-0617,UTR00000617,4765.14,2025-02-26,IN,RAZORPAY SOFTWARE PVT LTD,,
BNK-0618,UTR00000618,20099.85,2025-02-26,IN,RAZORPAY SOFTWARE PVT LTD,,
BNK-0619,UTR00000619,4411.35,2025-02-27,IN,RAZORPAY SOFTWARE PVT LTD,,
BNK-0620,UTR00000620,2005.87,2025-02-27,IN,RAZORPAY SOFTWARE PVT LTD,,
BNK-0621,UTR00000621,639.44,2025-02-27,IN,RAZORPAY SOFTWARE PVT LTD,,
BNK-0624,UTR00000624,2619.59,2025-02-27,IN,RAZORPAY SOFTWARE PVT LTD,,
BNK-0625,UTR00000625,1548.43,2025-02-27,IN,RAZORPAY SOFTWARE PVT LTD,,
BNK-0626,UTR00000626,868.15,2025-02-28,IN,RAZORPAY SOFTWARE PVT LTD,,
BNK-0628,UTR00000628,2305.58,2025-03-02,IN,RAZORPAY SOFTWARE PVT LTD,,
BNK-0629,UTR00000629,1522.96,2025-02-27,IN,RAZORPAY SOFTWARE PVT LTD,,
BNK-0630,UTR00000630,819.29,2025-02-28,IN,RAZORPAY SOFTWARE PVT LTD,,
BNK-0631,UTR00000631,297.58,2025-02-28,IN,RAZORPAY SOFTWARE PVT LTD,,
BNK-0632,UTR00000632,656.62,2025-03-01,IN,RAZORPAY SOFTWARE PVT LTD,,
BNK-0633,UTR00000633,2190.82,2025-02-28,IN,RAZORPAY SOFTWARE PVT LTD,,
BNK-0634,UTR00000634,1248.3,2025-02-28,IN,RAZORPAY SOFTWARE PVT LTD,,
BNK-0636,UTR00000636,1414.08,2025-03-01,IN,RAZORPAY SOFTWARE PVT LTD,,
BNK-0636-2,UTR00000636B,942.72,2025-02-28,IN,RAZORPAY SOFTWARE PVT LTD,,
BNK-0637,UTR00000637,2771.88,2025-03-01,IN,RAZORPAY SOFTWARE PVT LTD,,
BNK-0638,UTR00000638,548.48,2025-02-28,IN,RAZORPAY SOFTWARE PVT LTD,,
BNK-0639,UTR00000639,768.35,2025-02-28,IN,RAZORPAY SOFTWARE PVT LTD,,
BNK-0640,UTR00000640,2758.0,2025-02-28,IN,RAZORPAY SOFTWARE PVT LTD,,
BNK-0641,UTR00000641,384.61,2025-03-04,IN,RAZORPAY SOFTWARE PVT LTD,,
BNK-0642,UTR00000642,389.23,2025-02-28,IN,RAZORPAY SOFTWARE PVT LTD,,
BNK-0643,UTR00000643,789.87,2025-03-01,IN,RAZORPAY SOFTWARE PVT LTD,,
BNK-0644,UTR00000644,4053.32,2025-03-01,IN,RAZORPAY SOFTWARE PVT LTD,,
BNK-0645,UTR00000645,7976.81,2025-03-01,IN,RAZORPAY SOFTWARE PVT LTD,,
BNK-0646,UTR00000646,1047.93,2025-03-02,IN,RAZORPAY SOFTWARE PVT LTD,,
BNK-0647,UTR00000647,1617.71,2025-03-02,IN,RAZORPAY SOFTWARE PVT LTD,,
BNK-0648,UTR00000648,651.47,2025-03-01,IN,RAZORPAY SOFTWARE PVT LTD,,
BNK-0649,UTR00000649,4739.69,2025-03-01,IN,RAZORPAY SOFTWARE PVT LTD,,
BNK-0650,UTR00000650,297.58,2025-03-02,IN,RAZORPAY SOFTWARE PVT LTD,,
BNK-0651,UTR00000651,297.58,2025-03-01,IN,RAZORPAY SOFTWARE PVT LTD,,
BNK-0652,UTR00000652,2751.7,2025-03-02,IN,RAZORPAY SOFTWARE PVT LTD,,
BNK-0653,UTR00000653,2755.38,2025-03-02,IN,RAZORPAY SOFTWARE PVT LTD,,
BNK-0654,UTR00000654,766.23,2025-03-02,IN,RAZORPAY SOFTWARE PVT LTD,,
BNK-0655,UTR00000655,3930.75,2025-03-02,IN,RAZORPAY SOFTWARE PVT LTD,,
BNK-0657,UTR00000657,996.17,2025-03-01,IN,RAZORPAY SOFTWARE PVT LTD,,
BNK-0658,UTR00000658,1364.3,2025-03-03,IN,RAZORPAY SOFTWARE PVT LTD,,
BNK-0659,UTR00000659,315.71,2025-03-01,IN,RAZORPAY SOFTWARE PVT LTD,,
BNK-0660,UTR00000660,500.66,2025-03-03,IN,RAZORPAY SOFTWARE PVT LTD,,
BNK-0661,UTR00000661,676.2,2025-03-06,IN,RAZORPAY SOFTWARE PVT LTD,,
BNK-0662,UTR00000662,719.18,2025-03-02,IN,RAZORPAY SOFTWARE PVT LTD,,
BNK-0663,UTR00000663,6261.54,2025-03-02,IN,RAZORPAY SOFTWARE PVT LTD,,
BNK-0664,UTR00000664,2386.37,2025-03-03,IN,RAZORPAY SOFTWARE PVT LTD,,
BNK-0665,UTR00000665,335.31,2025-03-02,IN,RAZORPAY SOFTWARE PVT LTD,,
BNK-0666,UTR00000666,1197.26,2025-03-02,IN,RAZORPAY SOFTWARE PVT LTD,,
BNK-0667,UTR00000667,1338.56,2025-03-02,IN,RAZORPAY SOFTWARE PVT LTD,,
BNK-0670,UTR00000670,299.03,2025-03-03,IN,RAZORPAY SOFTWARE PVT LTD,,
BNK-0671,UTR00000671,601.89,2025-03-03,IN,RAZORPAY SOFTWARE PVT LTD,,
BNK-0672,UTR00000672,3402.63,2025-03-04,IN,RAZORPAY SOFTWARE PVT LTD,,
BNK-0673,UTR00000673,6771.94,2025-03-03,IN,RAZORPAY SOFTWARE PVT LTD,,
BNK-0674,UTR00000674,1952.28,2025-03-03,IN,RAZORPAY SOFTWARE PVT LTD,,
BNK-0675,UTR00000675,674.32,2025-03-04,IN,RAZORPAY SOFTWARE PVT LTD,,
BNK-0676,UTR00000676,2727.88,2025-03-03,IN,RAZORPAY SOFTWARE PVT LTD,,
BNK-0678,UTR00000678,2975.34,2025-03-04,IN,RAZORPAY SOFTWARE PVT LTD,,
BNK-0678-2,UTR00000678B,1983.56,2025-03-03,IN,RAZORPAY SOFTWARE PVT LTD,,
BNK-0679,UTR00000679,1381.13,2025-03-03,IN,RAZORPAY SOFTWARE PVT LTD,,
BNK-0680,UTR00000680,1282.06,2025-03-04,IN,RAZORPAY SOFTWARE PVT LTD,,
BNK-0681,UTR00000681,2644.44,2025-03-04,IN,RAZORPAY SOFTWARE PVT LTD,,
BNK-0682,UTR00000682,6096.51,2025-03-06,IN,RAZORPAY SOFTWARE PVT LTD,,
BNK-0683,UTR00000683,297.58,2025-03-04,IN,RAZORPAY SOFTWARE PVT LTD,,
BNK-0684,UTR00000684,776.84,2025-03-05,IN,RAZORPAY SOFTWARE PVT LTD,,
BNK-0685,UTR00000685,625.97,2025-03-05,IN,RAZORPAY SOFTWARE PVT LTD,,
BNK-0686,UTR00000686,1143.83,2025-03-04,IN,RAZORPAY SOFTWARE PVT LTD,,
BNK-0688,UTR00000688,2584.72,2025-03-04,IN,RAZORPAY SOFTWARE PVT LTD,,
BNK-0689,UTR00000689,923.47,2025-03-05,IN,RAZORPAY SOFTWARE PVT LTD,,
BNK-0690,UTR00000690,621.78,2025-03-05,IN,RAZORPAY SOFTWARE PVT LTD,,
BNK-0691,UTR00000691,1736.98,2025-03-05,IN,RAZORPAY SOFTWARE PVT LTD,,
BNK-0692,UTR00000692,2340.14,2025-03-04,IN,RAZORPAY SOFTWARE PVT LTD,,
BNK-0693,UTR00000693,824.09,2025-03-04,IN,RAZORPAY SOFTWARE PVT LTD,,
BNK-0694,UTR00000694,2782.08,2025-03-05,IN,RAZORPAY SOFTWARE PVT LTD,,
BNK-0695,UTR00000695,621.2,2025-03-06,IN,RAZORPAY SOFTWARE PVT LTD,,
BNK-0696,UTR00000696,2351.89,2025-03-06,IN,RAZORPAY SOFTWARE PVT LTD,,
BNK-0697,UTR00000697,1833.33,2025-03-05,IN,RAZORPAY SOFTWARE PVT LTD,,
BNK-0700,UTR00000700,217.35,2025-03-05,IN,RAZORPAY SOFTWARE PVT LTD,,
BNK-0701,UTR00000701,917.16,2025-03-05,IN,RAZORPAY SOFTWARE PVT LTD,,
BNK-0703,UTR00000703,1636.71,2025-03-05,IN,RAZORPAY SOFTWARE PVT LTD,,
BNK-0704,UTR00000704,295.43,2025-03-06,IN,RAZORPAY SOFTWARE PVT LTD,,
BNK-0706,UTR00000706,434.45,2025-03-06,IN,RAZORPAY SOFTWARE PVT LTD,,
BNK-0707,UTR00000707,4875.58,2025-03-06,IN,RAZORPAY SOFTWARE PVT LTD,,
BNK-0708,UTR00000708,9095.79,2025-03-06,IN,RAZORPAY SOFTWARE PVT LTD,,
BNK-0709,UTR00000709,297.58,2025-03-07,IN,RAZORPAY SOFTWARE PVT LTD,,
BNK-0710,UTR00000710,1025.9,2025-03-06,IN,RAZORPAY SOFTWARE PVT LTD,,
BNK-0711,UTR00000711,1422.29,2025-03-07,IN,RAZORPAY SOFTWARE PVT LTD,,
BNK-0712,UTR00000712,4106.29,2025-03-07,IN,RAZORPAY SOFTWARE PVT LTD,,
BNK-0713,UTR00000713,1232.09,2025-03-07,IN,RAZORPAY SOFTWARE PVT LTD,,
BNK-0714,UTR00000714,6588.76,2025-03-07,IN,RAZORPAY SOFTWARE PVT LTD,,
BNK-0715,UTR00000715,2183.28,2025-03-07,IN,RAZORPAY SOFTWARE PVT LTD,,
BNK-0716,UTR00000716,1478.71,2025-03-06,IN,RAZORPAY SOFTWARE PVT LTD,,
BNK-0717,UTR00000717,276.17,2025-03-07,IN,RAZORPAY SOFTWARE PVT LTD,,
BNK-0718,UTR00000718,729.88,2025-03-06,IN,RAZORPAY SOFTWARE PVT LTD,,
BNK-0720,UTR00000720,915.84,2025-03-07,IN,RAZORPAY SOFTWARE PVT LTD,,
BNK-0721,UTR00000721,845.93,2025-03-08,IN,RAZORPAY SOFTWARE PVT LTD,,
BNK-0722,UTR00000722,1332.86,2025-03-07,IN,RAZORPAY SOFTWARE PVT LTD,,
BNK-0723,UTR00000723,2556.61,2025-03-11,IN,RAZORPAY SOFTWARE PVT LTD,,
BNK-0724,UTR00000724,12102.6,2025-03-07,IN,RAZORPAY SOFTWARE PVT LTD,,
BNK-0725,UTR00000725,3334.1,2025-03-08,IN,RAZORPAY SOFTWARE PVT LTD,,
BNK-0726,UTR00000726,2504.83,2025-03-10,IN,RAZORPAY SOFTWARE PVT LTD,,
BNK-0727,UTR00000727,2012.5,2025-03-08,IN,RAZORPAY SOFTWARE PVT LTD,,
BNK-0728,UTR00000728,3090.97,2025-03-08,IN,RAZORPAY SOFTWARE PVT LTD,,
BNK-0729,UTR00000729,1703.78,2025-03-10,IN,RAZORPAY SOFTWARE PVT LTD,,
BNK-0730,UTR00000730,2179.21,2025-03-07,IN,RAZORPAY SOFTWARE PVT LTD,,
BNK-0732,UTR00000732,642.13,2025-03-11,IN,RAZORPAY SOFTWARE PVT LTD,,
BNK-0733,UTR00000733,1126.05,2025-03-07,IN,RAZORPAY SOFTWARE PVT LTD,,
BNK-0734,UTR00000734,462.39,2025-03-09,IN,RAZORPAY SOFTWARE PVT LTD,,
BNK-0735,UTR00000735,315.59,2025-03-09,IN,RAZORPAY SOFTWARE PVT LTD,,
BNK-0736,UTR00000736,2032.62,2025-03-07,IN,RAZORPAY SOFTWARE PVT LTD,,
BNK-0737,UTR00000737,2068.44,2025-03-09,IN,RAZORPAY SOFTWARE PVT LTD,,
BNK-0738,UTR00000738,967.97,2025-03-09,IN,RAZORPAY SOFTWARE PVT LTD,,
BNK-0739,UTR00000739,344.29,2025-03-08,IN,RAZORPAY SOFTWARE PVT LTD,,
BNK-0740,UTR00000740,1545.15,2025-03-09,IN,RAZORPAY SOFTWARE PVT LTD,,
BNK-0741,UTR00000741,1172.12,2025-03-08,IN,RAZORPAY SOFTWARE PVT LTD,,
BNK-0742,UTR00000742,1964.67,2025-03-09,IN,RAZORPAY SOFTWARE PVT LTD,,
BNK-0743,UTR00000743,413.26,2025-03-08,IN,RAZORPAY SOFTWARE PVT LTD,,
BNK-0744,UTR00000744,527.48,2025-03-08,IN,RAZORPAY SOFTWARE PVT LTD,,
BNK-0745,UTR00000745,1028.99,2025-03-09,IN,RAZORPAY SOFTWARE PVT LTD,,
BNK-0746,UTR00000746,570.54,2025-03-08,IN,RAZORPAY SOFTWARE PVT LTD,,
BNK-0747,UTR00000747,445.51,2025-03-08,IN,RAZORPAY SOFTWARE PVT LTD,,
BNK-0748,UTR00000748,1964.68,2025-03-08,IN,RAZORPAY SOFTWARE PVT LTD,,
BNK-0749,UTR00000749,568.07,2025-03-09,IN,RAZORPAY SOFTWARE PVT LTD,,
BNK-0749-2,UTR00000749B,378.72,2025-03-10,IN,RAZORPAY SOFTWARE PVT LTD,,
BNK-0750,UTR00000750,420.32,2025-03-09,IN,RAZORPAY SOFTWARE PVT LTD,,
BNK-0751,UTR00000751,322.82,2025-03-13,IN,RAZORPAY SOFTWARE PVT LTD,,
BNK-0752,UTR00000752,170.59,2025-03-09,IN,RAZORPAY SOFTWARE PVT LTD,,
BNK-0752-2,UTR00000752B,109.0,2025-03-09,IN,RAZORPAY SOFTWARE PVT LTD,,
BNK-0753,UTR00000753,348.66,2025-03-09,IN,RAZORPAY SOFTWARE PVT LTD,,
BNK-0754,UTR00000754,1773.44,2025-03-10,IN,RAZORPAY SOFTWARE PVT LTD,,
BNK-0755,UTR00000755,726.32,2025-03-10,IN,RAZORPAY SOFTWARE PVT LTD,,
BNK-0756,UTR00000756,1362.57,2025-03-10,IN,RAZORPAY SOFTWARE PVT LTD,,
BNK-0757,UTR00000757,210.78,2025-03-09,IN,RAZORPAY SOFTWARE PVT LTD,,
BNK-0758,UTR00000758,7011.95,2025-03-12,IN,RAZORPAY SOFTWARE PVT LTD,,
BNK-0759,UTR00000759,568.26,2025-03-09,IN,RAZORPAY SOFTWARE PVT LTD,,
BNK-0760,UTR00000760,235.09,2025-03-11,IN,RAZORPAY SOFTWARE PVT LTD,,
BNK-0760-2,UTR00000760B,156.73,2025-03-10,IN,RAZORPAY SOFTWARE PVT LTD,,
BNK-0761,UTR00000761,539.96,2025-03-11,IN,RAZORPAY SOFTWARE PVT LTD,,
BNK-0762,UTR00000762,739.36,2025-03-10,IN,RAZORPAY SOFTWARE PVT LTD,,
BNK-0763,UTR00000763,6952.45,2025-03-11,IN,RAZORPAY SOFTWARE PVT LTD,,
BNK-0764,UTR00000764,504.69,2025-03-10,IN,RAZORPAY SOFTWARE PVT LTD,,
BNK-0765,UTR00000765,1206.02,2025-03-11,IN,RAZORPAY SOFTWARE PVT LTD,,
BNK-0766,UTR00000766,1350.37,2025-03-11,IN,RAZORPAY SOFTWARE PVT LTD,,
BNK-0767,UTR00000767,291.94,2025-03-10,IN,RAZORPAY SOFTWARE PVT LTD,,
BNK-0768,UTR00000768,2809.43,2025-03-11,IN,RAZORPAY SOFTWARE PVT LTD,,
BNK-0769,UTR00000769,292.3,2025-03-10,IN,RAZORPAY SOFTWARE PVT LTD,,
BNK-0770,UTR00000770,3233.3,2025-03-10,IN,RAZORPAY SOFTWARE PVT LTD,,
BNK-0771,UTR00000771,3607.72,2025-03-11,IN,RAZORPAY SOFTWARE PVT LTD,,
BNK-0772,UTR00000772,3114.11,2025-03-11,IN,RAZORPAY SOFTWARE PVT LTD,,
BNK-0774,UTR00000774,823.19,2025-03-11,IN,RAZORPAY SOFTWARE PVT LTD,,
BNK-0774-2,UTR00000774B,548.79,2025-03-12,IN,RAZORPAY SOFTWARE PVT LTD,,
BNK-0775,UTR00000775,1005.91,2025-03-11,IN,RAZORPAY SOFTWARE PVT LTD,,
BNK-0776,UTR00000776,432.25,2025-03-11,IN,RAZORPAY SOFTWARE PVT LTD,,
BNK-0777,UTR00000777,291.94,2025-03-15,IN,RAZORPAY SOFTWARE PVT LTD,,
BNK-0778,UTR00000778,3927.37,2025-03-11,IN,RAZORPAY SOFTWARE PVT LTD,,
BNK-0779,UTR00000779,600.2,2025-03-12,IN,RAZORPAY SOFTWARE PVT LTD,,
BNK-0780,UTR00000780,291.94,2025-03-11,IN,RAZORPAY SOFTWARE PVT LTD,,
BNK-0781,UTR00000781,1170.14,2025-03-12,IN,RAZORPAY SOFTWARE PVT LTD,,
BNK-0782,UTR00000782,399.11,2025-03-11,IN,RAZORPAY SOFTWARE PVT LTD,,
BNK-0783,UTR00000783,710.64,2025-03-12,IN,RAZORPAY SOFTWARE PVT LTD,,
BNK-0783-2,UTR00000783B,473.76,2025-03-12,IN,RAZORPAY SOFTWARE PVT LTD,,
BNK-0784,UTR00000784,2142.1,2025-03-15,IN,RAZORPAY SOFTWARE PVT LTD,,
BNK-0785,UTR00000785,297.58,2025-03-15,IN,RAZORPAY SOFTWARE PVT LTD,,
BNK-0786,UTR00000786,166.06,2025-03-15,IN,RAZORPAY SOFTWARE PVT LTD,,
BNK-0787,UTR00000787,1617.97,2025-03-13,IN,RAZORPAY SOFTWARE PVT LTD,,
BNK-0788,UTR00000788,1891.86,2025-03-16,IN,RAZORPAY SOFTWARE PVT LTD,,
BNK-0789,UTR00000789,3969.23,2025-03-12,IN,RAZORPAY SOFTWARE PVT LTD,,
BNK-0790,UTR00000790,1425.62,2025-03-13,IN,RAZORPAY SOFTWARE PVT LTD,,
BNK-0791,UTR00000791,1657.05,2025-03-12,IN,RAZORPAY SOFTWARE PVT LTD,,
BNK-0792,UTR00000792,5932.64,2025-03-13,IN,RAZORPAY SOFTWARE PVT LTD,,
BNK-0793,UTR00000793,212.6,2025-03-12,IN,RAZORPAY SOFTWARE PVT LTD,,
BNK-0794,UTR00000794,3518.61,2025-03-16,IN,RAZORPAY SOFTWARE PVT LTD,,
BNK-0795,UTR00000795,1060.49,2025-03-13,IN,RAZORPAY SOFTWARE PVT LTD,,
BNK-0796,UTR00000796,1795.21,2025-03-14,IN,RAZORPAY SOFTWARE PVT LTD,,
BNK-0797,UTR00000797,396.41,2025-03-13,IN,RAZORPAY SOFTWARE PVT LTD,,
BNK-0798,UTR00000798,410.05,2025-03-12,IN,RAZORPAY SOFTWARE PVT LTD,,
BNK-0799,UTR00000799,6878.87,2025-03-14,IN,RAZORPAY SOFTWARE PVT LTD,,
BNK-0800,UTR00000800,895.29,2025-03-13,IN,RAZORPAY SOFTWARE PVT LTD,,
BNK-0801,UTR00000801,2540.14,2025-03-13,IN,RAZORPAY SOFTWARE PVT LTD,,
BNK-0802,UTR00000802,5564.8,2025-03-13,IN,RAZORPAY SOFTWARE PVT LTD,,
BNK-0803,UTR00000803,11700.71,2025-03-14,IN,RAZORPAY SOFTWARE PVT LTD,,
BNK-0804,UTR00000804,635.49,2025-03-16,IN,RAZORPAY SOFTWARE PVT LTD,,
BNK-0805,UTR00000805,996.07,2025-03-13,IN,RAZORPAY SOFTWARE PVT LTD,,
BNK-0806,UTR00000806,2503.39,2025-03-13,IN,RAZORPAY SOFTWARE PVT LTD,,
BNK-0808,UTR00000808,297.58,2025-03-14,IN,RAZORPAY SOFTWARE PVT LTD,,
BNK-0809,UTR00000809,786.82,2025-03-13,IN,RAZORPAY SOFTWARE PVT LTD,,
BNK-0810,UTR00000810,5085.9,2025-03-13,IN,RAZORPAY SOFTWARE PVT LTD,,
BNK-0811,UTR00000811,284.84,2025-03-13,IN,RAZORPAY SOFTWARE PVT LTD,,
BNK-0813,UTR00000813,380.83,2025-03-14,IN,RAZORPAY SOFTWARE PVT LTD,,
BNK-0814,UTR00000814,4723.78,2025-03-14,IN,RAZORPAY SOFTWARE PVT LTD,,
BNK-0815,UTR00000815,933.74,2025-03-14,IN,RAZORPAY SOFTWARE PVT LTD,,
BNK-0816,UTR00000816,469.77,2025-03-15,IN,RAZORPAY SOFTWARE PVT LTD,,
BNK-0817,UTR00000817,284.84,2025-03-14,IN,RAZORPAY SOFTWARE PVT LTD,,
BNK-0818,UTR00000818,5687.12,2025-03-15,IN,RAZORPAY SOFTWARE PVT LTD,,
BNK-0819,UTR00000819,4522.53,2025-03-15,IN,RAZORPAY SOFTWARE PVT LTD,,
BNK-0820,UTR00000820,1105.14,2025-03-14,IN,RAZORPAY SOFTWARE PVT LTD,,
BNK-0820-2,UTR00000820B,736.77,2025-03-15,IN,RAZORPAY SOFTWARE PVT LTD,,
BNK-0821,UTR00000821,291.94,2025-03-15,IN,RAZORPAY SOFTWARE PVT LTD,,
BNK-0822,UTR00000822,848.78,2025-03-18,IN,RAZORPAY SOFTWARE PVT LTD,,
BNK-0823,UTR00000823,417.76,2025-03-15,IN,RAZORPAY SOFTWARE PVT LTD,,
BNK-0824,UTR00000824,1954.08,2025-03-15,IN,RAZORPAY SOFTWARE PVT LTD,,
BNK-0825,UTR00000825,23576.57,2025-03-18,IN,RAZORPAY SOFTWARE PVT LTD,,
BNK-0827,UTR00000827,2933.36,2025-03-15,IN,RAZORPAY SOFTWARE PVT LTD,,
BNK-0828,UTR00000828,1660.5,2025-03-16,IN,RAZORPAY SOFTWARE PVT LTD,,
BNK-0829,UTR00000829,569.39,2025-03-16,IN,RAZORPAY SOFTWARE PVT LTD,,
BNK-0830,UTR00000830,1640.87,2025-03-19,IN,RAZORPAY SOFTWARE PVT LTD,,
BNK-0831,UTR00000831,1210.56,2025-03-15,IN,RAZORPAY SOFTWARE PVT LTD,,
BNK-0832,UTR00000832,1261.7,2025-03-15,IN,RAZORPAY SOFTWARE PVT LTD,,
BNK-0833,UTR00000833,853.84,2025-03-16,IN,RAZORPAY SOFTWARE PVT LTD,,
BNK-0834,UTR00000834,3031.27,2025-03-16,IN,RAZORPAY SOFTWARE PVT LTD,,
BNK-0835,UTR00000835,5938.05,2025-03-16,IN,RAZORPAY SOFTWARE PVT LTD,,
BNK-0836,UTR00000836,1228.81,2025-03-17,IN,RAZORPAY SOFTWARE PVT LTD,,
BNK-0837,UTR00000837,784.03,2025-03-16,IN,RAZORPAY SOFTWARE PVT LTD,,
BNK-0838,UTR00000838,2861.26,2025-03-16,IN,RAZORPAY SOFTWARE PVT LTD,,
BNK-0839,UTR00000839,4478.31,2025-03-17,IN,RAZORPAY SOFTWARE PVT LTD,,
BNK-0840,UTR00000840,786.73,2025-03-17,IN,RAZORPAY SOFTWARE PVT LTD,,
BNK-0841,UTR00000841,447.45,2025-03-16,IN,RAZORPAY SOFTWARE PVT LTD,,
BNK-0842,UTR00000842,1356.3,2025-03-19,IN,RAZORPAY SOFTWARE PVT LTD,,
BNK-0843,UTR00000843,778.6,2025-03-17,IN,RAZORPAY SOFTWARE PVT LTD,,
BNK-0845,UTR00000845,1420.33,2025-03-17,IN,RAZORPAY SOFTWARE PVT LTD,,
BNK-0846,UTR00000846,2171.75,2025-03-17,IN,RAZORPAY SOFTWARE PVT LTD,,
BNK-0847,UTR00000847,2505.61,2025-03-17,IN,RAZORPAY SOFTWARE PVT LTD,,
BNK-0848,UTR00000848,1503.51,2025-03-17,IN,RAZORPAY SOFTWARE PVT LTD,,
BNK-0849,UTR00000849,12237.77,2025-03-18,IN,RAZORPAY SOFTWARE PVT LTD,,
BNK-0850,UTR00000850,404.33,2025-03-18,IN,RAZORPAY SOFTWARE PVT LTD,,
BNK-0851,UTR00000851,507.53,2025-03-17,IN,RAZORPAY SOFTWARE PVT LTD,,
BNK-0852,UTR00000852,1578.06,2025-03-17,IN,RAZORPAY SOFTWARE PVT LTD,,
BNK-0853,UTR00000853,241.99,2025-03-17,IN,RAZORPAY SOFTWARE PVT LTD,,
BNK-0853-2,UTR00000853B,161.33,2025-03-18,IN,RAZORPAY SOFTWARE PVT LTD,,
BNK-0854,UTR00000854,828.0,2025-03-17,IN,RAZORPAY SOFTWARE PVT LTD,,
BNK-0855,UTR00000855,1875.36,2025-03-20,IN,RAZORPAY SOFTWARE PVT LTD,,
BNK-0856,UTR00000856,700.08,2025-03-18,IN,RAZORPAY SOFTWARE PVT LTD,,
BNK-0857,UTR00000857,982.48,2025-03-18,IN,RAZORPAY SOFTWARE PVT LTD,,
BNK-0858,UTR00000858,1613.37,2025-03-18,IN,RAZORPAY SOFTWARE PVT LTD,,
BNK-0859,UTR00000859,794.92,2025-03-18,IN,RAZORPAY SOFTWARE PVT LTD,,
BNK-0860,UTR00000860,4643.58,2025-03-17,IN,RAZORPAY SOFTWARE PVT LTD,,
BNK-0861,UTR00000861,844.89,2025-03-17,IN,RAZORPAY SOFTWARE PVT LTD,,
BNK-0862,UTR00000862,1499.91,2025-03-19,IN,RAZORPAY SOFTWARE PVT LTD,,
BNK-0863,UTR00000863,297.58,2025-03-18,IN,RAZORPAY SOFTWARE PVT LTD,,
BNK-0864,UTR00000864,2248.2,2025-03-19,IN,RAZORPAY SOFTWARE PVT LTD,,
BNK-0865,UTR00000865,1144.79,2025-03-19,IN,RAZORPAY SOFTWARE PVT LTD,,
BNK-0866,UTR00000866,2265.98,2025-03-18,IN,RAZORPAY SOFTWARE PVT LTD,,
BNK-0867,UTR00000867,5567.86,2025-03-18,IN,RAZORPAY SOFTWARE PVT LTD,,
BNK-0868,UTR00000868,1522.13,2025-03-18,IN,RAZORPAY SOFTWARE PVT LTD,,
BNK-0869,UTR00000869,1066.21,2025-03-18,IN,RAZORPAY SOFTWARE PVT LTD,,
BNK-0870,UTR00000870,335.86,2025-03-18,IN,RAZORPAY SOFTWARE PVT LTD,,
BNK-0871,UTR00000871,8605.51,2025-03-18,IN,RAZORPAY SOFTWARE PVT LTD,,
BNK-0872,UTR00000872,170.43,2025-03-19,IN,RAZORPAY SOFTWARE PVT LTD,,
BNK-0873,UTR00000873,2372.66,2025-03-19,IN,RAZORPAY SOFTWARE PVT LTD,,
BNK-0874,UTR00000874,291.94,2025-03-19,IN,RAZORPAY SOFTWARE PVT LTD,,
BNK-0875,UTR00000875,1842.58,2025-03-23,IN,RAZORPAY SOFTWARE PVT LTD,,
BNK-0876,UTR00000876,478.44,2025-03-20,IN,RAZORPAY SOFTWARE PVT LTD,,
BNK-0877,UTR00000877,597.67,2025-03-20,IN,RAZORPAY SOFTWARE PVT LTD,,
BNK-0878,UTR00000878,787.28,2025-03-20,IN,RAZORPAY SOFTWARE PVT LTD,,
BNK-0879,UTR00000879,291.94,2025-03-19,IN,RAZORPAY SOFTWARE PVT LTD,,
BNK-0880,UTR00000880,372.18,2025-03-20,IN,RAZORPAY SOFTWARE PVT LTD,,
BNK-0881,UTR00000881,3055.14,2025-03-23,IN,RAZORPAY SOFTWARE PVT LTD,,
BNK-0882,UTR00000882,297.58,2025-03-20,IN,RAZORPAY SOFTWARE PVT LTD,,
BNK-0883,UTR00000883,1108.45,2025-03-20,IN,RAZORPAY SOFTWARE PVT LTD,,
BNK-0883-2,UTR00000883B,738.96,2025-03-20,IN,RAZORPAY SOFTWARE PVT LTD,,
BNK-0884,UTR00000884,5820.53,2025-03-20,IN,RAZORPAY SOFTWARE PVT LTD,,
BNK-0885,UTR00000885,291.94,2025-03-20,IN,RAZORPAY SOFTWARE PVT LTD,,
BNK-0886,UTR00000886,40333.31,2025-03-20,IN,RAZORPAY SOFTWARE PVT LTD,,
BNK-0887,UTR00000887,422.62,2025-03-20,IN,RAZORPAY SOFTWARE PVT LTD,,
BNK-0888,UTR00000888,5173.96,2025-03-21,IN,RAZORPAY SOFTWARE PVT LTD,,
BNK-0889,UTR00000889,1109.49,2025-03-21,IN,RAZORPAY SOFTWARE PVT LTD,,
BNK-0890,UTR00000890,291.94,2025-03-24,IN,RAZORPAY SOFTWARE PVT LTD,,
BNK-0891,UTR00000891,7937.8,2025-03-23,IN,RAZORPAY SOFTWARE PVT LTD,,
BNK-0892,UTR00000892,1995.08,2025-03-20,IN,RAZORPAY SOFTWARE PVT LTD,,
BNK-0893,UTR00000893,1247.45,2025-03-21,IN,RAZORPAY SOFTWARE PVT LTD,,
BNK-0894,UTR00000894,297.58,2025-03-23,IN,RAZORPAY SOFTWARE PVT LTD,,
BNK-0895,UTR00000895,1419.17,2025-03-20,IN,RAZORPAY SOFTWARE PVT LTD,,
BNK-0896,UTR00000896,579.72,2025-03-20,IN,RAZORPAY SOFTWARE PVT LTD,,
BNK-0897,UTR00000897,3308.38,2025-03-20,IN,RAZORPAY SOFTWARE PVT LTD,,
BNK-0898,UTR00000898,546.91,2025-03-21,IN,RAZORPAY SOFTWARE PVT LTD,,
BNK-0899,UTR00000899,297.58,2025-03-20,IN,RAZORPAY SOFTWARE PVT LTD,,
BNK-0900,UTR00000900,4278.45,2025-03-25,IN,RAZORPAY SOFTWARE PVT LTD,,
BNK-0901,UTR00000901,1616.3,2025-03-21,IN,RAZORPAY SOFTWARE PVT LTD,,
BNK-0902,UTR00000902,825.96,2025-03-21,IN,RAZORPAY SOFTWARE PVT LTD,,
BNK-0903,UTR00000903,291.94,2025-03-21,IN,RAZORPAY SOFTWARE PVT LTD,,
BNK-0904,UTR00000904,1799.92,2025-03-21,IN,RAZORPAY SOFTWARE PVT LTD,,
BNK-0905,UTR00000905,1873.62,2025-03-22,IN,RAZORPAY SOFTWARE PVT LTD,,
BNK-0906,UTR00000906,1367.49,2025-03-21,IN,RAZORPAY SOFTWARE PVT LTD,,
BNK-0907,UTR00000907,1423.3,2025-03-22,IN,RAZORPAY SOFTWARE PVT LTD,,
BNK-0908,UTR00000908,291.94,2025-03-21,IN,RAZORPAY SOFTWARE PVT LTD,,
BNK-0909,UTR00000909,284.84,2025-03-22,IN,RAZORPAY SOFTWARE PVT LTD,,
BNK-0910,UTR00000910,530.58,2025-03-21,IN,RAZORPAY SOFTWARE PVT LTD,,
BNK-0911,UTR00000911,10081.79,2025-03-23,IN,RAZORPAY SOFTWARE PVT LTD,,
BNK-0912,UTR00000912,355.74,2025-03-23,IN,RAZORPAY SOFTWARE PVT LTD,,
BNK-0914,UTR00000914,569.75,2025-03-22,IN,RAZORPAY SOFTWARE PVT LTD,,
BNK-0915,UTR00000915,12257.41,2025-03-22,IN,RAZORPAY SOFTWARE PVT LTD,,
BNK-0916,UTR00000916,1152.76,2025-03-22,IN,RAZORPAY SOFTWARE PVT LTD,,
BNK-0917,UTR00000917,2021.39,2025-03-23,IN,RAZORPAY SOFTWARE PVT LTD,,
BNK-0919,UTR00000919,1101.62,2025-03-23,IN,RAZORPAY SOFTWARE PVT LTD,,
BNK-0920,UTR00000920,473.02,2025-03-22,IN,RAZORPAY SOFTWARE PVT LTD,,
BNK-0921,UTR00000921,178.55,2025-03-23,IN,RAZORPAY SOFTWARE PVT LTD,,
BNK-0921-2,UTR00000921B,119.03,2025-03-22,IN,RAZORPAY SOFTWARE PVT LTD,,
BNK-0922,UTR00000922,900.01,2025-03-23,IN,RAZORPAY SOFTWARE PVT LTD,,
BNK-0923,UTR00000923,711.55,2025-03-23,IN,RAZORPAY SOFTWARE PVT LTD,,
BNK-0923-2,UTR00000923B,474.36,2025-03-23,IN,RAZORPAY SOFTWARE PVT LTD,,
BNK-0924,UTR00000924,2786.92,2025-03-23,IN,RAZORPAY SOFTWARE PVT LTD,,
BNK-0925,UTR00000925,1760.8,2025-03-23,IN,RAZORPAY SOFTWARE PVT LTD,,
BNK-0926,UTR00000926,882.18,2025-03-22,IN,RAZORPAY SOFTWARE PVT LTD,,
BNK-0927,UTR00000927,847.15,2025-03-26,IN,RAZORPAY SOFTWARE PVT LTD,,
BNK-0929,UTR00000929,222.77,2025-03-24,IN,RAZORPAY SOFTWARE PVT LTD,,
BNK-0930,UTR00000930,981.57,2025-03-24,IN,RAZORPAY SOFTWARE PVT LTD,,
BNK-0931,UTR00000931,4536.71,2025-03-24,IN,RAZORPAY SOFTWARE PVT LTD,,
BNK-0932,UTR00000932,1149.61,2025-03-24,IN,RAZORPAY SOFTWARE PVT LTD,,
BNK-0933,UTR00000933,2541.34,2025-03-23,IN,RAZORPAY SOFTWARE PVT LTD,,
BNK-0934,UTR00000934,481.8,2025-03-27,IN,RAZORPAY SOFTWARE PVT LTD,,
BNK-0936,UTR00000936,2508.55,2025-03-24,IN,RAZORPAY SOFTWARE PVT LTD,,
BNK-0937,UTR00000937,978.03,2025-03-24,IN,RAZORPAY SOFTWARE PVT LTD,,
BNK-0938,UTR00000938,882.91,2025-03-24,IN,RAZORPAY SOFTWARE PVT LTD,,
BNK-0939,UTR00000939,189.5,2025-03-25,IN,RAZORPAY SOFTWARE PVT LTD,,
BNK-0940,UTR00000940,1484.51,2025-03-25,IN,RAZORPAY SOFTWARE PVT LTD,,
BNK-0941,UTR00000941,3403.13,2025-03-25,IN,RAZORPAY SOFTWARE PVT LTD,,
BNK-0942,UTR00000942,1589.43,2025-03-24,IN,RAZORPAY SOFTWARE PVT LTD,,
BNK-0943,UTR00000943,4855.32,2025-03-25,IN,RAZORPAY SOFTWARE PVT LTD,,
BNK-0944,UTR00000944,1919.05,2025-03-25,IN,RAZORPAY SOFTWARE PVT LTD,,
BNK-0945,UTR00000945,1444.25,2025-03-25,IN,RAZORPAY SOFTWARE PVT LTD,,
BNK-0946,UTR00000946,1006.38,2025-03-24,IN,RAZORPAY SOFTWARE PVT LTD,,
BNK-0947,UTR00000947,642.96,2025-03-25,IN,RAZORPAY SOFTWARE PVT LTD,,
BNK-0948,UTR00000948,10419.49,2025-03-25,IN,RAZORPAY SOFTWARE PVT LTD,,
BNK-0949,UTR00000949,4550.88,2025-03-25,IN,RAZORPAY SOFTWARE PVT LTD,,
BNK-0950,UTR00000950,904.38,2025-03-25,IN,RAZORPAY SOFTWARE PVT LTD,,
BNK-0951,UTR00000951,2177.41,2025-03-25,IN,RAZORPAY SOFTWARE PVT LTD,,
BNK-0953,UTR00000953,406.41,2025-03-25,IN,RAZORPAY SOFTWARE PVT LTD,,
BNK-0954,UTR00000954,1186.97,2025-03-26,IN,RAZORPAY SOFTWARE PVT LTD,,
BNK-0955,UTR00000955,4800.68,2025-03-26,IN,RAZORPAY SOFTWARE PVT LTD,,
BNK-0956,UTR00000956,733.3,2025-03-26,IN,RAZORPAY SOFTWARE PVT LTD,,
BNK-0957,UTR00000957,1145.96,2025-03-26,IN,RAZORPAY SOFTWARE PVT LTD,,
BNK-0958,UTR00000958,506.52,2025-03-26,IN,RAZORPAY SOFTWARE PVT LTD,,
BNK-0959,UTR00000959,919.24,2025-03-25,IN,RAZORPAY SOFTWARE PVT LTD,,
BNK-0960,UTR00000960,490.6,2025-03-25,IN,RAZORPAY SOFTWARE PVT LTD,,
BNK-0961,UTR00000961,1385.49,2025-03-25,IN,RAZORPAY SOFTWARE PVT LTD,,
BNK-0962,UTR00000962,7824.7,2025-03-27,IN,RAZORPAY SOFTWARE PVT LTD,,
BNK-0963,UTR00000963,202.29,2025-03-27,IN,RAZORPAY SOFTWARE PVT LTD,,
BNK-0964,UTR00000964,642.48,2025-03-27,IN,RAZORPAY SOFTWARE PVT LTD,,
BNK-0965,UTR00000965,1170.21,2025-03-27,IN,RAZORPAY SOFTWARE PVT LTD,,
BNK-0966,UTR00000966,6940.74,2025-03-26,IN,RAZORPAY SOFTWARE PVT LTD,,
BNK-0967,UTR00000967,1024.71,2025-03-26,IN,RAZORPAY SOFTWARE PVT LTD,,
BNK-0968,UTR00000968,7992.31,2025-03-27,IN,RAZORPAY SOFTWARE PVT LTD,,
BNK-0969,UTR00000969,297.58,2025-03-27,IN,RAZORPAY SOFTWARE PVT LTD,,
BNK-0970,UTR00000970,499.94,2025-03-27,IN,RAZORPAY SOFTWARE PVT LTD,,
BNK-0972,UTR00000972,1216.77,2025-03-27,IN,RAZORPAY SOFTWARE PVT LTD,,
BNK-0973,UTR00000973,736.36,2025-03-27,IN,RAZORPAY SOFTWARE PVT LTD,,
BNK-0974,UTR00000974,3401.24,2025-03-30,IN,RAZORPAY SOFTWARE PVT LTD,,
BNK-0975,UTR00000975,779.75,2025-03-26,IN,RAZORPAY SOFTWARE PVT LTD,,
BNK-0976,UTR00000976,2320.12,2025-03-27,IN,RAZORPAY SOFTWARE PVT LTD,,
BNK-0977,UTR00000977,2171.85,2025-03-27,IN,RAZORPAY SOFTWARE PVT LTD,,
BNK-0978,UTR00000978,1150.28,2025-03-28,IN,RAZORPAY SOFTWARE PVT LTD,,
BNK-0979,UTR00000979,299.32,2025-03-27,IN,RAZORPAY SOFTWARE PVT LTD,,
BNK-0980,UTR00000980,5013.61,2025-03-31,IN,RAZORPAY SOFTWARE PVT LTD,,
BNK-0981,UTR00000981,508.33,2025-03-27,IN,RAZORPAY SOFTWARE PVT LTD,,
BNK-0983,UTR00000983,437.33,2025-03-28,IN,RAZORPAY SOFTWARE PVT LTD,,
BNK-0984,UTR00000984,14474.64,2025-03-27,IN,RAZORPAY SOFTWARE PVT LTD,,
BNK-0985,UTR00000985,1406.45,2025-03-27,IN,RAZORPAY SOFTWARE PVT LTD,,
BNK-0986,UTR00000986,1496.79,2025-03-28,IN,RAZORPAY SOFTWARE PVT LTD,,
BNK-0988,UTR00000988,327.25,2025-03-29,IN,RAZORPAY SOFTWARE PVT LTD,,
BNK-0989,UTR00000989,540.05,2025-03-28,IN,RAZORPAY SOFTWARE PVT LTD,,
BNK-0990,UTR00000990,1337.2,2025-04-01,IN,RAZORPAY SOFTWARE PVT LTD,,
BNK-0991,UTR00000991,1329.8,2025-03-29,IN,RAZORPAY SOFTWARE PVT LTD,,
BNK-0992,UTR00000992,1757.67,2025-03-28,IN,RAZORPAY SOFTWARE PVT LTD,,
BNK-0994,UTR00000994,291.94,2025-03-31,IN,RAZORPAY SOFTWARE PVT LTD,,
BNK-0995,UTR00000995,1509.64,2025-03-29,IN,RAZORPAY SOFTWARE PVT LTD,,
BNK-0996,UTR00000996,1130.1,2025-03-28,IN,RAZORPAY SOFTWARE PVT LTD,,
BNK-0997,UTR00000997,292.3,2025-03-28,IN,RAZORPAY SOFTWARE PVT LTD,,
BNK-0998,UTR00000998,6282.96,2025-03-29,IN,RAZORPAY SOFTWARE PVT LTD,,
BNK-0999,UTR00000999,248.99,2025-03-29,IN,RAZORPAY SOFTWARE PVT LTD,,
BNK-1000,UTR00001000,465.75,2025-03-30,IN,RAZORPAY SOFTWARE PVT LTD,,
BNK-9001,UTR009001,9514.00,2025-04-05,CREDIT,RAZORPAY SOFTWARE PVT LTD,settlement order_hero_9001,BANK
