order_id,order_number,customer_id,net_amount,status,placed_at,gateway_order_id,source
ORD-1,#1001,CUS-0040,1230.45,PAID,,order_000001,
ORD-2,#1002,CUS-0236,1043.57,PAID,,order_000002,
ORD-3,#1003,CUS-0069,2730.41,PAID,,order_000003,
ORD-4,#1004,CUS-0157,614.19,PAID,,order_000004,
ORD-5,#1005,CUS-0125,299.0,PAID,,order_000005,
ORD-6,#1006,CUS-0071,1141.49,PAID,,order_000006,
ORD-7,#1007,CUS-0105,4944.97,PAID,,order_000007,
ORD-8,#1008,CUS-0126,428.95,PAID,,order_000008,
ORD-9,#1009,CUS-0079,648.52,PAID,,order_000009,
ORD-10,#1010,CUS-0191,674.79,PAID,,order_000010,
ORD-11,#1011,CUS-0060,302.13,PAID,,order_000011,
ORD-12,#1012,CUS-0177,1992.45,PAID,,order_000012,
ORD-13,#1013,CUS-0195,712.3,PAID,,order_000013,
ORD-14,#1014,CUS-0059,1511.29,PAID,,order_000014,
ORD-15,#1015,CUS-0223,522.09,PAID,,order_000015,
ORD-16,#1016,CUS-0248,1062.01,PAID,,order_000016,
ORD-17,#1017,CUS-0039,394.13,PAID,,order_000017,
ORD-18,#1018,CUS-0153,390.76,PAID,,order_000018,
ORD-19,#1019,CUS-0114,1922.78,PAID,,order_000019,
ORD-20,#1020,CUS-0243,1495.96,PAID,,order_000020,
ORD-21,#1021,CUS-0062,386.48,PAID,,order_000021,
ORD-22,#1022,CUS-0121,646.09,PAID,,order_000022,
ORD-23,#1023,CUS-0019,2138.65,PAID,,order_000023,
ORD-24,#1024,CUS-0109,20063.33,PAID,,order_000024,
ORD-25,#1025,CUS-0019,2913.59,PAID,,order_000025,
ORD-26,#1026,CUS-0113,609.38,PAID,,order_000026,
ORD-27,#1027,CUS-0139,918.18,PAID,,order_000027,
ORD-28,#1028,CUS-0024,4571.73,PAID,,order_000028,
ORD-29,#1029,CUS-0196,2630.34,PAID,,order_000029,
ORD-30,#1030,CUS-0235,590.71,PAID,,order_000030,
ORD-31,#1031,CUS-0121,767.46,PAID,,order_000031,
ORD-32,#1032,CUS-0106,3860.33,PAID,,order_000032,
ORD-33,#1033,CUS-0081,4557.52,PAID,,order_000033,
ORD-34,#1034,CUS-0001,1253.66,PAID,,order_000034,
ORD-35,#1035,CUS-0093,1094.66,PAID,,order_000035,
ORD-36,#1036,CUS-0069,4333.42,PAID,,order_000036,
ORD-37,#1037,CUS-0032,1423.49,PAID,,order_000037,
ORD-38,#1038,CUS-0142,4377.35,PAID,,order_000038,
ORD-39,#1039,CUS-0214,308.08,PAID,,order_000039,
ORD-40,#1040,CUS-0124,393.21,PAID,,order_000040,
ORD-41,#1041,CUS-0236,1838.76,PAID,,order_000041,
ORD-42,#1042,CUS-0198,299.0,PAID,,order_000042,
ORD-43,#1043,CUS-0211,456.96,PAID,,order_000043,
ORD-44,#1044,CUS-0126,912.64,PAID,,order_000044,
ORD-45,#1045,CUS-0196,976.98,PAID,,order_000045,
ORD-46,#1046,CUS-0179,299.0,PAID,,order_000046,
ORD-47,#1047,CUS-0191,3665.08,PAID,,order_000047,
ORD-48,#1048,CUS-0203,6119.47,PAID,,order_000048,
ORD-49,#1049,CUS-0129,785.78,PAID,,order_000049,
ORD-50,#1050,CUS-0026,831.75,PAID,,order_000050,
ORD-51,#1051,CUS-0168,357.66,PAID,,order_000051,
ORD-52,#1052,CUS-0021,801.73,PAID,,order_000052,
ORD-53,#1053,CUS-0195,1334.35,PAID,,order_000053,
ORD-54,#1054,CUS-0176,964.05,PAID,,order_000054,
ORD-55,#1055,CUS-0224,606.49,PAID,,order_000055,
ORD-56,#1056,CUS-0136,2075.36,PAID,,order_000056,
ORD-57,#1057,CUS-0223,333.64,PAID,,order_000057,
ORD-58,#1058,CUS-0066,4216.65,PAID,,order_000058,
ORD-59,#1059,CUS-0140,2067.73,PAID,,order_000059,
ORD-60,#1060,CUS-0099,349.93,PAID,,order_000060,
ORD-61,#1061,CUS-0076,1629.32,PAID,,order_000061,
ORD-62,#1062,CUS-0176,15444.46,PAID,,order_000062,
ORD-63,#1063,CUS-0199,1481.53,PAID,,order_000063,
ORD-64,#1064,CUS-0159,4977.65,PAID,,order_000064,
ORD-65,#1065,CUS-0025,1610.84,PAID,,order_000065,
ORD-66,#1066,CUS-0149,385.94,PAID,,order_000066,
ORD-67,#1067,CUS-0045,3204.83,PAID,,order_000067,
ORD-68,#1068,CUS-0070,299.0,PAID,,order_000068,
ORD-69,#1069,CUS-0207,3083.47,PAID,,order_000069,
ORD-70,#1070,CUS-0194,11560.59,PAID,,order_000070,
ORD-71,#1071,CUS-0248,1232.19,PAID,,order_000071,
ORD-72,#1072,CUS-0068,857.59,PAID,,order_000072,
ORD-73,#1073,CUS-0150,5330.08,PAID,,order_000073,
ORD-74,#1074,CUS-0057,1734.26,PAID,,order_000074,
ORD-75,#1075,CUS-0167,391.54,PAID,,order_000075,
ORD-76,#1076,CUS-0095,625.05,PAID,,order_000076,
ORD-77,#1077,CUS-0107,5255.18,PAID,,order_000077,
ORD-78,#1078,CUS-0072,439.63,PAID,,order_000078,
ORD-79,#1079,CUS-0093,299.0,PAID,,order_000079,
ORD-80,#1080,CUS-0016,2092.2,PAID,,order_000080,
ORD-81,#1081,CUS-0164,648.47,PAID,,order_000081,
ORD-82,#1082,CUS-0018,1392.9,PAID,,order_000082,
ORD-83,#1083,CUS-0060,3983.74,PAID,,order_000083,
ORD-84,#1084,CUS-0038,1575.92,PAID,,order_000084,
ORD-85,#1085,CUS-0222,329.02,PAID,,order_000085,
ORD-86,#1086,CUS-0005,344.46,PAID,,order_000086,
ORD-87,#1087,CUS-0017,3077.56,PAID,,order_000087,
ORD-88,#1088,CUS-0129,4378.31,PAID,,order_000088,
ORD-89,#1089,CUS-0247,3273.01,PAID,,order_000089,
ORD-90,#1090,CUS-0183,1355.41,PAID,,order_000090,
ORD-91,#1091,CUS-0163,2039.25,PAID,,order_000091,
ORD-92,#1092,CUS-0076,1358.15,PAID,,order_000092,
ORD-93,#1093,CUS-0219,5011.47,PAID,,order_000093,
ORD-94,#1094,CUS-0111,524.92,PAID,,order_000094,
ORD-95,#1095,CUS-0107,673.11,PAID,,order_000095,
ORD-96,#1096,CUS-0245,10810.38,PAID,,order_000096,
ORD-97,#1097,CUS-0151,1540.37,PAID,,order_000097,
ORD-98,#1098,CUS-0224,1453.94,PAID,,order_000098,
ORD-99,#1099,CUS-0055,630.22,PAID,,order_000099,
ORD-100,#1100,CUS-0095,2198.32,PAID,,order_000100,
ORD-101,#1101,CUS-0250,2159.58,PAID,,order_000101,
ORD-102,#1102,CUS-0156,2473.01,PAID,,order_000102,
ORD-103,#1103,CUS-0180,3544.27,PAID,,order_000103,
ORD-104,#1104,CUS-0037,893.19,PAID,,order_000104,
ORD-105,#1105,CUS-0008,454.23,PAID,,order_000105,
ORD-106,#1106,CUS-0095,3485.26,PAID,,order_000106,
ORD-107,#1107,CUS-0014,920.72,PAID,,order_000107,
ORD-108,#1108,CUS-0107,324.68,PAID,,order_000108,
ORD-109,#1109,CUS-0174,1179.94,PAID,,order_000109,
ORD-110,#1110,CUS-0154,698.94,PAID,,order_000110,
ORD-111,#1111,CUS-0066,428.61,PAID,,order_000111,
ORD-112,#1112,CUS-0129,1757.72,PAID,,order_000112,
ORD-113,#1113,CUS-0190,1016.83,PAID,,order_000113,
ORD-114,#1114,CUS-0110,2103.02,PAID,,order_000114,
ORD-115,#1115,CUS-0006,872.61,PAID,,order_000115,
ORD-116,#1116,CUS-0112,357.25,PAID,,order_000116,
ORD-117,#1117,CUS-0102,1942.76,PAID,,order_000117,
ORD-118,#1118,CUS-0020,299.0,PAID,,order_000118,
ORD-119,#1119,CUS-0090,2312.53,PAID,,order_000119,
ORD-120,#1120,CUS-0051,4288.54,PAID,,order_000120,
ORD-121,#1121,CUS-0198,947.88,PAID,,order_000121,
ORD-122,#1122,CUS-0175,1512.62,PAID,,order_000122,
ORD-123,#1123,CUS-0222,609.05,PAID,,order_000123,
ORD-124,#1124,CUS-0162,1418.24,PAID,,order_000124,
ORD-125,#1125,CUS-0119,5798.86,PAID,,order_000125,
ORD-126,#1126,CUS-0119,1289.58,PAID,,order_000126,
ORD-127,#1127,CUS-0129,686.49,PAID,,order_000127,
ORD-128,#1128,CUS-0183,502.2,PAID,,order_000128,
ORD-129,#1129,CUS-0113,1501.19,PAID,,order_000129,
ORD-130,#1130,CUS-0100,1545.53,PAID,,order_000130,
ORD-131,#1131,CUS-0086,1304.1,PAID,,order_000131,
ORD-132,#1132,CUS-0219,535.76,PAID,,order_000132,
ORD-133,#1133,CUS-0090,1980.4,PAID,,order_000133,
ORD-134,#1134,CUS-0241,378.73,PAID,,order_000134,
ORD-135,#1135,CUS-0172,2054.44,ABANDONED,,order_000135,
ORD-136,#1136,CUS-0080,325.03,PAID,,order_000136,
ORD-137,#1137,CUS-0036,312.57,PAID,,order_000137,
ORD-138,#1138,CUS-0097,2143.47,PAID,,order_000138,
ORD-139,#1139,CUS-0106,469.85,PAID,,order_000139,
ORD-140,#1140,CUS-0192,585.99,PAID,,order_000140,
ORD-141,#1141,CUS-0201,2858.22,PAID,,order_000141,
ORD-142,#1142,CUS-0113,582.38,PAID,,order_000142,
ORD-143,#1143,CUS-0248,2065.01,PAID,,order_000143,
ORD-144,#1144,CUS-0165,2415.57,PAID,,order_000144,
ORD-145,#1145,CUS-0022,355.6,PAID,,order_000145,
ORD-146,#1146,CUS-0057,853.27,PAID,,order_000146,
ORD-147,#1147,CUS-0099,872.37,PAID,,order_000147,
ORD-148,#1148,CUS-0215,777.15,PAID,,order_000148,
ORD-149,#1149,CUS-0235,1657.67,PAID,,order_000149,
ORD-150,#1150,CUS-0115,602.34,PAID,,order_000150,
ORD-151,#1151,CUS-0156,411.27,PAID,,order_000151,
ORD-152,#1152,CUS-0013,2916.75,PAID,,order_000152,
ORD-153,#1153,CUS-0232,1312.28,PAID,,order_000153,
ORD-154,#1154,CUS-0184,1286.51,PAID,,order_000154,
ORD-155,#1155,CUS-0135,299.0,PAID,,order_000155,
ORD-156,#1156,CUS-0130,757.98,PAID,,order_000156,
ORD-157,#1157,CUS-0096,834.64,PAID,,order_000157,
ORD-158,#1158,CUS-0169,6973.45,PAID,,order_000158,
ORD-159,#1159,CUS-0012,2181.25,PAID,,order_000159,
ORD-160,#1160,CUS-0119,1049.19,PAID,,order_000160,
ORD-161,#1161,CUS-0184,987.5,PAID,,order_000161,
ORD-162,#1162,CUS-0052,679.67,PAID,,order_000162,
ORD-163,#1163,CUS-0209,299.0,PAID,,order_000163,
ORD-164,#1164,CUS-0092,299.0,PAID,,order_000164,
ORD-165,#1165,CUS-0103,3505.32,PAID,,order_000165,
ORD-166,#1166,CUS-0128,338.42,PAID,,order_000166,
ORD-167,#1167,CUS-0022,299.0,PAID,,order_000167,
ORD-168,#1168,CUS-0140,457.56,PAID,,order_000168,
ORD-169,#1169,CUS-0177,1623.13,PAID,,order_000169,
ORD-170,#1170,CUS-0174,299.0,PAID,,order_000170,
ORD-171,#1171,CUS-0009,2427.91,PAID,,order_000171,
ORD-172,#1172,CUS-0146,415.7,PAID,,order_000172,
ORD-173,#1173,CUS-0136,1575.12,PAID,,order_000173,
ORD-174,#1174,CUS-0189,691.35,PAID,,order_000174,
ORD-175,#1175,CUS-0067,299.0,PAID,,order_000175,
ORD-176,#1176,CUS-0126,3508.4,PAID,,order_000176,
ORD-177,#1177,CUS-0114,2544.86,PAID,,order_000177,
ORD-178,#1178,CUS-0077,3660.55,PAID,,order_000178,
ORD-179,#1179,CUS-0032,2191.5,PAID,,order_000179,
ORD-180,#1180,CUS-0093,330.43,PAID,,order_000180,
ORD-181,#1181,CUS-0157,299.87,PAID,,order_000181,
ORD-182,#1182,CUS-0123,17112.73,PAID,,order_000182,
ORD-183,#1183,CUS-0249,829.96,PAID,,order_000183,
ORD-184,#1184,CUS-0225,1376.44,PAID,,order_000184,
ORD-185,#1185,CUS-0034,3796.31,PAID,,order_000185,
ORD-186,#1186,CUS-0042,1153.56,PAID,,order_000186,
ORD-187,#1187,CUS-0051,1221.4,PAID,,order_000187,
ORD-188,#1188,CUS-0137,299.0,PAID,,order_000188,
ORD-189,#1189,CUS-0155,2136.58,PAID,,order_000189,
ORD-190,#1190,CUS-0147,1383.45,PAID,,order_000190,
ORD-191,#1191,CUS-0063,1767.57,PAID,,order_000191,
ORD-192,#1192,CUS-0016,1061.49,PAID,,order_000192,
ORD-193,#1193,CUS-0081,692.17,PAID,,order_000193,
ORD-194,#1194,CUS-0132,597.27,PAID,,order_000194,
ORD-195,#1195,CUS-0064,595.53,PAID,,order_000195,
ORD-196,#1196,CUS-0064,565.93,PAID,,order_000196,
ORD-197,#1197,CUS-0120,5567.62,PAID,,order_000197,
ORD-198,#1198,CUS-0056,354.87,PAID,,order_000198,
ORD-199,#1199,CUS-0216,981.13,PAID,,order_000199,
ORD-200,#1200,CUS-0111,6238.53,PAID,,order_000200,
ORD-201,#1201,CUS-0103,321.17,PAID,,order_000201,
ORD-202,#1202,CUS-0130,1839.35,PAID,,order_000202,
ORD-203,#1203,CUS-0157,433.24,PAID,,order_000203,
ORD-204,#1204,CUS-0241,364.58,PAID,,order_000204,
ORD-205,#1205,CUS-0012,621.16,PAID,,order_000205,
ORD-206,#1206,CUS-0156,642.0,PAID,,order_000206,
ORD-207,#1207,CUS-0216,1129.96,PAID,,order_000207,
ORD-208,#1208,CUS-0145,531.72,PAID,,order_000208,
ORD-209,#1209,CUS-0150,6707.46,PAID,,order_000209,
ORD-210,#1210,CUS-0068,10718.16,PAID,,order_000210,
ORD-211,#1211,CUS-0185,299.0,PAID,,order_000211,
ORD-212,#1212,CUS-0216,371.15,PAID,,order_000212,
ORD-213,#1213,CUS-0049,857.35,PAID,,order_000213,
ORD-214,#1214,CUS-0129,1730.38,PAID,,order_000214,
ORD-215,#1215,CUS-0054,941.47,PAID,,order_000215,
ORD-216,#1216,CUS-0174,3356.8,PAID,,order_000216,
ORD-217,#1217,CUS-0157,3448.38,PAID,,order_000217,
ORD-218,#1218,CUS-0242,658.74,PAID,,order_000218,
ORD-219,#1219,CUS-0181,1012.62,PAID,,order_000219,
ORD-220,#1220,CUS-0185,1469.68,PAID,,order_000220,
ORD-221,#1221,CUS-0102,647.55,PAID,,order_000221,
ORD-222,#1222,CUS-0089,3344.39,PAID,,order_000222,
ORD-223,#1223,CUS-0212,299.0,PAID,,order_000223,
ORD-224,#1224,CUS-0063,577.63,PAID,,order_000224,
ORD-225,#1225,CUS-0085,4049.31,PAID,,order_000225,
ORD-226,#1226,CUS-0225,3340.9,PAID,,order_000226,
ORD-227,#1227,CUS-0074,1466.06,PAID,,order_000227,
ORD-228,#1228,CUS-0240,442.41,PAID,,order_000228,
ORD-229,#1229,CUS-0010,761.56,PAID,,order_000229,
ORD-230,#1230,CUS-0247,741.79,PAID,,order_000230,
ORD-231,#1231,CUS-0155,1283.29,PAID,,order_000231,
ORD-232,#1232,CUS-0218,299.0,PAID,,order_000232,
ORD-233,#1233,CUS-0188,642.77,PAID,,order_000233,
ORD-234,#1234,CUS-0203,1929.77,PAID,,order_000234,
ORD-235,#1235,CUS-0230,1133.66,PAID,,order_000235,
ORD-236,#1236,CUS-0048,584.19,ABANDONED,,order_000236,
ORD-237,#1237,CUS-0099,3549.94,PAID,,order_000237,
ORD-238,#1238,CUS-0003,1592.88,PAID,,order_000238,
ORD-239,#1239,CUS-0079,1148.66,PAID,,order_000239,
ORD-240,#1240,CUS-0080,809.84,PAID,,order_000240,
ORD-241,#1241,CUS-0123,4486.58,PAID,,order_000241,
ORD-242,#1242,CUS-0234,1345.14,PAID,,order_000242,
ORD-243,#1243,CUS-0064,2476.9,PAID,,order_000243,
ORD-244,#1244,CUS-0136,299.0,PAID,,order_000244,
ORD-245,#1245,CUS-0141,345.56,PAID,,order_000245,
ORD-246,#1246,CUS-0219,460.87,PAID,,order_000246,
ORD-247,#1247,CUS-0024,991.36,PAID,,order_000247,
ORD-248,#1248,CUS-0107,299.0,PAID,,order_000248,
ORD-249,#1249,CUS-0186,10358.33,PAID,,order_000249,
ORD-250,#1250,CUS-0012,540.51,PAID,,order_000250,
ORD-251,#1251,CUS-0187,299.0,PAID,,order_000251,
ORD-252,#1252,CUS-0097,2395.24,PAID,,order_000252,
ORD-253,#1253,CUS-0031,882.11,PAID,,order_000253,
ORD-254,#1254,CUS-0214,5475.94,PAID,,order_000254,
ORD-255,#1255,CUS-0109,2385.41,PAID,,order_000255,
ORD-256,#1256,CUS-0071,2327.23,PAID,,order_000256,
ORD-257,#1257,CUS-0228,299.0,PAID,,order_000257,
ORD-258,#1258,CUS-0173,874.05,PAID,,order_000258,
ORD-259,#1259,CUS-0222,1521.63,PAID,,order_000259,
ORD-260,#1260,CUS-0210,1174.2,PAID,,order_000260,
ORD-261,#1261,CUS-0143,1634.81,PAID,,order_000261,
ORD-262,#1262,CUS-0249,4647.07,PAID,,order_000262,
ORD-263,#1263,CUS-0107,444.49,PAID,,order_000263,
ORD-264,#1264,CUS-0218,333.63,PAID,,order_000264,
ORD-265,#1265,CUS-0106,1239.22,PAID,,order_000265,
ORD-266,#1266,CUS-0053,513.33,PAID,,order_000266,
ORD-267,#1267,CUS-0155,299.0,PAID,,order_000267,
ORD-268,#1268,CUS-0144,2983.39,PAID,,order_000268,
ORD-269,#1269,CUS-0004,340.7,PAID,,order_000269,
ORD-270,#1270,CUS-0235,2451.31,PAID,,order_000270,
ORD-271,#1271,CUS-0092,1151.69,PAID,,order_000271,
ORD-272,#1272,CUS-0185,739.28,PAID,,order_000272,
ORD-273,#1273,CUS-0057,1888.78,PAID,,order_000273,
ORD-274,#1274,CUS-0051,1299.5,PAID,,order_000274,
ORD-275,#1275,CUS-0242,299.0,PAID,,order_000275,
ORD-276,#1276,CUS-0165,844.74,PAID,,order_000276,
ORD-277,#1277,CUS-0036,853.89,PAID,,order_000277,
ORD-278,#1278,CUS-0165,1438.1,PAID,,order_000278,
ORD-279,#1279,CUS-0210,2473.51,PAID,,order_000279,
ORD-280,#1280,CUS-0060,605.11,PAID,,order_000280,
ORD-281,#1281,CUS-0158,1213.95,ABANDONED,,order_000281,
ORD-282,#1282,CUS-0185,5543.45,PAID,,order_000282,
ORD-283,#1283,CUS-0028,1165.54,PAID,,order_000283,
ORD-284,#1284,CUS-0065,549.02,PAID,,order_000284,
ORD-285,#1285,CUS-0104,299.0,PAID,,order_000285,
ORD-286,#1286,CUS-0212,7756.25,PAID,,order_000286,
ORD-287,#1287,CUS-0024,1216.39,ABANDONED,,order_000287,
ORD-288,#1288,CUS-0044,1625.21,PAID,,order_000288,
ORD-289,#1289,CUS-0250,2931.63,PAID,,order_000289,
ORD-290,#1290,CUS-0178,1050.25,PAID,,order_000290,
ORD-291,#1291,CUS-0237,1238.13,PAID,,order_000291,
ORD-292,#1292,CUS-0081,2071.21,PAID,,order_000292,
ORD-293,#1293,CUS-0102,480.04,PAID,,order_000293,
ORD-294,#1294,CUS-0218,318.24,PAID,,order_000294,
ORD-295,#1295,CUS-0177,1162.92,PAID,,order_000295,
ORD-296,#1296,CUS-0112,317.35,PAID,,order_000296,
ORD-297,#1297,CUS-0102,467.91,PAID,,order_000297,
ORD-298,#1298,CUS-0116,749.79,PAID,,order_000298,
ORD-299,#1299,CUS-0022,674.48,PAID,,order_000299,
ORD-300,#1300,CUS-0069,2013.69,PAID,,order_000300,
ORD-301,#1301,CUS-0093,4628.79,PAID,,order_000301,
ORD-302,#1302,CUS-0027,830.83,PAID,,order_000302,
ORD-303,#1303,CUS-0027,1401.6,PAID,,order_000303,
ORD-304,#1304,CUS-0222,544.58,PAID,,order_000304,
ORD-305,#1305,CUS-0144,420.72,PAID,,order_000305,
ORD-306,#1306,CUS-0078,299.0,PAID,,order_000306,
ORD-307,#1307,CUS-0124,2421.77,PAID,,order_000307,
ORD-308,#1308,CUS-0118,299.0,PAID,,order_000308,
ORD-309,#1309,CUS-0098,693.34,PAID,,order_000309,
ORD-310,#1310,CUS-0221,1402.65,PAID,,order_000310,
ORD-311,#1311,CUS-0178,419.1,PAID,,order_000311,
ORD-312,#1312,CUS-0189,1058.78,PAID,,order_000312,
ORD-313,#1313,CUS-0097,299.0,PAID,,order_000313,
ORD-314,#1314,CUS-0187,2146.21,PAID,,order_000314,
ORD-315,#1315,CUS-0178,1579.76,PAID,,order_000315,
ORD-316,#1316,CUS-0065,6913.31,PAID,,order_000316,
ORD-317,#1317,CUS-0154,765.8,PAID,,order_000317,
ORD-318,#1318,CUS-0178,2491.67,PAID,,order_000318,
ORD-319,#1319,CUS-0138,299.0,PAID,,order_000319,
ORD-320,#1320,CUS-0157,1873.43,PAID,,order_000320,
ORD-321,#1321,CUS-0248,299.0,PAID,,order_000321,
ORD-322,#1322,CUS-0177,936.97,PAID,,order_000322,
ORD-323,#1323,CUS-0151,1052.6,PAID,,order_000323,
ORD-324,#1324,CUS-0022,430.55,PAID,,order_000324,
ORD-325,#1325,CUS-0053,812.61,PAID,,order_000325,
ORD-326,#1326,CUS-0116,299.0,PAID,,order_000326,
ORD-327,#1327,CUS-0205,629.1,PAID,,order_000327,
ORD-328,#1328,CUS-0144,488.44,PAID,,order_000328,
ORD-329,#1329,CUS-0164,537.45,PAID,,order_000329,
ORD-330,#1330,CUS-0116,558.3,PAID,,order_000330,
ORD-331,#1331,CUS-0193,3884.01,PAID,,order_000331,
ORD-332,#1332,CUS-0138,594.21,PAID,,order_000332,
ORD-333,#1333,CUS-0126,2048.37,PAID,,order_000333,
ORD-334,#1334,CUS-0151,5594.98,PAID,,order_000334,
ORD-335,#1335,CUS-0181,6927.62,PAID,,order_000335,
ORD-336,#1336,CUS-0081,365.79,PAID,,order_000336,
ORD-337,#1337,CUS-0100,1389.38,PAID,,order_000337,
ORD-338,#1338,CUS-0138,1335.26,PAID,,order_000338,
ORD-339,#1339,CUS-0081,5445.47,PAID,,order_000339,
ORD-340,#1340,CUS-0125,5957.66,PAID,,order_000340,
ORD-341,#1341,CUS-0176,2172.63,PAID,,order_000341,
ORD-342,#1342,CUS-0145,656.29,PAID,,order_000342,
ORD-343,#1343,CUS-0044,1850.08,PAID,,order_000343,
ORD-344,#1344,CUS-0131,440.53,PAID,,order_000344,
ORD-345,#1345,CUS-0139,2095.91,PAID,,order_000345,
ORD-346,#1346,CUS-0116,2108.51,PAID,,order_000346,
ORD-347,#1347,CUS-0151,5835.83,PAID,,order_000347,
ORD-348,#1348,CUS-0158,1440.78,PAID,,order_000348,
ORD-349,#1349,CUS-0044,458.9,PAID,,order_000349,
ORD-350,#1350,CUS-0132,1571.88,PAID,,order_000350,
ORD-351,#1351,CUS-0202,299.0,PAID,,order_000351,
ORD-352,#1352,CUS-0195,878.09,PAID,,order_000352,
ORD-353,#1353,CUS-0161,2475.4,PAID,,order_000353,
ORD-354,#1354,CUS-0178,6978.56,PAID,,order_000354,
ORD-355,#1355,CUS-0118,11777.28,PAID,,order_000355,
ORD-356,#1356,CUS-0102,3502.12,PAID,,order_000356,
ORD-357,#1357,CUS-0073,4424.56,ABANDONED,,order_000357,
ORD-358,#1358,CUS-0238,1626.85,PAID,,order_000358,
ORD-359,#1359,CUS-0041,836.38,PAID,,order_000359,
ORD-360,#1360,CUS-0167,2511.83,PAID,,order_000360,
ORD-361,#1361,CUS-0110,1048.27,PAID,,order_000361,
ORD-362,#1362,CUS-0175,7551.59,PAID,,order_000362,
ORD-363,#1363,CUS-0109,1044.16,PAID,,order_000363,
ORD-364,#1364,CUS-0207,782.6,PAID,,order_000364,
ORD-365,#1365,CUS-0209,299.0,ABANDONED,,order_000365,
ORD-366,#1366,CUS-0167,3230.4,PAID,,order_000366,
ORD-367,#1367,CUS-0106,963.41,PAID,,order_000367,
ORD-368,#1368,CUS-0036,1429.4,PAID,,order_000368,
ORD-369,#1369,CUS-0081,306.33,PAID,,order_000369,
ORD-370,#1370,CUS-0154,2643.62,PAID,,order_000370,
ORD-371,#1371,CUS-0218,2578.83,PAID,,order_000371,
ORD-372,#1372,CUS-0049,745.1,PAID,,order_000372,
ORD-373,#1373,CUS-0245,299.0,PAID,,order_000373,
ORD-374,#1374,CUS-0136,299.0,PAID,,order_000374,
ORD-375,#1375,CUS-0100,1335.64,PAID,,order_000375,
ORD-376,#1376,CUS-0196,1290.31,PAID,,order_000376,
ORD-377,#1377,CUS-0237,1135.84,PAID,,order_000377,
ORD-378,#1378,CUS-0107,299.0,PAID,,order_000378,
ORD-379,#1379,CUS-0072,1128.47,PAID,,order_000379,
ORD-380,#1380,CUS-0138,4745.54,PAID,,order_000380,
ORD-381,#1381,CUS-0017,16334.57,PAID,,order_000381,
ORD-382,#1382,CUS-0023,299.0,PAID,,order_000382,
ORD-383,#1383,CUS-0171,1799.68,PAID,,order_000383,
ORD-384,#1384,CUS-0180,6086.44,PAID,,order_000384,
ORD-385,#1385,CUS-0185,2351.78,PAID,,order_000385,
ORD-386,#1386,CUS-0183,1735.42,PAID,,order_000386,
ORD-387,#1387,CUS-0015,1330.9,PAID,,order_000387,
ORD-388,#1388,CUS-0027,1568.07,PAID,,order_000388,
ORD-389,#1389,CUS-0001,460.34,PAID,,order_000389,
ORD-390,#1390,CUS-0039,3326.47,PAID,,order_000390,
ORD-391,#1391,CUS-0108,641.48,PAID,,order_000391,
ORD-392,#1392,CUS-0020,299.0,PAID,,order_000392,
ORD-393,#1393,CUS-0058,299.0,PAID,,order_000393,
ORD-394,#1394,CUS-0217,1211.32,PAID,,order_000394,
ORD-395,#1395,CUS-0145,1944.64,PAID,,order_000395,
ORD-396,#1396,CUS-0249,2025.15,PAID,,order_000396,
ORD-397,#1397,CUS-0195,2445.23,ABANDONED,,order_000397,
ORD-398,#1398,CUS-0086,469.73,PAID,,order_000398,
ORD-399,#1399,CUS-0053,434.67,PAID,,order_000399,
ORD-400,#1400,CUS-0037,4881.59,PAID,,order_000400,
ORD-401,#1401,CUS-0096,3191.4,PAID,,order_000401,
ORD-402,#1402,CUS-0164,299.0,PAID,,order_000402,
ORD-403,#1403,CUS-0247,586.72,PAID,,order_000403,
ORD-404,#1404,CUS-0180,620.89,PAID,,order_000404,
ORD-405,#1405,CUS-0242,963.56,PAID,,order_000405,
ORD-406,#1406,CUS-0092,513.73,PAID,,order_000406,
ORD-407,#1407,CUS-0031,333.21,PAID,,order_000407,
ORD-408,#1408,CUS-0056,781.91,PAID,,order_000408,
ORD-409,#1409,CUS-0092,1693.35,PAID,,order_000409,
ORD-410,#1410,CUS-0008,4635.64,PAID,,order_000410,
ORD-411,#1411,CUS-0025,2078.57,ABANDONED,,order_000411,
ORD-412,#1412,CUS-0213,589.47,PAID,,order_000412,
ORD-413,#1413,CUS-0176,2052.98,PAID,,order_000413,
ORD-414,#1414,CUS-0209,299.0,PAID,,order_000414,
ORD-415,#1415,CUS-0024,2672.04,PAID,,order_000415,
ORD-416,#1416,CUS-0119,710.62,PAID,,order_000416,
ORD-417,#1417,CUS-0098,519.33,PAID,,order_000417,
ORD-418,#1418,CUS-0072,574.46,PAID,,order_000418,
ORD-419,#1419,CUS-0141,330.1,PAID,,order_000419,
ORD-420,#1420,CUS-0165,1247.62,PAID,,order_000420,
ORD-421,#1421,CUS-0204,2429.47,PAID,,order_000421,
ORD-422,#1422,CUS-0125,1107.78,PAID,,order_000422,
ORD-423,#1423,CUS-0082,299.0,PAID,,order_000423,
ORD-424,#1424,CUS-0092,299.0,PAID,,order_000424,
ORD-425,#1425,CUS-0209,6719.99,PAID,,order_000425,
ORD-426,#1426,CUS-0148,2523.35,PAID,,order_000426,
ORD-427,#1427,CUS-0217,2599.43,PAID,,order_000427,
ORD-428,#1428,CUS-0234,1935.93,PAID,,order_000428,
ORD-429,#1429,CUS-0037,4259.34,PAID,,order_000429,
ORD-430,#1430,CUS-0126,593.8,PAID,,order_000430,
ORD-431,#1431,CUS-0001,592.65,PAID,,order_000431,
ORD-432,#1432,CUS-0236,299.0,PAID,,order_000432,
ORD-433,#1433,CUS-0029,892.36,PAID,,order_000433,
ORD-434,#1434,CUS-0035,2312.99,PAID,,order_000434,
ORD-435,#1435,CUS-0125,2140.08,PAID,,order_000435,
ORD-436,#1436,CUS-0045,1623.21,PAID,,order_000436,
ORD-437,#1437,CUS-0243,2649.57,PAID,,order_000437,
ORD-438,#1438,CUS-0146,299.0,PAID,,order_000438,
ORD-439,#1439,CUS-0164,1964.58,PAID,,order_000439,
ORD-440,#1440,CUS-0043,3409.74,PAID,,order_000440,
ORD-441,#1441,CUS-0003,1879.57,PAID,,order_000441,
ORD-442,#1442,CUS-0185,908.06,PAID,,order_000442,
ORD-443,#1443,CUS-0106,679.81,PAID,,order_000443,
ORD-444,#1444,CUS-0123,1967.76,PAID,,order_000444,
ORD-445,#1445,CUS-0116,639.58,PAID,,order_000445,
ORD-446,#1446,CUS-0019,769.63,PAID,,order_000446,
ORD-447,#1447,CUS-0112,762.48,PAID,,order_000447,
ORD-448,#1448,CUS-0139,734.66,PAID,,order_000448,
ORD-449,#1449,CUS-0141,414.39,PAID,,order_000449,
ORD-450,#1450,CUS-0076,1697.07,PAID,,order_000450,
ORD-451,#1451,CUS-0053,5627.57,PAID,,order_000451,
ORD-452,#1452,CUS-0201,2895.23,PAID,,order_000452,
ORD-453,#1453,CUS-0100,719.53,PAID,,order_000453,
ORD-454,#1454,CUS-0120,1260.67,PAID,,order_000454,
ORD-455,#1455,CUS-0025,2836.59,PAID,,order_000455,
ORD-456,#1456,CUS-0059,802.33,PAID,,order_000456,
ORD-457,#1457,CUS-0122,557.75,PAID,,order_000457,
ORD-458,#1458,CUS-0219,1142.64,PAID,,order_000458,
ORD-459,#1459,CUS-0174,299.0,PAID,,order_000459,
ORD-460,#1460,CUS-0055,342.17,PAID,,order_000460,
ORD-461,#1461,CUS-0112,299.0,PAID,,order_000461,
ORD-462,#1462,CUS-0187,307.49,PAID,,order_000462,
ORD-463,#1463,CUS-0084,1687.8,ABANDONED,,order_000463,
ORD-464,#1464,CUS-0180,1179.78,PAID,,order_000464,
ORD-465,#1465,CUS-0038,11536.67,PAID,,order_000465,
ORD-466,#1466,CUS-0226,321.29,PAID,,order_000466,
ORD-467,#1467,CUS-0122,695.93,PAID,,order_000467,
ORD-468,#1468,CUS-0103,1578.19,PAID,,order_000468,
ORD-469,#1469,CUS-0069,671.9,PAID,,order_000469,
ORD-470,#1470,CUS-0179,299.0,PAID,,order_000470,
ORD-471,#1471,CUS-0083,1353.85,PAID,,order_000471,
ORD-472,#1472,CUS-0234,6685.2,PAID,,order_000472,
ORD-473,#1473,CUS-0211,497.77,PAID,,order_000473,
ORD-474,#1474,CUS-0146,2562.15,PAID,,order_000474,
ORD-475,#1475,CUS-0009,299.0,PAID,,order_000475,
ORD-476,#1476,CUS-0163,1691.84,PAID,,order_000476,
ORD-477,#1477,CUS-0115,1399.32,PAID,,order_000477,
ORD-478,#1478,CUS-0229,2089.38,PAID,,order_000478,
ORD-479,#1479,CUS-0058,543.84,PAID,,order_000479,
ORD-480,#1480,CUS-0200,2053.15,PAID,,order_000480,
ORD-481,#1481,CUS-0045,2426.76,PAID,,order_000481,
ORD-482,#1482,CUS-0165,3546.43,PAID,,order_000482,
ORD-483,#1483,CUS-0078,2898.95,PAID,,order_000483,
ORD-484,#1484,CUS-0131,1444.59,PAID,,order_000484,
ORD-485,#1485,CUS-0176,731.77,PAID,,order_000485,
ORD-486,#1486,CUS-0071,343.82,PAID,,order_000486,
ORD-487,#1487,CUS-0015,4293.26,PAID,,order_000487,
ORD-488,#1488,CUS-0175,522.05,PAID,,order_000488,
ORD-489,#1489,CUS-0010,410.54,PAID,,order_000489,
ORD-490,#1490,CUS-0164,1197.87,PAID,,order_000490,
ORD-491,#1491,CUS-0225,545.21,PAID,,order_000491,
ORD-492,#1492,CUS-0186,1964.1,PAID,,order_000492,
ORD-493,#1493,CUS-0086,577.61,PAID,,order_000493,
ORD-494,#1494,CUS-0108,729.35,PAID,,order_000494,
ORD-495,#1495,CUS-0218,5366.6,PAID,,order_000495,
ORD-496,#1496,CUS-0019,588.72,PAID,,order_000496,
ORD-497,#1497,CUS-0136,2415.55,PAID,,order_000497,
ORD-498,#1498,CUS-0088,769.91,PAID,,order_000498,
ORD-499,#1499,CUS-0054,1016.03,PAID,,order_000499,
ORD-500,#1500,CUS-0158,884.16,PAID,,order_000500,
ORD-501,#1501,CUS-0096,1164.43,ABANDONED,,order_000501,
ORD-502,#1502,CUS-0188,2951.92,PAID,,order_000502,
ORD-503,#1503,CUS-0129,658.85,PAID,,order_000503,
ORD-504,#1504,CUS-0153,751.13,PAID,,order_000504,
ORD-505,#1505,CUS-0231,1886.64,PAID,,order_000505,
ORD-506,#1506,CUS-0208,1110.52,PAID,,order_000506,
ORD-507,#1507,CUS-0203,427.34,PAID,,order_000507,
ORD-508,#1508,CUS-0013,1458.64,PAID,,order_000508,
ORD-509,#1509,CUS-0107,1293.5,PAID,,order_000509,
ORD-510,#1510,CUS-0178,299.0,PAID,,order_000510,
ORD-511,#1511,CUS-0134,2049.19,PAID,,order_000511,
ORD-512,#1512,CUS-0131,453.96,PAID,,order_000512,
ORD-513,#1513,CUS-0068,4147.95,PAID,,order_000513,
ORD-514,#1514,CUS-0042,1051.07,ABANDONED,,order_000514,
ORD-515,#1515,CUS-0023,6819.37,PAID,,order_000515,
ORD-516,#1516,CUS-0024,8545.2,PAID,,order_000516,
ORD-517,#1517,CUS-0076,459.25,PAID,,order_000517,
ORD-518,#1518,CUS-0075,302.7,PAID,,order_000518,
ORD-519,#1519,CUS-0195,1632.75,PAID,,order_000519,
ORD-520,#1520,CUS-0245,2202.57,PAID,,order_000520,
ORD-521,#1521,CUS-0247,7732.12,PAID,,order_000521,
ORD-522,#1522,CUS-0108,2010.35,PAID,,order_000522,
ORD-523,#1523,CUS-0016,2197.6,PAID,,order_000523,
ORD-524,#1524,CUS-0124,1628.72,PAID,,order_000524,
ORD-525,#1525,CUS-0092,1036.41,PAID,,order_000525,
ORD-526,#1526,CUS-0113,4444.07,PAID,,order_000526,
ORD-527,#1527,CUS-0186,597.23,PAID,,order_000527,
ORD-528,#1528,CUS-0025,550.51,PAID,,order_000528,
ORD-529,#1529,CUS-0099,6819.39,ABANDONED,,order_000529,
ORD-530,#1530,CUS-0240,299.0,PAID,,order_000530,
ORD-531,#1531,CUS-0249,299.0,PAID,,order_000531,
ORD-532,#1532,CUS-0061,2940.48,PAID,,order_000532,
ORD-533,#1533,CUS-0115,918.43,PAID,,order_000533,
ORD-534,#1534,CUS-0212,5478.8,PAID,,order_000534,
ORD-535,#1535,CUS-0117,847.91,PAID,,order_000535,
ORD-536,#1536,CUS-0117,2076.61,PAID,,order_000536,
ORD-537,#1537,CUS-0116,513.93,PAID,,order_000537,
ORD-538,#1538,CUS-0247,1261.77,PAID,,order_000538,
ORD-539,#1539,CUS-0230,10451.87,PAID,,order_000539,
ORD-540,#1540,CUS-0066,771.04,PAID,,order_000540,
ORD-541,#1541,CUS-0184,1566.69,PAID,,order_000541,
ORD-542,#1542,CUS-0118,1095.07,PAID,,order_000542,
ORD-543,#1543,CUS-0240,1033.32,PAID,,order_000543,
ORD-544,#1544,CUS-0046,299.0,PAID,,order_000544,
ORD-545,#1545,CUS-0083,5177.03,PAID,,order_000545,
ORD-546,#1546,CUS-0106,4584.07,PAID,,order_000546,
ORD-547,#1547,CUS-0141,1483.15,PAID,,order_000547,
ORD-548,#1548,CUS-0075,309.37,PAID,,order_000548,
ORD-549,#1549,CUS-0182,1439.38,PAID,,order_000549,
ORD-550,#1550,CUS-0182,5040.3,PAID,,order_000550,
ORD-551,#1551,CUS-0109,1147.19,PAID,,order_000551,
ORD-552,#1552,CUS-0172,1882.14,PAID,,order_000552,
ORD-553,#1553,CUS-0065,1790.3,PAID,,order_000553,
ORD-554,#1554,CUS-0009,2976.03,PAID,,order_000554,
ORD-555,#1555,CUS-0201,3475.86,PAID,,order_000555,
ORD-556,#1556,CUS-0098,517.8,ABANDONED,,order_000556,
ORD-557,#1557,CUS-0065,3131.07,PAID,,order_000557,
ORD-558,#1558,CUS-0140,299.0,PAID,,order_000558,
ORD-559,#1559,CUS-0115,1779.18,PAID,,order_000559,
ORD-560,#1560,CUS-0072,299.0,PAID,,order_000560,
ORD-561,#1561,CUS-0085,7467.78,PAID,,order_000561,
ORD-562,#1562,CUS-0161,1949.79,PAID,,order_000562,
ORD-563,#1563,CUS-0092,722.31,PAID,,order_000563,
ORD-564,#1564,CUS-0018,299.0,PAID,,order_000564,
ORD-565,#1565,CUS-0090,1707.68,PAID,,order_000565,
ORD-566,#1566,CUS-0244,394.76,PAID,,order_000566,
ORD-567,#1567,CUS-0160,1785.24,PAID,,order_000567,
ORD-568,#1568,CUS-0242,1216.98,PAID,,order_000568,
ORD-569,#1569,CUS-0211,1159.25,PAID,,order_000569,
ORD-570,#1570,CUS-0076,352.0,PAID,,order_000570,
ORD-571,#1571,CUS-0043,3158.24,PAID,,order_000571,
ORD-572,#1572,CUS-0054,944.55,PAID,,order_000572,
ORD-573,#1573,CUS-0180,2375.42,PAID,,order_000573,
ORD-574,#1574,CUS-0019,347.14,PAID,,order_000574,
ORD-575,#1575,CUS-0023,3649.41,PAID,,order_000575,
ORD-576,#1576,CUS-0059,812.35,PAID,,order_000576,
ORD-577,#1577,CUS-0081,1680.18,PAID,,order_000577,
ORD-578,#1578,CUS-0012,743.49,PAID,,order_000578,
ORD-579,#1579,CUS-0113,299.0,PAID,,order_000579,
ORD-580,#1580,CUS-0218,7835.03,PAID,,order_000580,
ORD-581,#1581,CUS-0244,1365.46,PAID,,order_000581,
ORD-582,#1582,CUS-0022,5377.03,PAID,,order_000582,
ORD-583,#1583,CUS-0232,1130.05,PAID,,order_000583,
ORD-584,#1584,CUS-0214,942.12,PAID,,order_000584,
ORD-585,#1585,CUS-0018,2429.58,PAID,,order_000585,
ORD-586,#1586,CUS-0033,563.49,PAID,,order_000586,
ORD-587,#1587,CUS-0050,443.72,PAID,,order_000587,
ORD-588,#1588,CUS-0040,769.73,PAID,,order_000588,
ORD-589,#1589,CUS-0002,3188.51,PAID,,order_000589,
ORD-590,#1590,CUS-0093,613.78,PAID,,order_000590,
ORD-591,#1591,CUS-0199,299.0,PAID,,order_000591,
ORD-592,#1592,CUS-0072,299.0,PAID,,order_000592,
ORD-593,#1593,CUS-0227,6078.46,PAID,,order_000593,
ORD-594,#1594,CUS-0149,1352.31,PAID,,order_000594,
ORD-595,#1595,CUS-0101,1989.44,PAID,,order_000595,
ORD-596,#1596,CUS-0131,1112.8,PAID,,order_000596,
ORD-597,#1597,CUS-0207,4312.93,PAID,,order_000597,
ORD-598,#1598,CUS-0041,2504.5,PAID,,order_000598,
ORD-599,#1599,CUS-0057,570.34,PAID,,order_000599,
ORD-600,#1600,CUS-0172,299.0,PAID,,order_000600,
ORD-601,#1601,CUS-0011,377.44,PAID,,order_000601,
ORD-602,#1602,CUS-0213,431.55,PAID,,order_000602,
ORD-603,#1603,CUS-0168,5894.72,PAID,,order_000603,
ORD-604,#1604,CUS-0097,474.84,PAID,,order_000604,
ORD-605,#1605,CUS-0089,1013.99,PAID,,order_000605,
ORD-606,#1606,CUS-0036,580.55,PAID,,order_000606,
ORD-607,#1607,CUS-0184,1805.91,PAID,,order_000607,
ORD-608,#1608,CUS-0030,1048.08,PAID,,order_000608,
ORD-609,#1609,CUS-0214,299.0,PAID,,order_000609,
ORD-610,#1610,CUS-0162,2510.39,PAID,,order_000610,
ORD-611,#1611,CUS-0237,1657.69,ABANDONED,,order_000611,
ORD-612,#1612,CUS-0185,300.56,PAID,,order_000612,
ORD-613,#1613,CUS-0124,2663.68,PAID,,order_000613,
ORD-614,#1614,CUS-0047,1126.03,PAID,,order_000614,
ORD-615,#1615,CUS-0237,1359.61,PAID,,order_000615,
ORD-616,#1616,CUS-0028,4064.02,PAID,,order_000616,
ORD-617,#1617,CUS-0039,4787.74,PAID,,order_000617,
ORD-618,#1618,CUS-0193,20585.67,PAID,,order_000618,
ORD-619,#1619,CUS-0001,4512.52,PAID,,order_000619,
ORD-620,#1620,CUS-0095,2051.88,PAID,,order_000620,
ORD-621,#1621,CUS-0124,653.6,PAID,,order_000621,
ORD-622,#1622,CUS-0195,1396.51,PAID,,order_000622,
ORD-623,#1623,CUS-0197,897.99,PAID,,order_000623,
ORD-624,#1624,CUS-0203,2682.91,PAID,,order_000624,
ORD-625,#1625,CUS-0093,1585.86,PAID,,order_000625,
ORD-626,#1626,CUS-0109,872.27,PAID,,order_000626,
ORD-627,#1627,CUS-0143,650.54,PAID,,order_000627,
ORD-628,#1628,CUS-0079,2499.1,PAID,,order_000628,
ORD-629,#1629,CUS-0222,2464.36,PAID,,order_000629,
ORD-630,#1630,CUS-0042,839.09,PAID,,order_000630,
ORD-631,#1631,CUS-0179,299.0,PAID,,order_000631,
ORD-632,#1632,CUS-0206,968.17,PAID,,order_000632,
ORD-633,#1633,CUS-0068,2243.78,PAID,,order_000633,
ORD-634,#1634,CUS-0103,1254.22,PAID,,order_000634,
ORD-635,#1635,CUS-0243,345.93,ABANDONED,,order_000635,
ORD-636,#1636,CUS-0218,2367.97,PAID,,order_000636,
ORD-637,#1637,CUS-0154,2785.03,PAID,,order_000637,
ORD-638,#1638,CUS-0093,561.73,PAID,,order_000638,
ORD-639,#1639,CUS-0104,1242.09,PAID,,order_000639,
ORD-640,#1640,CUS-0024,2771.07,PAID,,order_000640,
ORD-641,#1641,CUS-0089,395.58,PAID,,order_000641,
ORD-642,#1642,CUS-0239,532.32,PAID,,order_000642,
ORD-643,#1643,CUS-0019,793.61,PAID,,order_000643,
ORD-644,#1644,CUS-0066,4146.28,PAID,,order_000644,
ORD-645,#1645,CUS-0248,8169.61,PAID,,order_000645,
ORD-646,#1646,CUS-0118,1052.9,PAID,,order_000646,
ORD-647,#1647,CUS-0202,1663.85,PAID,,order_000647,
ORD-648,#1648,CUS-0245,667.21,PAID,,order_000648,
ORD-649,#1649,CUS-0211,4854.24,PAID,,order_000649,
ORD-650,#1650,CUS-0229,299.0,PAID,,order_000650,
ORD-651,#1651,CUS-0049,299.0,PAID,,order_000651,
ORD-652,#1652,CUS-0053,2818.2,PAID,,order_000652,
ORD-653,#1653,CUS-0031,2818.57,PAID,,order_000653,
ORD-654,#1654,CUS-0196,783.8,PAID,,order_000654,
ORD-655,#1655,CUS-0226,4054.59,PAID,,order_000655,
ORD-656,#1656,CUS-0235,526.77,PAID,,order_000656,
ORD-657,#1657,CUS-0135,1010.33,PAID,,order_000657,
ORD-658,#1658,CUS-0101,2748.08,PAID,,order_000658,
ORD-659,#1659,CUS-0133,317.21,PAID,,order_000659,
ORD-660,#1660,CUS-0157,512.14,PAID,,order_000660,
ORD-661,#1661,CUS-0246,679.41,PAID,,order_000661,
ORD-662,#1662,CUS-0180,733.34,PAID,,order_000662,
ORD-663,#1663,CUS-0147,6676.4,PAID,,order_000663,
ORD-664,#1664,CUS-0206,2444.05,PAID,,order_000664,
ORD-665,#1665,CUS-0190,343.42,PAID,,order_000665,
ORD-666,#1666,CUS-0218,1202.94,PAID,,order_000666,
ORD-667,#1667,CUS-0065,1347.73,PAID,,order_000667,
ORD-668,#1668,CUS-0016,981.31,PAID,,order_000668,
ORD-669,#1669,CUS-0086,5421.23,PAID,,order_000669,
ORD-670,#1670,CUS-0006,306.26,PAID,,order_000670,
ORD-671,#1671,CUS-0045,619.06,PAID,,order_000671,
ORD-672,#1672,CUS-0199,3418.77,PAID,,order_000672,
ORD-673,#1673,CUS-0162,6965.08,PAID,,order_000673,
ORD-674,#1674,CUS-0108,2583.97,PAID,,order_000674,
ORD-675,#1675,CUS-0042,690.62,PAID,,order_000675,
ORD-676,#1676,CUS-0166,2793.82,PAID,,order_000676,
ORD-677,#1677,CUS-0043,455.14,PAID,,order_000677,
ORD-678,#1678,CUS-0191,4982.41,PAID,,order_000678,
ORD-679,#1679,CUS-0102,1387.68,PAID,,order_000679,
ORD-680,#1680,CUS-0100,2372.38,PAID,,order_000680,
ORD-681,#1681,CUS-0135,2878.52,PAID,,order_000681,
ORD-682,#1682,CUS-0250,6236.33,PAID,,order_000682,
ORD-683,#1683,CUS-0243,299.0,PAID,,order_000683,
ORD-684,#1684,CUS-0163,794.66,PAID,,order_000684,
ORD-685,#1685,CUS-0233,641.1,PAID,,order_000685,
ORD-686,#1686,CUS-0106,1885.13,PAID,,order_000686,
ORD-687,#1687,CUS-0137,5128.99,ABANDONED,,order_000687,
ORD-688,#1688,CUS-0111,2598.88,PAID,,order_000688,
ORD-689,#1689,CUS-0049,945.8,PAID,,order_000689,
ORD-690,#1690,CUS-0166,636.81,PAID,,order_000690,
ORD-691,#1691,CUS-0133,1751.14,PAID,,order_000691,
ORD-692,#1692,CUS-0208,2396.7,PAID,,order_000692,
ORD-693,#1693,CUS-0164,828.0,PAID,,order_000693,
ORD-694,#1694,CUS-0083,3598.36,PAID,,order_000694,
ORD-695,#1695,CUS-0113,624.15,PAID,,order_000695,
ORD-696,#1696,CUS-0088,2408.73,PAID,,order_000696,
ORD-697,#1697,CUS-0244,1877.64,PAID,,order_000697,
ORD-698,#1698,CUS-0050,531.19,ABANDONED,,order_000698,
ORD-699,#1699,CUS-0250,299.0,PAID,,order_000699,
ORD-700,#1700,CUS-0189,299.0,PAID,,order_000700,
ORD-701,#1701,CUS-0171,943.32,PAID,,order_000701,
ORD-702,#1702,CUS-0083,1156.96,PAID,,order_000702,
ORD-703,#1703,CUS-0051,2541.5,PAID,,order_000703,
ORD-704,#1704,CUS-0163,480.75,PAID,,order_000704,
ORD-705,#1705,CUS-0203,1763.97,PAID,,order_000705,
ORD-706,#1706,CUS-0040,444.95,PAID,,order_000706,
ORD-707,#1707,CUS-0087,6261.2,PAID,,order_000707,
ORD-708,#1708,CUS-0060,9315.64,PAID,,order_000708,
ORD-709,#1709,CUS-0113,299.0,PAID,,order_000709,
ORD-710,#1710,CUS-0065,1049.43,PAID,,order_000710,
ORD-711,#1711,CUS-0179,1431.29,PAID,,order_000711,
ORD-712,#1712,CUS-0120,5878.15,PAID,,order_000712,
ORD-713,#1713,CUS-0040,1261.87,PAID,,order_000713,
ORD-714,#1714,CUS-0130,6748.01,PAID,,order_000714,
ORD-715,#1715,CUS-0159,2236.05,PAID,,order_000715,
ORD-716,#1716,CUS-0197,1485.72,PAID,,order_000716,
ORD-717,#1717,CUS-0029,387.72,PAID,,order_000717,
ORD-718,#1718,CUS-0147,742.24,PAID,,order_000718,
ORD-719,#1719,CUS-0152,299.0,ABANDONED,,order_000719,
ORD-720,#1720,CUS-0236,937.98,PAID,,order_000720,
ORD-721,#1721,CUS-0191,865.33,PAID,,order_000721,
ORD-722,#1722,CUS-0211,1339.18,PAID,,order_000722,
ORD-723,#1723,CUS-0020,2615.24,PAID,,order_000723,
ORD-724,#1724,CUS-0135,12160.0,PAID,,order_000724,
ORD-725,#1725,CUS-0143,3414.68,PAID,,order_000725,
ORD-726,#1726,CUS-0180,2516.71,PAID,,order_000726,
ORD-727,#1727,CUS-0103,2022.05,PAID,,order_000727,
ORD-728,#1728,CUS-0239,3165.68,PAID,,order_000728,
ORD-729,#1729,CUS-0212,1720.02,PAID,,order_000729,
ORD-730,#1730,CUS-0197,2189.55,PAID,,order_000730,
ORD-731,#1731,CUS-0246,340.9,ABANDONED,,order_000731,
ORD-732,#1732,CUS-0035,660.44,PAID,,order_000732,
ORD-733,#1733,CUS-0220,1153.27,PAID,,order_000733,
ORD-734,#1734,CUS-0025,473.56,PAID,,order_000734,
ORD-735,#1735,CUS-0064,323.21,PAID,,order_000735,
ORD-736,#1736,CUS-0188,2081.76,PAID,,order_000736,
ORD-737,#1737,CUS-0177,2078.25,PAID,,order_000737,
ORD-738,#1738,CUS-0010,1276.88,PAID,,order_000738,
ORD-739,#1739,CUS-0198,352.61,PAID,,order_000739,
ORD-740,#1740,CUS-0059,2119.14,PAID,,order_000740,
ORD-741,#1741,CUS-0135,1308.67,PAID,,order_000741,
ORD-742,#1742,CUS-0040,3214.21,PAID,,order_000742,
ORD-743,#1743,CUS-0111,423.24,PAID,,order_000743,
ORD-744,#1744,CUS-0191,540.22,PAID,,order_000744,
ORD-745,#1745,CUS-0179,1053.86,PAID,,order_000745,
ORD-746,#1746,CUS-0147,584.33,PAID,,order_000746,
ORD-747,#1747,CUS-0176,890.45,PAID,,order_000747,
ORD-748,#1748,CUS-0153,1974.0,PAID,,order_000748,
ORD-749,#1749,CUS-0211,973.79,PAID,,order_000749,
ORD-750,#1750,CUS-0210,430.48,PAID,,order_000750,
ORD-751,#1751,CUS-0029,324.35,PAID,,order_000751,
ORD-752,#1752,CUS-0214,307.91,PAID,,order_000752,
ORD-753,#1753,CUS-0054,350.31,PAID,,order_000753,
ORD-754,#1754,CUS-0141,1781.85,PAID,,order_000754,
ORD-755,#1755,CUS-0005,1173.68,PAID,,order_000755,
ORD-756,#1756,CUS-0052,1376.73,PAID,,order_000756,
ORD-757,#1757,CUS-0003,299.0,PAID,,order_000757,
ORD-758,#1758,CUS-0222,7264.81,PAID,,order_000758,
ORD-759,#1759,CUS-0098,1027.1,PAID,,order_000759,
ORD-760,#1760,CUS-0051,393.67,PAID,,order_000760,
ORD-761,#1761,CUS-0064,552.34,PAID,,order_000761,
ORD-762,#1762,CUS-0005,757.23,PAID,,order_000762,
ORD-763,#1763,CUS-0129,7120.49,PAID,,order_000763,
ORD-764,#1764,CUS-0209,519.09,PAID,,order_000764,
ORD-765,#1765,CUS-0036,1235.17,PAID,,order_000765,
ORD-766,#1766,CUS-0176,1383.01,PAID,,order_000766,
ORD-767,#1767,CUS-0155,299.0,PAID,,order_000767,
ORD-768,#1768,CUS-0176,2830.64,PAID,,order_000768,
ORD-769,#1769,CUS-0135,299.0,PAID,,order_000769,
ORD-770,#1770,CUS-0168,3307.45,PAID,,order_000770,
ORD-771,#1771,CUS-0243,3624.83,PAID,,order_000771,
ORD-772,#1772,CUS-0211,3221.86,PAID,,order_000772,
ORD-773,#1773,CUS-0028,3719.82,PAID,,order_000773,
ORD-774,#1774,CUS-0146,1378.5,PAID,,order_000774,
ORD-775,#1775,CUS-0021,1010.68,PAID,,order_000775,
ORD-776,#1776,CUS-0183,434.3,PAID,,order_000776,
ORD-777,#1777,CUS-0042,299.0,PAID,,order_000777,
ORD-778,#1778,CUS-0053,4022.3,PAID,,order_000778,
ORD-779,#1779,CUS-0118,613.97,PAID,,order_000779,
ORD-780,#1780,CUS-0212,299.0,PAID,,order_000780,
ORD-781,#1781,CUS-0138,1177.2,PAID,,order_000781,
ORD-782,#1782,CUS-0011,408.27,PAID,,order_000782,
ORD-783,#1783,CUS-0011,1190.01,PAID,,order_000783,
ORD-784,#1784,CUS-0075,2193.88,PAID,,order_000784,
ORD-785,#1785,CUS-0076,299.0,PAID,,order_000785,
ORD-786,#1786,CUS-0213,299.0,PAID,,order_000786,
ORD-787,#1787,CUS-0150,1655.08,PAID,,order_000787,
ORD-788,#1788,CUS-0116,1937.58,PAID,,order_000788,
ORD-789,#1789,CUS-0117,7327.73,PAID,,order_000789,
ORD-790,#1790,CUS-0030,1432.38,PAID,,order_000790,
ORD-791,#1791,CUS-0187,1671.21,PAID,,order_000791,
ORD-792,#1792,CUS-0098,6076.03,PAID,,order_000792,
ORD-793,#1793,CUS-0039,299.0,PAID,,order_000793,
ORD-794,#1794,CUS-0080,3535.3,PAID,,order_000794,
ORD-795,#1795,CUS-0231,1086.12,PAID,,order_000795,
ORD-796,#1796,CUS-0127,1861.1,PAID,,order_000796,
ORD-797,#1797,CUS-0154,398.29,PAID,,order_000797,
ORD-798,#1798,CUS-0143,576.52,PAID,,order_000798,
ORD-799,#1799,CUS-0090,7045.13,PAID,,order_000799,
ORD-800,#1800,CUS-0236,916.93,PAID,,order_000800,
ORD-801,#1801,CUS-0157,2552.19,PAID,,order_000801,
ORD-802,#1802,CUS-0248,8769.05,PAID,,order_000802,
ORD-803,#1803,CUS-0077,11983.52,PAID,,order_000803,
ORD-804,#1804,CUS-0017,650.85,PAID,,order_000804,
ORD-805,#1805,CUS-0054,1000.79,PAID,,order_000805,
ORD-806,#1806,CUS-0181,2563.9,PAID,,order_000806,
ORD-807,#1807,CUS-0160,1655.51,PAID,,order_000807,
ORD-808,#1808,CUS-0128,299.0,PAID,,order_000808,
ORD-809,#1809,CUS-0050,805.84,PAID,,order_000809,
ORD-810,#1810,CUS-0054,5100.06,PAID,,order_000810,
ORD-811,#1811,CUS-0144,299.0,PAID,,order_000811,
ORD-812,#1812,CUS-0066,545.2,PAID,,order_000812,
ORD-813,#1813,CUS-0002,390.03,PAID,,order_000813,
ORD-814,#1814,CUS-0008,4737.94,PAID,,order_000814,
ORD-815,#1815,CUS-0010,1005.92,PAID,,order_000815,
ORD-816,#1816,CUS-0138,764.55,PAID,,order_000816,
ORD-817,#1817,CUS-0015,299.0,PAID,,order_000817,
ORD-818,#1818,CUS-0138,5824.58,PAID,,order_000818,
ORD-819,#1819,CUS-0091,4631.85,PAID,,order_000819,
ORD-820,#1820,CUS-0153,1886.44,PAID,,order_000820,
ORD-821,#1821,CUS-0106,299.0,PAID,,order_000821,
ORD-822,#1822,CUS-0135,869.3,PAID,,order_000822,
ORD-823,#1823,CUS-0024,427.86,PAID,,order_000823,
ORD-824,#1824,CUS-0224,1963.34,PAID,,order_000824,
ORD-825,#1825,CUS-0211,45000.0,PAID,,order_000825,
ORD-826,#1826,CUS-0010,2462.35,ABANDONED,,order_000826,
ORD-827,#1827,CUS-0239,3004.27,PAID,,order_000827,
ORD-828,#1828,CUS-0027,1668.37,PAID,,order_000828,
ORD-829,#1829,CUS-0080,572.09,PAID,,order_000829,
ORD-830,#1830,CUS-0137,1680.53,PAID,,order_000830,
ORD-831,#1831,CUS-0030,1239.82,PAID,,order_000831,
ORD-832,#1832,CUS-0141,1292.19,PAID,,order_000832,
ORD-833,#1833,CUS-0229,874.48,PAID,,order_000833,
ORD-834,#1834,CUS-0181,3050.14,PAID,,order_000834,
ORD-835,#1835,CUS-0158,8060.49,PAID,,order_000835,
ORD-836,#1836,CUS-0137,1258.51,PAID,,order_000836,
ORD-837,#1837,CUS-0179,853.63,PAID,,order_000837,
ORD-838,#1838,CUS-0120,2874.83,PAID,,order_000838,
ORD-839,#1839,CUS-0047,4499.55,PAID,,order_000839,
ORD-840,#1840,CUS-0117,857.26,PAID,,order_000840,
ORD-841,#1841,CUS-0090,449.57,PAID,,order_000841,
ORD-842,#1842,CUS-0137,1362.73,PAID,,order_000842,
ORD-843,#1843,CUS-0041,800.81,PAID,,order_000843,
ORD-844,#1844,CUS-0152,1322.28,PAID,,order_000844,
ORD-845,#1845,CUS-0045,1427.07,PAID,,order_000845,
ORD-846,#1846,CUS-0119,2224.24,PAID,,order_000846,
ORD-847,#1847,CUS-0018,2517.49,PAID,,order_000847,
ORD-848,#1848,CUS-0084,1510.64,PAID,,order_000848,
ORD-849,#1849,CUS-0228,12313.53,PAID,,order_000849,
ORD-850,#1850,CUS-0170,414.1,PAID,,order_000850,
ORD-851,#1851,CUS-0053,509.94,PAID,,order_000851,
ORD-852,#1852,CUS-0078,1614.25,PAID,,order_000852,
ORD-853,#1853,CUS-0217,413.06,PAID,,order_000853,
ORD-854,#1854,CUS-0111,831.93,PAID,,order_000854,
ORD-855,#1855,CUS-0098,1920.68,PAID,,order_000855,
ORD-856,#1856,CUS-0099,714.24,PAID,,order_000856,
ORD-857,#1857,CUS-0224,1054.2,PAID,,order_000857,
ORD-858,#1858,CUS-0022,1652.37,PAID,,order_000858,
ORD-859,#1859,CUS-0210,798.68,PAID,,order_000859,
ORD-860,#1860,CUS-0148,4665.6,PAID,,order_000860,
ORD-861,#1861,CUS-0238,1667.41,PAID,,order_000861,
ORD-862,#1862,CUS-0124,1542.68,PAID,,order_000862,
ORD-863,#1863,CUS-0072,299.0,PAID,,order_000863,
ORD-864,#1864,CUS-0246,2258.87,PAID,,order_000864,
ORD-865,#1865,CUS-0157,1172.46,PAID,,order_000865,
ORD-866,#1866,CUS-0232,2276.73,PAID,,order_000866,
ORD-867,#1867,CUS-0205,5702.44,PAID,,order_000867,
ORD-868,#1868,CUS-0016,1529.35,PAID,,order_000868,
ORD-869,#1869,CUS-0075,1505.76,PAID,,order_000869,
ORD-870,#1870,CUS-0130,343.98,PAID,,order_000870,
ORD-871,#1871,CUS-0066,8813.51,PAID,,order_000871,
ORD-872,#1872,CUS-0169,299.0,PAID,,order_000872,
ORD-873,#1873,CUS-0205,2389.01,PAID,,order_000873,
ORD-874,#1874,CUS-0170,299.0,PAID,,order_000874,
ORD-875,#1875,CUS-0014,1851.32,PAID,,order_000875,
ORD-876,#1876,CUS-0103,481.51,PAID,,order_000876,
ORD-877,#1877,CUS-0060,840.94,PAID,,order_000877,
ORD-878,#1878,CUS-0112,806.31,PAID,,order_000878,
ORD-879,#1879,CUS-0245,299.0,PAID,,order_000879,
ORD-880,#1880,CUS-0086,381.17,PAID,,order_000880,
ORD-881,#1881,CUS-0173,3069.63,PAID,,order_000881,
ORD-882,#1882,CUS-0087,299.0,PAID,,order_000882,
ORD-883,#1883,CUS-0176,1892.08,PAID,,order_000883,
ORD-884,#1884,CUS-0159,6108.87,PAID,,order_000884,
ORD-885,#1885,CUS-0164,299.0,PAID,,order_000885,
ORD-886,#1886,CUS-0196,41258.32,PAID,,order_000886,
ORD-887,#1887,CUS-0179,432.84,PAID,,order_000887,
ORD-888,#1888,CUS-0237,5321.53,PAID,,order_000888,
ORD-889,#1889,CUS-0198,2214.47,PAID,,order_000889,
ORD-890,#1890,CUS-0100,299.0,PAID,,order_000890,
ORD-891,#1891,CUS-0018,7975.44,PAID,,order_000891,
ORD-892,#1892,CUS-0126,2043.31,PAID,,order_000892,
ORD-893,#1893,CUS-0234,1305.78,PAID,,order_000893,
ORD-894,#1894,CUS-0230,299.0,PAID,,order_000894,
ORD-895,#1895,CUS-0085,1451.71,PAID,,order_000895,
ORD-896,#1896,CUS-0126,582.47,PAID,,order_000896,
ORD-897,#1897,CUS-0018,3324.07,PAID,,order_000897,
ORD-898,#1898,CUS-0240,715.31,PAID,,order_000898,
ORD-899,#1899,CUS-0246,299.0,PAID,,order_000899,
ORD-900,#1900,CUS-0216,4298.73,PAID,,order_000900,
ORD-901,#1901,CUS-0011,1662.4,PAID,,order_000901,
ORD-902,#1902,CUS-0028,833.84,PAID,,order_000902,
ORD-903,#1903,CUS-0189,299.0,PAID,,order_000903,
ORD-904,#1904,CUS-0126,1843.43,PAID,,order_000904,
ORD-905,#1905,CUS-0208,1918.91,PAID,,order_000905,
ORD-906,#1906,CUS-0224,1937.52,PAID,,order_000906,
ORD-907,#1907,CUS-0189,1457.7,PAID,,order_000907,
ORD-908,#1908,CUS-0004,299.0,PAID,,order_000908,
ORD-909,#1909,CUS-0017,299.0,PAID,,order_000909,
ORD-910,#1910,CUS-0057,543.41,PAID,,order_000910,
ORD-911,#1911,CUS-0174,10325.47,PAID,,order_000911,
ORD-912,#1912,CUS-0086,364.34,PAID,,order_000912,
ORD-913,#1913,CUS-0142,2735.38,ABANDONED,,order_000913,
ORD-914,#1914,CUS-0125,583.52,PAID,,order_000914,
ORD-915,#1915,CUS-0228,12553.67,PAID,,order_000915,
ORD-916,#1916,CUS-0053,1180.62,PAID,,order_000916,
ORD-917,#1917,CUS-0157,2030.97,PAID,,order_000917,
ORD-918,#1918,CUS-0023,2400.88,ABANDONED,,order_000918,
ORD-919,#1919,CUS-0061,1128.24,PAID,,order_000919,
ORD-920,#1920,CUS-0054,484.45,PAID,,order_000920,
ORD-921,#1921,CUS-0234,299.0,PAID,,order_000921,
ORD-922,#1922,CUS-0166,921.77,PAID,,order_000922,
ORD-923,#1923,CUS-0195,1191.53,PAID,,order_000923,
ORD-924,#1924,CUS-0132,2928.51,PAID,,order_000924,
ORD-925,#1925,CUS-0051,2793.58,PAID,,order_000925,
ORD-926,#1926,CUS-0059,903.5,PAID,,order_000926,
ORD-927,#1927,CUS-0019,851.16,PAID,,order_000927,
ORD-928,#1928,CUS-0238,435.92,PAID,,order_000928,
ORD-929,#1929,CUS-0050,299.0,PAID,,order_000929,
ORD-930,#1930,CUS-0035,1005.3,PAID,,order_000930,
ORD-931,#1931,CUS-0227,4646.37,PAID,,order_000931,
ORD-932,#1932,CUS-0044,1244.43,PAID,,order_000932,
ORD-933,#1933,CUS-0134,2553.39,PAID,,order_000933,
ORD-934,#1934,CUS-0189,492.84,PAID,,order_000934,
ORD-935,#1935,CUS-0238,299.0,ABANDONED,,order_000935,
ORD-936,#1936,CUS-0012,2569.18,PAID,,order_000936,
ORD-937,#1937,CUS-0101,982.67,PAID,,order_000937,
ORD-938,#1938,CUS-0004,887.1,PAID,,order_000938,
ORD-939,#1939,CUS-0062,299.0,PAID,,order_000939,
ORD-940,#1940,CUS-0181,1491.55,PAID,,order_000940,
ORD-941,#1941,CUS-0119,3417.29,PAID,,order_000941,
ORD-942,#1942,CUS-0095,1596.97,PAID,,order_000942,
ORD-943,#1943,CUS-0136,4972.67,PAID,,order_000943,
ORD-944,#1944,CUS-0148,1933.21,PAID,,order_000944,
ORD-945,#1945,CUS-0189,1477.37,PAID,,order_000945,
ORD-946,#1946,CUS-0014,1030.7,PAID,,order_000946,
ORD-947,#1947,CUS-0166,646.74,PAID,,order_000947,
ORD-948,#1948,CUS-0241,10433.65,PAID,,order_000948,
ORD-949,#1949,CUS-0195,4660.88,PAID,,order_000949,
ORD-950,#1950,CUS-0014,926.23,PAID,,order_000950,
ORD-951,#1951,CUS-0121,2187.73,PAID,,order_000951,
ORD-952,#1952,CUS-0159,4044.97,PAID,,order_000952,
ORD-953,#1953,CUS-0230,416.23,PAID,,order_000953,
ORD-954,#1954,CUS-0128,1215.66,PAID,,order_000954,
ORD-955,#1955,CUS-0249,4823.44,PAID,,order_000955,
ORD-956,#1956,CUS-0189,736.78,PAID,,order_000956,
ORD-957,#1957,CUS-0060,1160.12,PAID,,order_000957,
ORD-958,#1958,CUS-0168,509.61,PAID,,order_000958,
ORD-959,#1959,CUS-0216,923.59,PAID,,order_000959,
ORD-960,#1960,CUS-0079,502.46,PAID,,order_000960,
ORD-961,#1961,CUS-0217,1418.98,PAID,,order_000961,
ORD-962,#1962,CUS-0047,8047.86,PAID,,order_000962,
ORD-963,#1963,CUS-0040,328.19,PAID,,order_000963,
ORD-964,#1964,CUS-0067,1236.04,PAID,,order_000964,
ORD-965,#1965,CUS-0089,1198.49,PAID,,order_000965,
ORD-966,#1966,CUS-0236,7108.5,PAID,,order_000966,
ORD-967,#1967,CUS-0166,1029.57,PAID,,order_000967,
ORD-968,#1968,CUS-0147,8030.21,PAID,,order_000968,
ORD-969,#1969,CUS-0087,299.0,PAID,,order_000969,
ORD-970,#1970,CUS-0103,502.31,PAID,,order_000970,
ORD-971,#1971,CUS-0156,1334.44,PAID,,order_000971,
ORD-972,#1972,CUS-0072,1246.18,PAID,,order_000972,
ORD-973,#1973,CUS-0023,757.36,PAID,,order_000973,
ORD-974,#1974,CUS-0131,3479.25,PAID,,order_000974,
ORD-975,#1975,CUS-0219,798.59,PAID,,order_000975,
ORD-976,#1976,CUS-0115,2373.33,PAID,,order_000976,
ORD-977,#1977,CUS-0249,2221.66,PAID,,order_000977,
ORD-978,#1978,CUS-0154,1178.08,PAID,,order_000978,
ORD-979,#1979,CUS-0152,313.48,PAID,,order_000979,
ORD-980,#1980,CUS-0107,5168.8,PAID,,order_000980,
ORD-981,#1981,CUS-0048,522.49,PAID,,order_000981,
ORD-982,#1982,CUS-0078,493.55,PAID,,order_000982,
ORD-983,#1983,CUS-0007,451.49,PAID,,order_000983,
ORD-984,#1984,CUS-0163,14543.28,PAID,,order_000984,
ORD-985,#1985,CUS-0126,1438.71,PAID,,order_000985,
ORD-986,#1986,CUS-0127,1539.48,PAID,,order_000986,
ORD-987,#1987,CUS-0161,467.67,ABANDONED,,order_000987,
ORD-988,#1988,CUS-0067,337.1,PAID,,order_000988,
ORD-989,#1989,CUS-0092,553.1,PAID,,order_000989,
ORD-990,#1990,CUS-0013,1442.57,PAID,,order_000990,
ORD-991,#1991,CUS-0161,1361.94,PAID,,order_000991,
ORD-992,#1992,CUS-0081,1771.83,PAID,,order_000992,
ORD-993,#1993,CUS-0177,2487.77,ABANDONED,,order_000993,
ORD-994,#1994,CUS-0133,299.0,PAID,,order_000994,
ORD-995,#1995,CUS-0056,1546.13,PAID,,order_000995,
ORD-996,#1996,CUS-0217,1604.99,PAID,,order_000996,
ORD-997,#1997,CUS-0118,299.0,PAID,,order_000997,
ORD-998,#1998,CUS-0036,6297.12,PAID,,order_000998,
ORD-999,#1999,CUS-0088,478.24,PAID,,order_000999,
ORD-1000,#2000,CUS-0034,621.1,PAID,,order_001000,
ORD-9001,#9001,CUS-9001,10000.00,PAID,2025-04-01T10:00:00Z,order_hero_9001,SHOPIFY
