anomaly_id,recon_result_id,order_id,payment_id,category,detection_rule,detected_amount,variance_class,severity,explanation,candidate_root_causes,detected_at
anm-00001,,ORD-1,PAY-0001,FEE_DISCREPANCY,FR-FEE-EXCESS-001,13.78,LEAKAGE,MEDIUM,fee charged above rate card beyond tolerance,r|a|t|e| |c|a|r|d| |m|i|s|a|p|p|l|i|e|d|||d|u|p|l|i|c|a|t|e| |f|e|e| |e|v|e|n|t|||i|n|s|t|r|u|m|e|n|t| |s|u|r|c|h|a|r|g|e| |n|o|t| |c|o|n|t|r|a|c|t|e|d,2025-04-05T00:00:00Z
anm-00002,,ORD-4,PAY-0004,FEE_DISCREPANCY,FR-FEE-EXCESS-001,1.18,LEAKAGE,MEDIUM,fee charged above rate card beyond tolerance,r|a|t|e| |c|a|r|d| |m|i|s|a|p|p|l|i|e|d|||d|u|p|l|i|c|a|t|e| |f|e|e| |e|v|e|n|t|||i|n|s|t|r|u|m|e|n|t| |s|u|r|c|h|a|r|g|e| |n|o|t| |c|o|n|t|r|a|c|t|e|d,2025-04-05T00:00:00Z
anm-00003,,ORD-9,PAY-0009,FEE_DISCREPANCY,FR-FEE-EXCESS-001,1.44,LEAKAGE,MEDIUM,fee charged above rate card beyond tolerance,r|a|t|e| |c|a|r|d| |m|i|s|a|p|p|l|i|e|d|||d|u|p|l|i|c|a|t|e| |f|e|e| |e|v|e|n|t|||i|n|s|t|r|u|m|e|n|t| |s|u|r|c|h|a|r|g|e| |n|o|t| |c|o|n|t|r|a|c|t|e|d,2025-04-05T00:00:00Z
anm-00004,,ORD-12,PAY-0012,SETTLEMENT_MISMATCH,FR-SETTLE-TIMING-001,1945.43,LEAKAGE,HIGH,settlement never issued,s|e|t|t|l|e|m|e|n|t| |a|m|o|u|n|t| |s|h|o|r|t|||s|e|t|t|l|e|m|e|n|t| |m|i|s|s|i|n|g|||b|a|n|k| |c|r|e|d|i|t| |m|i|s|m|a|t|c|h,2025-04-05T00:00:00Z
anm-00005,,ORD-16,PAY-0016,REFUND_ECONOMICS,FR-REFUND-ECON-001,8.83,LEAKAGE,MEDIUM,fee not returned pro-rata on processed refund,f|e|e| |n|o|t| |r|e|t|u|r|n|e|d| |p|r|o|-|r|a|t|a|||o|v|e|r|-|r|e|f|u|n|d|||r|e|f|u|n|d| |n|o|t| |p|r|o|c|e|s|s|e|d,2025-04-05T00:00:00Z
anm-00006,,ORD-17,PAY-0017,REFUND_ECONOMICS,FR-REFUND-ECON-001,3.57,LEAKAGE,MEDIUM,fee not returned pro-rata on processed refund,f|e|e| |n|o|t| |r|e|t|u|r|n|e|d| |p|r|o|-|r|a|t|a|||o|v|e|r|-|r|e|f|u|n|d|||r|e|f|u|n|d| |n|o|t| |p|r|o|c|e|s|s|e|d,2025-04-05T00:00:00Z
anm-00007,,ORD-25,PAY-0025,SETTLEMENT_MISMATCH,FR-SETTLE-TIMING-001,1541.86,LEAKAGE,HIGH,settlement never issued,s|e|t|t|l|e|m|e|n|t| |a|m|o|u|n|t| |s|h|o|r|t|||s|e|t|t|l|e|m|e|n|t| |m|i|s|s|i|n|g|||b|a|n|k| |c|r|e|d|i|t| |m|i|s|m|a|t|c|h,2025-04-05T00:00:00Z
anm-00008,,ORD-35,PAY-0035,FEE_DISCREPANCY,FR-FEE-EXCESS-001,5.17,LEAKAGE,MEDIUM,fee charged above rate card beyond tolerance,r|a|t|e| |c|a|r|d| |m|i|s|a|p|p|l|i|e|d|||d|u|p|l|i|c|a|t|e| |f|e|e| |e|v|e|n|t|||i|n|s|t|r|u|m|e|n|t| |s|u|r|c|h|a|r|g|e| |n|o|t| |c|o|n|t|r|a|c|t|e|d,2025-04-05T00:00:00Z
anm-00009,,ORD-36,PAY-0036,SETTLEMENT_MISMATCH,FR-SETTLE-CALC-001,294.24,LEAKAGE,MEDIUM,settlement short beyond tolerance,s|e|t|t|l|e|m|e|n|t| |a|m|o|u|n|t| |s|h|o|r|t|||s|e|t|t|l|e|m|e|n|t| |m|i|s|s|i|n|g|||b|a|n|k| |c|r|e|d|i|t| |m|i|s|m|a|t|c|h,2025-04-05T00:00:00Z
anm-00010,,ORD-41,PAY-0041,FEE_DISCREPANCY,FR-FEE-EXCESS-001,2.28,LEAKAGE,MEDIUM,fee charged above rate card beyond tolerance,r|a|t|e| |c|a|r|d| |m|i|s|a|p|p|l|i|e|d|||d|u|p|l|i|c|a|t|e| |f|e|e| |e|v|e|n|t|||i|n|s|t|r|u|m|e|n|t| |s|u|r|c|h|a|r|g|e| |n|o|t| |c|o|n|t|r|a|c|t|e|d,2025-04-05T00:00:00Z
anm-00011,,ORD-48,PAY-0048,REFUND_ECONOMICS,FR-REFUND-ECON-001,9.94,LEAKAGE,MEDIUM,fee not returned pro-rata on processed refund,f|e|e| |n|o|t| |r|e|t|u|r|n|e|d| |p|r|o|-|r|a|t|a|||o|v|e|r|-|r|e|f|u|n|d|||r|e|f|u|n|d| |n|o|t| |p|r|o|c|e|s|s|e|d,2025-04-05T00:00:00Z
anm-00012,,ORD-50,PAY-0050,FEE_DISCREPANCY,FR-FEE-EXCESS-001,3.93,LEAKAGE,MEDIUM,fee charged above rate card beyond tolerance,r|a|t|e| |c|a|r|d| |m|i|s|a|p|p|l|i|e|d|||d|u|p|l|i|c|a|t|e| |f|e|e| |e|v|e|n|t|||i|n|s|t|r|u|m|e|n|t| |s|u|r|c|h|a|r|g|e| |n|o|t| |c|o|n|t|r|a|c|t|e|d,2025-04-05T00:00:00Z
anm-00013,,ORD-51,PAY-0051,FEE_DISCREPANCY,FR-FEE-EXCESS-001,5.38,LEAKAGE,MEDIUM,fee charged above rate card beyond tolerance,r|a|t|e| |c|a|r|d| |m|i|s|a|p|p|l|i|e|d|||d|u|p|l|i|c|a|t|e| |f|e|e| |e|v|e|n|t|||i|n|s|t|r|u|m|e|n|t| |s|u|r|c|h|a|r|g|e| |n|o|t| |c|o|n|t|r|a|c|t|e|d,2025-04-05T00:00:00Z
anm-00014,,ORD-54,PAY-0054,REFUND_ECONOMICS,FR-REFUND-ECON-001,5.34,LEAKAGE,MEDIUM,fee not returned pro-rata on processed refund,f|e|e| |n|o|t| |r|e|t|u|r|n|e|d| |p|r|o|-|r|a|t|a|||o|v|e|r|-|r|e|f|u|n|d|||r|e|f|u|n|d| |n|o|t| |p|r|o|c|e|s|s|e|d,2025-04-05T00:00:00Z
anm-00015,,ORD-56,PAY-0056,REFUND_ECONOMICS,FR-REFUND-ECON-001,17.8,LEAKAGE,MEDIUM,fee not returned pro-rata on processed refund,f|e|e| |n|o|t| |r|e|t|u|r|n|e|d| |p|r|o|-|r|a|t|a|||o|v|e|r|-|r|e|f|u|n|d|||r|e|f|u|n|d| |n|o|t| |p|r|o|c|e|s|s|e|d,2025-04-05T00:00:00Z
anm-00016,,ORD-65,PAY-0065,FEE_DISCREPANCY,FR-FEE-EXCESS-001,13.9,LEAKAGE,MEDIUM,fee charged above rate card beyond tolerance,r|a|t|e| |c|a|r|d| |m|i|s|a|p|p|l|i|e|d|||d|u|p|l|i|c|a|t|e| |f|e|e| |e|v|e|n|t|||i|n|s|t|r|u|m|e|n|t| |s|u|r|c|h|a|r|g|e| |n|o|t| |c|o|n|t|r|a|c|t|e|d,2025-04-05T00:00:00Z
anm-00017,,ORD-71,PAY-0071,SETTLEMENT_MISMATCH,FR-SETTLE-CALC-001,58.05,LEAKAGE,MEDIUM,settlement short beyond tolerance,s|e|t|t|l|e|m|e|n|t| |a|m|o|u|n|t| |s|h|o|r|t|||s|e|t|t|l|e|m|e|n|t| |m|i|s|s|i|n|g|||b|a|n|k| |c|r|e|d|i|t| |m|i|s|m|a|t|c|h,2025-04-05T00:00:00Z
anm-00018,,ORD-74,PAY-0074,FEE_DISCREPANCY,FR-FEE-EXCESS-001,2.65,LEAKAGE,MEDIUM,fee charged above rate card beyond tolerance,r|a|t|e| |c|a|r|d| |m|i|s|a|p|p|l|i|e|d|||d|u|p|l|i|c|a|t|e| |f|e|e| |e|v|e|n|t|||i|n|s|t|r|u|m|e|n|t| |s|u|r|c|h|a|r|g|e| |n|o|t| |c|o|n|t|r|a|c|t|e|d,2025-04-05T00:00:00Z
anm-00019,,ORD-76,PAY-0076,SETTLEMENT_MISMATCH,FR-SETTLE-CALC-001,36.8,LEAKAGE,MEDIUM,settlement short beyond tolerance,s|e|t|t|l|e|m|e|n|t| |a|m|o|u|n|t| |s|h|o|r|t|||s|e|t|t|l|e|m|e|n|t| |m|i|s|s|i|n|g|||b|a|n|k| |c|r|e|d|i|t| |m|i|s|m|a|t|c|h,2025-04-05T00:00:00Z
anm-00020,,ORD-77,PAY-0077,SETTLEMENT_MISMATCH,FR-SETTLE-CALC-001,114.35,LEAKAGE,MEDIUM,settlement short beyond tolerance,s|e|t|t|l|e|m|e|n|t| |a|m|o|u|n|t| |s|h|o|r|t|||s|e|t|t|l|e|m|e|n|t| |m|i|s|s|i|n|g|||b|a|n|k| |c|r|e|d|i|t| |m|i|s|m|a|t|c|h,2025-04-05T00:00:00Z
anm-00021,,ORD-80,PAY-0080,SETTLEMENT_MISMATCH,FR-SETTLE-CALC-001,136.39,LEAKAGE,MEDIUM,settlement short beyond tolerance,s|e|t|t|l|e|m|e|n|t| |a|m|o|u|n|t| |s|h|o|r|t|||s|e|t|t|l|e|m|e|n|t| |m|i|s|s|i|n|g|||b|a|n|k| |c|r|e|d|i|t| |m|i|s|m|a|t|c|h,2025-04-05T00:00:00Z
anm-00022,,ORD-82,PAY-0082,FEE_DISCREPANCY,FR-FEE-EXCESS-001,7.48,LEAKAGE,MEDIUM,fee charged above rate card beyond tolerance,r|a|t|e| |c|a|r|d| |m|i|s|a|p|p|l|i|e|d|||d|u|p|l|i|c|a|t|e| |f|e|e| |e|v|e|n|t|||i|n|s|t|r|u|m|e|n|t| |s|u|r|c|h|a|r|g|e| |n|o|t| |c|o|n|t|r|a|c|t|e|d,2025-04-05T00:00:00Z
anm-00023,,ORD-91,PAY-0091,FEE_DISCREPANCY,FR-FEE-EXCESS-001,3.1,LEAKAGE,MEDIUM,fee charged above rate card beyond tolerance,r|a|t|e| |c|a|r|d| |m|i|s|a|p|p|l|i|e|d|||d|u|p|l|i|c|a|t|e| |f|e|e| |e|v|e|n|t|||i|n|s|t|r|u|m|e|n|t| |s|u|r|c|h|a|r|g|e| |n|o|t| |c|o|n|t|r|a|c|t|e|d,2025-04-05T00:00:00Z
anm-00024,,ORD-101,PAY-0101,FEE_DISCREPANCY,FR-FEE-EXCESS-001,6.04,LEAKAGE,MEDIUM,fee charged above rate card beyond tolerance,r|a|t|e| |c|a|r|d| |m|i|s|a|p|p|l|i|e|d|||d|u|p|l|i|c|a|t|e| |f|e|e| |e|v|e|n|t|||i|n|s|t|r|u|m|e|n|t| |s|u|r|c|h|a|r|g|e| |n|o|t| |c|o|n|t|r|a|c|t|e|d,2025-04-05T00:00:00Z
anm-00025,,ORD-101,PAY-0101,SETTLEMENT_MISMATCH,FR-SETTLE-CALC-001,125.61,LEAKAGE,MEDIUM,settlement short beyond tolerance,s|e|t|t|l|e|m|e|n|t| |a|m|o|u|n|t| |s|h|o|r|t|||s|e|t|t|l|e|m|e|n|t| |m|i|s|s|i|n|g|||b|a|n|k| |c|r|e|d|i|t| |m|i|s|m|a|t|c|h,2025-04-05T00:00:00Z
anm-00026,,ORD-118,PAY-0118,FEE_DISCREPANCY,FR-FEE-EXCESS-001,1.42,LEAKAGE,MEDIUM,fee charged above rate card beyond tolerance,r|a|t|e| |c|a|r|d| |m|i|s|a|p|p|l|i|e|d|||d|u|p|l|i|c|a|t|e| |f|e|e| |e|v|e|n|t|||i|n|s|t|r|u|m|e|n|t| |s|u|r|c|h|a|r|g|e| |n|o|t| |c|o|n|t|r|a|c|t|e|d,2025-04-05T00:00:00Z
anm-00027,,ORD-126,PAY-0126,SETTLEMENT_MISMATCH,FR-SETTLE-TIMING-001,792.3,LEAKAGE,HIGH,settlement never issued,s|e|t|t|l|e|m|e|n|t| |a|m|o|u|n|t| |s|h|o|r|t|||s|e|t|t|l|e|m|e|n|t| |m|i|s|s|i|n|g|||b|a|n|k| |c|r|e|d|i|t| |m|i|s|m|a|t|c|h,2025-04-05T00:00:00Z
anm-00028,,ORD-129,PAY-0129,SETTLEMENT_MISMATCH,FR-SETTLE-CALC-001,101.73,LEAKAGE,MEDIUM,settlement short beyond tolerance,s|e|t|t|l|e|m|e|n|t| |a|m|o|u|n|t| |s|h|o|r|t|||s|e|t|t|l|e|m|e|n|t| |m|i|s|s|i|n|g|||b|a|n|k| |c|r|e|d|i|t| |m|i|s|m|a|t|c|h,2025-04-05T00:00:00Z
anm-00029,,ORD-137,PAY-0137,REFUND_ECONOMICS,FR-REFUND-ECON-001,2.08,LEAKAGE,MEDIUM,fee not returned pro-rata on processed refund,f|e|e| |n|o|t| |r|e|t|u|r|n|e|d| |p|r|o|-|r|a|t|a|||o|v|e|r|-|r|e|f|u|n|d|||r|e|f|u|n|d| |n|o|t| |p|r|o|c|e|s|s|e|d,2025-04-05T00:00:00Z
anm-00030,,ORD-138,PAY-0138,SETTLEMENT_MISMATCH,FR-SETTLE-TIMING-001,2092.88,LEAKAGE,HIGH,settlement never issued,s|e|t|t|l|e|m|e|n|t| |a|m|o|u|n|t| |s|h|o|r|t|||s|e|t|t|l|e|m|e|n|t| |m|i|s|s|i|n|g|||b|a|n|k| |c|r|e|d|i|t| |m|i|s|m|a|t|c|h,2025-04-05T00:00:00Z
anm-00031,,ORD-140,PAY-0140,SETTLEMENT_MISMATCH,FR-SETTLE-TIMING-001,571.83,LEAKAGE,HIGH,settlement never issued,s|e|t|t|l|e|m|e|n|t| |a|m|o|u|n|t| |s|h|o|r|t|||s|e|t|t|l|e|m|e|n|t| |m|i|s|s|i|n|g|||b|a|n|k| |c|r|e|d|i|t| |m|i|s|m|a|t|c|h,2025-04-05T00:00:00Z
anm-00032,,ORD-143,PAY-0143,FEE_DISCREPANCY,FR-FEE-EXCESS-001,25.74,LEAKAGE,MEDIUM,fee charged above rate card beyond tolerance,r|a|t|e| |c|a|r|d| |m|i|s|a|p|p|l|i|e|d|||d|u|p|l|i|c|a|t|e| |f|e|e| |e|v|e|n|t|||i|n|s|t|r|u|m|e|n|t| |s|u|r|c|h|a|r|g|e| |n|o|t| |c|o|n|t|r|a|c|t|e|d,2025-04-05T00:00:00Z
anm-00033,,ORD-157,PAY-0157,SETTLEMENT_MISMATCH,FR-SETTLE-TIMING-001,814.95,LEAKAGE,HIGH,settlement never issued,s|e|t|t|l|e|m|e|n|t| |a|m|o|u|n|t| |s|h|o|r|t|||s|e|t|t|l|e|m|e|n|t| |m|i|s|s|i|n|g|||b|a|n|k| |c|r|e|d|i|t| |m|i|s|m|a|t|c|h,2025-04-05T00:00:00Z
anm-00034,,ORD-161,PAY-0161,FEE_DISCREPANCY,FR-FEE-EXCESS-001,11.36,LEAKAGE,MEDIUM,fee charged above rate card beyond tolerance,r|a|t|e| |c|a|r|d| |m|i|s|a|p|p|l|i|e|d|||d|u|p|l|i|c|a|t|e| |f|e|e| |e|v|e|n|t|||i|n|s|t|r|u|m|e|n|t| |s|u|r|c|h|a|r|g|e| |n|o|t| |c|o|n|t|r|a|c|t|e|d,2025-04-05T00:00:00Z
anm-00035,,ORD-164,PAY-0164,FEE_DISCREPANCY,FR-FEE-EXCESS-001,2.78,LEAKAGE,MEDIUM,fee charged above rate card beyond tolerance,r|a|t|e| |c|a|r|d| |m|i|s|a|p|p|l|i|e|d|||d|u|p|l|i|c|a|t|e| |f|e|e| |e|v|e|n|t|||i|n|s|t|r|u|m|e|n|t| |s|u|r|c|h|a|r|g|e| |n|o|t| |c|o|n|t|r|a|c|t|e|d,2025-04-05T00:00:00Z
anm-00036,,ORD-164,PAY-0164,SETTLEMENT_MISMATCH,FR-SETTLE-CALC-001,7.78,LEAKAGE,MEDIUM,settlement short beyond tolerance,s|e|t|t|l|e|m|e|n|t| |a|m|o|u|n|t| |s|h|o|r|t|||s|e|t|t|l|e|m|e|n|t| |m|i|s|s|i|n|g|||b|a|n|k| |c|r|e|d|i|t| |m|i|s|m|a|t|c|h,2025-04-05T00:00:00Z
anm-00037,,ORD-168,PAY-0168,SETTLEMENT_MISMATCH,FR-SETTLE-CALC-001,5.45,LEAKAGE,MEDIUM,settlement short beyond tolerance,s|e|t|t|l|e|m|e|n|t| |a|m|o|u|n|t| |s|h|o|r|t|||s|e|t|t|l|e|m|e|n|t| |m|i|s|s|i|n|g|||b|a|n|k| |c|r|e|d|i|t| |m|i|s|m|a|t|c|h,2025-04-05T00:00:00Z
anm-00038,,ORD-173,PAY-0173,REFUND_ECONOMICS,FR-REFUND-ECON-001,6.39,LEAKAGE,MEDIUM,fee not returned pro-rata on processed refund,f|e|e| |n|o|t| |r|e|t|u|r|n|e|d| |p|r|o|-|r|a|t|a|||o|v|e|r|-|r|e|f|u|n|d|||r|e|f|u|n|d| |n|o|t| |p|r|o|c|e|s|s|e|d,2025-04-05T00:00:00Z
anm-00039,,ORD-176,PAY-0176,REFUND_ECONOMICS,FR-REFUND-ECON-001,33.66,LEAKAGE,MEDIUM,fee not returned pro-rata on processed refund,f|e|e| |n|o|t| |r|e|t|u|r|n|e|d| |p|r|o|-|r|a|t|a|||o|v|e|r|-|r|e|f|u|n|d|||r|e|f|u|n|d| |n|o|t| |p|r|o|c|e|s|s|e|d,2025-04-05T00:00:00Z
anm-00040,,ORD-178,PAY-0178,FEE_DISCREPANCY,FR-FEE-EXCESS-001,23.82,LEAKAGE,MEDIUM,fee charged above rate card beyond tolerance,r|a|t|e| |c|a|r|d| |m|i|s|a|p|p|l|i|e|d|||d|u|p|l|i|c|a|t|e| |f|e|e| |e|v|e|n|t|||i|n|s|t|r|u|m|e|n|t| |s|u|r|c|h|a|r|g|e| |n|o|t| |c|o|n|t|r|a|c|t|e|d,2025-04-05T00:00:00Z
anm-00041,,ORD-179,PAY-0179,SETTLEMENT_MISMATCH,FR-SETTLE-CALC-001,119.5,LEAKAGE,MEDIUM,settlement short beyond tolerance,s|e|t|t|l|e|m|e|n|t| |a|m|o|u|n|t| |s|h|o|r|t|||s|e|t|t|l|e|m|e|n|t| |m|i|s|s|i|n|g|||b|a|n|k| |c|r|e|d|i|t| |m|i|s|m|a|t|c|h,2025-04-05T00:00:00Z
anm-00042,,ORD-182,PAY-0182,SETTLEMENT_MISMATCH,FR-SETTLE-CALC-001,300.05,LEAKAGE,MEDIUM,settlement short beyond tolerance,s|e|t|t|l|e|m|e|n|t| |a|m|o|u|n|t| |s|h|o|r|t|||s|e|t|t|l|e|m|e|n|t| |m|i|s|s|i|n|g|||b|a|n|k| |c|r|e|d|i|t| |m|i|s|m|a|t|c|h,2025-04-05T00:00:00Z
anm-00043,,ORD-188,PAY-0188,SETTLEMENT_MISMATCH,FR-SETTLE-TIMING-001,291.94,LEAKAGE,MEDIUM,settlement never issued,s|e|t|t|l|e|m|e|n|t| |a|m|o|u|n|t| |s|h|o|r|t|||s|e|t|t|l|e|m|e|n|t| |m|i|s|s|i|n|g|||b|a|n|k| |c|r|e|d|i|t| |m|i|s|m|a|t|c|h,2025-04-05T00:00:00Z
anm-00044,,ORD-196,PAY-0196,SETTLEMENT_MISMATCH,FR-SETTLE-TIMING-001,550.24,LEAKAGE,HIGH,settlement never issued,s|e|t|t|l|e|m|e|n|t| |a|m|o|u|n|t| |s|h|o|r|t|||s|e|t|t|l|e|m|e|n|t| |m|i|s|s|i|n|g|||b|a|n|k| |c|r|e|d|i|t| |m|i|s|m|a|t|c|h,2025-04-05T00:00:00Z
anm-00045,,ORD-201,PAY-0201,FEE_DISCREPANCY,FR-FEE-EXCESS-001,7.58,LEAKAGE,MEDIUM,fee charged above rate card beyond tolerance,r|a|t|e| |c|a|r|d| |m|i|s|a|p|p|l|i|e|d|||d|u|p|l|i|c|a|t|e| |f|e|e| |e|v|e|n|t|||i|n|s|t|r|u|m|e|n|t| |s|u|r|c|h|a|r|g|e| |n|o|t| |c|o|n|t|r|a|c|t|e|d,2025-04-05T00:00:00Z
anm-00046,,ORD-209,PAY-0209,SETTLEMENT_MISMATCH,FR-SETTLE-CALC-001,129.59,LEAKAGE,MEDIUM,settlement short beyond tolerance,s|e|t|t|l|e|m|e|n|t| |a|m|o|u|n|t| |s|h|o|r|t|||s|e|t|t|l|e|m|e|n|t| |m|i|s|s|i|n|g|||b|a|n|k| |c|r|e|d|i|t| |m|i|s|m|a|t|c|h,2025-04-05T00:00:00Z
anm-00047,,ORD-219,PAY-0219,FEE_DISCREPANCY,FR-FEE-EXCESS-001,2.17,LEAKAGE,MEDIUM,fee charged above rate card beyond tolerance,r|a|t|e| |c|a|r|d| |m|i|s|a|p|p|l|i|e|d|||d|u|p|l|i|c|a|t|e| |f|e|e| |e|v|e|n|t|||i|n|s|t|r|u|m|e|n|t| |s|u|r|c|h|a|r|g|e| |n|o|t| |c|o|n|t|r|a|c|t|e|d,2025-04-05T00:00:00Z
anm-00048,,ORD-231,PAY-0231,SETTLEMENT_MISMATCH,FR-SETTLE-TIMING-001,1253.0,LEAKAGE,HIGH,settlement never issued,s|e|t|t|l|e|m|e|n|t| |a|m|o|u|n|t| |s|h|o|r|t|||s|e|t|t|l|e|m|e|n|t| |m|i|s|s|i|n|g|||b|a|n|k| |c|r|e|d|i|t| |m|i|s|m|a|t|c|h,2025-04-05T00:00:00Z
anm-00049,,ORD-238,PAY-0238,SETTLEMENT_MISMATCH,FR-SETTLE-TIMING-001,1237.65,LEAKAGE,HIGH,settlement never issued,s|e|t|t|l|e|m|e|n|t| |a|m|o|u|n|t| |s|h|o|r|t|||s|e|t|t|l|e|m|e|n|t| |m|i|s|s|i|n|g|||b|a|n|k| |c|r|e|d|i|t| |m|i|s|m|a|t|c|h,2025-04-05T00:00:00Z
anm-00050,,ORD-268,PAY-0268,SETTLEMENT_MISMATCH,FR-SETTLE-CALC-001,106.19,LEAKAGE,MEDIUM,settlement short beyond tolerance,s|e|t|t|l|e|m|e|n|t| |a|m|o|u|n|t| |s|h|o|r|t|||s|e|t|t|l|e|m|e|n|t| |m|i|s|s|i|n|g|||b|a|n|k| |c|r|e|d|i|t| |m|i|s|m|a|t|c|h,2025-04-05T00:00:00Z
anm-00051,,ORD-269,PAY-0269,REFUND_ECONOMICS,FR-REFUND-ECON-001,2.1,LEAKAGE,MEDIUM,fee not returned pro-rata on processed refund,f|e|e| |n|o|t| |r|e|t|u|r|n|e|d| |p|r|o|-|r|a|t|a|||o|v|e|r|-|r|e|f|u|n|d|||r|e|f|u|n|d| |n|o|t| |p|r|o|c|e|s|s|e|d,2025-04-05T00:00:00Z
anm-00052,,ORD-273,PAY-0273,FEE_DISCREPANCY,FR-FEE-EXCESS-001,4.07,LEAKAGE,MEDIUM,fee charged above rate card beyond tolerance,r|a|t|e| |c|a|r|d| |m|i|s|a|p|p|l|i|e|d|||d|u|p|l|i|c|a|t|e| |f|e|e| |e|v|e|n|t|||i|n|s|t|r|u|m|e|n|t| |s|u|r|c|h|a|r|g|e| |n|o|t| |c|o|n|t|r|a|c|t|e|d,2025-04-05T00:00:00Z
anm-00053,,ORD-280,PAY-0280,FEE_DISCREPANCY,FR-FEE-EXCESS-001,7.07,LEAKAGE,MEDIUM,fee charged above rate card beyond tolerance,r|a|t|e| |c|a|r|d| |m|i|s|a|p|p|l|i|e|d|||d|u|p|l|i|c|a|t|e| |f|e|e| |e|v|e|n|t|||i|n|s|t|r|u|m|e|n|t| |s|u|r|c|h|a|r|g|e| |n|o|t| |c|o|n|t|r|a|c|t|e|d,2025-04-05T00:00:00Z
anm-00054,,ORD-282,PAY-0282,SETTLEMENT_MISMATCH,FR-SETTLE-CALC-001,292.62,LEAKAGE,MEDIUM,settlement short beyond tolerance,s|e|t|t|l|e|m|e|n|t| |a|m|o|u|n|t| |s|h|o|r|t|||s|e|t|t|l|e|m|e|n|t| |m|i|s|s|i|n|g|||b|a|n|k| |c|r|e|d|i|t| |m|i|s|m|a|t|c|h,2025-04-05T00:00:00Z
anm-00055,,ORD-288,PAY-0288,FEE_DISCREPANCY,FR-FEE-EXCESS-001,21.25,LEAKAGE,MEDIUM,fee charged above rate card beyond tolerance,r|a|t|e| |c|a|r|d| |m|i|s|a|p|p|l|i|e|d|||d|u|p|l|i|c|a|t|e| |f|e|e| |e|v|e|n|t|||i|n|s|t|r|u|m|e|n|t| |s|u|r|c|h|a|r|g|e| |n|o|t| |c|o|n|t|r|a|c|t|e|d,2025-04-05T00:00:00Z
anm-00056,,ORD-291,PAY-0291,FEE_DISCREPANCY,FR-FEE-EXCESS-001,7.38,LEAKAGE,MEDIUM,fee charged above rate card beyond tolerance,r|a|t|e| |c|a|r|d| |m|i|s|a|p|p|l|i|e|d|||d|u|p|l|i|c|a|t|e| |f|e|e| |e|v|e|n|t|||i|n|s|t|r|u|m|e|n|t| |s|u|r|c|h|a|r|g|e| |n|o|t| |c|o|n|t|r|a|c|t|e|d,2025-04-05T00:00:00Z
anm-00057,,ORD-294,PAY-0294,SETTLEMENT_MISMATCH,FR-SETTLE-TIMING-001,310.74,LEAKAGE,MEDIUM,settlement never issued,s|e|t|t|l|e|m|e|n|t| |a|m|o|u|n|t| |s|h|o|r|t|||s|e|t|t|l|e|m|e|n|t| |m|i|s|s|i|n|g|||b|a|n|k| |c|r|e|d|i|t| |m|i|s|m|a|t|c|h,2025-04-05T00:00:00Z
anm-00058,,ORD-301,PAY-0301,REFUND_ECONOMICS,FR-REFUND-ECON-001,41.45,LEAKAGE,MEDIUM,fee not returned pro-rata on processed refund,f|e|e| |n|o|t| |r|e|t|u|r|n|e|d| |p|r|o|-|r|a|t|a|||o|v|e|r|-|r|e|f|u|n|d|||r|e|f|u|n|d| |n|o|t| |p|r|o|c|e|s|s|e|d,2025-04-05T00:00:00Z
anm-00059,,ORD-304,PAY-0304,FEE_DISCREPANCY,FR-FEE-EXCESS-001,5.11,LEAKAGE,MEDIUM,fee charged above rate card beyond tolerance,r|a|t|e| |c|a|r|d| |m|i|s|a|p|p|l|i|e|d|||d|u|p|l|i|c|a|t|e| |f|e|e| |e|v|e|n|t|||i|n|s|t|r|u|m|e|n|t| |s|u|r|c|h|a|r|g|e| |n|o|t| |c|o|n|t|r|a|c|t|e|d,2025-04-05T00:00:00Z
anm-00060,,ORD-316,PAY-0316,SETTLEMENT_MISMATCH,FR-SETTLE-CALC-001,175.78,LEAKAGE,MEDIUM,settlement short beyond tolerance,s|e|t|t|l|e|m|e|n|t| |a|m|o|u|n|t| |s|h|o|r|t|||s|e|t|t|l|e|m|e|n|t| |m|i|s|s|i|n|g|||b|a|n|k| |c|r|e|d|i|t| |m|i|s|m|a|t|c|h,2025-04-05T00:00:00Z
anm-00061,,ORD-330,PAY-0330,FEE_DISCREPANCY,FR-FEE-EXCESS-001,1.25,LEAKAGE,MEDIUM,fee charged above rate card beyond tolerance,r|a|t|e| |c|a|r|d| |m|i|s|a|p|p|l|i|e|d|||d|u|p|l|i|c|a|t|e| |f|e|e| |e|v|e|n|t|||i|n|s|t|r|u|m|e|n|t| |s|u|r|c|h|a|r|g|e| |n|o|t| |c|o|n|t|r|a|c|t|e|d,2025-04-05T00:00:00Z
anm-00062,,ORD-345,PAY-0345,SETTLEMENT_MISMATCH,FR-SETTLE-CALC-001,35.42,LEAKAGE,MEDIUM,settlement short beyond tolerance,s|e|t|t|l|e|m|e|n|t| |a|m|o|u|n|t| |s|h|o|r|t|||s|e|t|t|l|e|m|e|n|t| |m|i|s|s|i|n|g|||b|a|n|k| |c|r|e|d|i|t| |m|i|s|m|a|t|c|h,2025-04-05T00:00:00Z
anm-00063,,ORD-346,PAY-0346,SETTLEMENT_MISMATCH,FR-SETTLE-TIMING-001,2058.75,LEAKAGE,HIGH,settlement never issued,s|e|t|t|l|e|m|e|n|t| |a|m|o|u|n|t| |s|h|o|r|t|||s|e|t|t|l|e|m|e|n|t| |m|i|s|s|i|n|g|||b|a|n|k| |c|r|e|d|i|t| |m|i|s|m|a|t|c|h,2025-04-05T00:00:00Z
anm-00064,,ORD-347,PAY-0347,SETTLEMENT_MISMATCH,FR-SETTLE-CALC-001,429.35,LEAKAGE,MEDIUM,settlement short beyond tolerance,s|e|t|t|l|e|m|e|n|t| |a|m|o|u|n|t| |s|h|o|r|t|||s|e|t|t|l|e|m|e|n|t| |m|i|s|s|i|n|g|||b|a|n|k| |c|r|e|d|i|t| |m|i|s|m|a|t|c|h,2025-04-05T00:00:00Z
anm-00065,,ORD-381,PAY-0381,FEE_DISCREPANCY,FR-FEE-EXCESS-001,137.7,LEAKAGE,MEDIUM,fee charged above rate card beyond tolerance,r|a|t|e| |c|a|r|d| |m|i|s|a|p|p|l|i|e|d|||d|u|p|l|i|c|a|t|e| |f|e|e| |e|v|e|n|t|||i|n|s|t|r|u|m|e|n|t| |s|u|r|c|h|a|r|g|e| |n|o|t| |c|o|n|t|r|a|c|t|e|d,2025-04-05T00:00:00Z
anm-00066,,ORD-388,PAY-0388,REFUND_ECONOMICS,FR-REFUND-ECON-001,6.08,LEAKAGE,MEDIUM,fee not returned pro-rata on processed refund,f|e|e| |n|o|t| |r|e|t|u|r|n|e|d| |p|r|o|-|r|a|t|a|||o|v|e|r|-|r|e|f|u|n|d|||r|e|f|u|n|d| |n|o|t| |p|r|o|c|e|s|s|e|d,2025-04-05T00:00:00Z
anm-00067,,ORD-391,PAY-0391,FEE_DISCREPANCY,FR-FEE-EXCESS-001,6.25,LEAKAGE,MEDIUM,fee charged above rate card beyond tolerance,r|a|t|e| |c|a|r|d| |m|i|s|a|p|p|l|i|e|d|||d|u|p|l|i|c|a|t|e| |f|e|e| |e|v|e|n|t|||i|n|s|t|r|u|m|e|n|t| |s|u|r|c|h|a|r|g|e| |n|o|t| |c|o|n|t|r|a|c|t|e|d,2025-04-05T00:00:00Z
anm-00068,,ORD-403,PAY-0403,SETTLEMENT_MISMATCH,FR-SETTLE-CALC-001,13.19,LEAKAGE,MEDIUM,settlement short beyond tolerance,s|e|t|t|l|e|m|e|n|t| |a|m|o|u|n|t| |s|h|o|r|t|||s|e|t|t|l|e|m|e|n|t| |m|i|s|s|i|n|g|||b|a|n|k| |c|r|e|d|i|t| |m|i|s|m|a|t|c|h,2025-04-05T00:00:00Z
anm-00069,,ORD-404,PAY-0404,FEE_DISCREPANCY,FR-FEE-EXCESS-001,14.16,LEAKAGE,MEDIUM,fee charged above rate card beyond tolerance,r|a|t|e| |c|a|r|d| |m|i|s|a|p|p|l|i|e|d|||d|u|p|l|i|c|a|t|e| |f|e|e| |e|v|e|n|t|||i|n|s|t|r|u|m|e|n|t| |s|u|r|c|h|a|r|g|e| |n|o|t| |c|o|n|t|r|a|c|t|e|d,2025-04-05T00:00:00Z
anm-00070,,ORD-405,PAY-0405,REFUND_ECONOMICS,FR-REFUND-ECON-001,8.41,LEAKAGE,MEDIUM,fee not returned pro-rata on processed refund,f|e|e| |n|o|t| |r|e|t|u|r|n|e|d| |p|r|o|-|r|a|t|a|||o|v|e|r|-|r|e|f|u|n|d|||r|e|f|u|n|d| |n|o|t| |p|r|o|c|e|s|s|e|d,2025-04-05T00:00:00Z
anm-00071,,ORD-428,PAY-0428,SETTLEMENT_MISMATCH,FR-SETTLE-CALC-001,22.2,LEAKAGE,MEDIUM,settlement short beyond tolerance,s|e|t|t|l|e|m|e|n|t| |a|m|o|u|n|t| |s|h|o|r|t|||s|e|t|t|l|e|m|e|n|t| |m|i|s|s|i|n|g|||b|a|n|k| |c|r|e|d|i|t| |m|i|s|m|a|t|c|h,2025-04-05T00:00:00Z
anm-00072,,ORD-435,PAY-0435,FEE_DISCREPANCY,FR-FEE-EXCESS-001,5.38,LEAKAGE,MEDIUM,fee charged above rate card beyond tolerance,r|a|t|e| |c|a|r|d| |m|i|s|a|p|p|l|i|e|d|||d|u|p|l|i|c|a|t|e| |f|e|e| |e|v|e|n|t|||i|n|s|t|r|u|m|e|n|t| |s|u|r|c|h|a|r|g|e| |n|o|t| |c|o|n|t|r|a|c|t|e|d,2025-04-05T00:00:00Z
anm-00073,,ORD-437,PAY-0437,FEE_DISCREPANCY,FR-FEE-EXCESS-001,5.12,LEAKAGE,MEDIUM,fee charged above rate card beyond tolerance,r|a|t|e| |c|a|r|d| |m|i|s|a|p|p|l|i|e|d|||d|u|p|l|i|c|a|t|e| |f|e|e| |e|v|e|n|t|||i|n|s|t|r|u|m|e|n|t| |s|u|r|c|h|a|r|g|e| |n|o|t| |c|o|n|t|r|a|c|t|e|d,2025-04-05T00:00:00Z
anm-00074,,ORD-438,PAY-0438,FEE_DISCREPANCY,FR-FEE-EXCESS-001,3.18,LEAKAGE,MEDIUM,fee charged above rate card beyond tolerance,r|a|t|e| |c|a|r|d| |m|i|s|a|p|p|l|i|e|d|||d|u|p|l|i|c|a|t|e| |f|e|e| |e|v|e|n|t|||i|n|s|t|r|u|m|e|n|t| |s|u|r|c|h|a|r|g|e| |n|o|t| |c|o|n|t|r|a|c|t|e|d,2025-04-05T00:00:00Z
anm-00075,,ORD-458,PAY-0458,SETTLEMENT_MISMATCH,FR-SETTLE-CALC-001,46.0,LEAKAGE,MEDIUM,settlement short beyond tolerance,s|e|t|t|l|e|m|e|n|t| |a|m|o|u|n|t| |s|h|o|r|t|||s|e|t|t|l|e|m|e|n|t| |m|i|s|s|i|n|g|||b|a|n|k| |c|r|e|d|i|t| |m|i|s|m|a|t|c|h,2025-04-05T00:00:00Z
anm-00076,,ORD-460,PAY-0460,FEE_DISCREPANCY,FR-FEE-EXCESS-001,5.52,LEAKAGE,MEDIUM,fee charged above rate card beyond tolerance,r|a|t|e| |c|a|r|d| |m|i|s|a|p|p|l|i|e|d|||d|u|p|l|i|c|a|t|e| |f|e|e| |e|v|e|n|t|||i|n|s|t|r|u|m|e|n|t| |s|u|r|c|h|a|r|g|e| |n|o|t| |c|o|n|t|r|a|c|t|e|d,2025-04-05T00:00:00Z
anm-00077,,ORD-461,PAY-0461,SETTLEMENT_MISMATCH,FR-SETTLE-TIMING-001,291.94,LEAKAGE,MEDIUM,settlement never issued,s|e|t|t|l|e|m|e|n|t| |a|m|o|u|n|t| |s|h|o|r|t|||s|e|t|t|l|e|m|e|n|t| |m|i|s|s|i|n|g|||b|a|n|k| |c|r|e|d|i|t| |m|i|s|m|a|t|c|h,2025-04-05T00:00:00Z
anm-00078,,ORD-465,PAY-0465,REFUND_ECONOMICS,FR-REFUND-ECON-001,16.81,LEAKAGE,MEDIUM,fee not returned pro-rata on processed refund,f|e|e| |n|o|t| |r|e|t|u|r|n|e|d| |p|r|o|-|r|a|t|a|||o|v|e|r|-|r|e|f|u|n|d|||r|e|f|u|n|d| |n|o|t| |p|r|o|c|e|s|s|e|d,2025-04-05T00:00:00Z
anm-00079,,ORD-468,PAY-0468,FEE_DISCREPANCY,FR-FEE-EXCESS-001,20.18,LEAKAGE,MEDIUM,fee charged above rate card beyond tolerance,r|a|t|e| |c|a|r|d| |m|i|s|a|p|p|l|i|e|d|||d|u|p|l|i|c|a|t|e| |f|e|e| |e|v|e|n|t|||i|n|s|t|r|u|m|e|n|t| |s|u|r|c|h|a|r|g|e| |n|o|t| |c|o|n|t|r|a|c|t|e|d,2025-04-05T00:00:00Z
anm-00080,,ORD-469,PAY-0469,SETTLEMENT_MISMATCH,FR-SETTLE-CALC-001,18.18,LEAKAGE,MEDIUM,settlement short beyond tolerance,s|e|t|t|l|e|m|e|n|t| |a|m|o|u|n|t| |s|h|o|r|t|||s|e|t|t|l|e|m|e|n|t| |m|i|s|s|i|n|g|||b|a|n|k| |c|r|e|d|i|t| |m|i|s|m|a|t|c|h,2025-04-05T00:00:00Z
anm-00081,,ORD-471,PAY-0471,FEE_DISCREPANCY,FR-FEE-EXCESS-001,12.17,LEAKAGE,MEDIUM,fee charged above rate card beyond tolerance,r|a|t|e| |c|a|r|d| |m|i|s|a|p|p|l|i|e|d|||d|u|p|l|i|c|a|t|e| |f|e|e| |e|v|e|n|t|||i|n|s|t|r|u|m|e|n|t| |s|u|r|c|h|a|r|g|e| |n|o|t| |c|o|n|t|r|a|c|t|e|d,2025-04-05T00:00:00Z
anm-00082,,ORD-476,PAY-0476,FEE_DISCREPANCY,FR-FEE-EXCESS-001,37.93,LEAKAGE,MEDIUM,fee charged above rate card beyond tolerance,r|a|t|e| |c|a|r|d| |m|i|s|a|p|p|l|i|e|d|||d|u|p|l|i|c|a|t|e| |f|e|e| |e|v|e|n|t|||i|n|s|t|r|u|m|e|n|t| |s|u|r|c|h|a|r|g|e| |n|o|t| |c|o|n|t|r|a|c|t|e|d,2025-04-05T00:00:00Z
anm-00083,,ORD-490,PAY-0490,SETTLEMENT_MISMATCH,FR-SETTLE-TIMING-001,1183.71,LEAKAGE,HIGH,settlement never issued,s|e|t|t|l|e|m|e|n|t| |a|m|o|u|n|t| |s|h|o|r|t|||s|e|t|t|l|e|m|e|n|t| |m|i|s|s|i|n|g|||b|a|n|k| |c|r|e|d|i|t| |m|i|s|m|a|t|c|h,2025-04-05T00:00:00Z
anm-00084,,ORD-493,PAY-0493,SETTLEMENT_MISMATCH,FR-SETTLE-CALC-001,19.35,LEAKAGE,MEDIUM,settlement short beyond tolerance,s|e|t|t|l|e|m|e|n|t| |a|m|o|u|n|t| |s|h|o|r|t|||s|e|t|t|l|e|m|e|n|t| |m|i|s|s|i|n|g|||b|a|n|k| |c|r|e|d|i|t| |m|i|s|m|a|t|c|h,2025-04-05T00:00:00Z
anm-00085,,ORD-498,PAY-0498,SETTLEMENT_MISMATCH,FR-SETTLE-TIMING-001,751.74,LEAKAGE,HIGH,settlement never issued,s|e|t|t|l|e|m|e|n|t| |a|m|o|u|n|t| |s|h|o|r|t|||s|e|t|t|l|e|m|e|n|t| |m|i|s|s|i|n|g|||b|a|n|k| |c|r|e|d|i|t| |m|i|s|m|a|t|c|h,2025-04-05T00:00:00Z
anm-00086,,ORD-550,PAY-0550,REFUND_ECONOMICS,FR-REFUND-ECON-001,20.47,LEAKAGE,MEDIUM,fee not returned pro-rata on processed refund,f|e|e| |n|o|t| |r|e|t|u|r|n|e|d| |p|r|o|-|r|a|t|a|||o|v|e|r|-|r|e|f|u|n|d|||r|e|f|u|n|d| |n|o|t| |p|r|o|c|e|s|s|e|d,2025-04-05T00:00:00Z
anm-00087,,ORD-563,PAY-0563,FEE_DISCREPANCY,FR-FEE-EXCESS-001,6.05,LEAKAGE,MEDIUM,fee charged above rate card beyond tolerance,r|a|t|e| |c|a|r|d| |m|i|s|a|p|p|l|i|e|d|||d|u|p|l|i|c|a|t|e| |f|e|e| |e|v|e|n|t|||i|n|s|t|r|u|m|e|n|t| |s|u|r|c|h|a|r|g|e| |n|o|t| |c|o|n|t|r|a|c|t|e|d,2025-04-05T00:00:00Z
anm-00088,,ORD-568,PAY-0568,SETTLEMENT_MISMATCH,FR-SETTLE-TIMING-001,788.94,LEAKAGE,HIGH,settlement never issued,s|e|t|t|l|e|m|e|n|t| |a|m|o|u|n|t| |s|h|o|r|t|||s|e|t|t|l|e|m|e|n|t| |m|i|s|s|i|n|g|||b|a|n|k| |c|r|e|d|i|t| |m|i|s|m|a|t|c|h,2025-04-05T00:00:00Z
anm-00089,,ORD-579,PAY-0579,SETTLEMENT_MISMATCH,FR-SETTLE-TIMING-001,291.94,LEAKAGE,MEDIUM,settlement never issued,s|e|t|t|l|e|m|e|n|t| |a|m|o|u|n|t| |s|h|o|r|t|||s|e|t|t|l|e|m|e|n|t| |m|i|s|s|i|n|g|||b|a|n|k| |c|r|e|d|i|t| |m|i|s|m|a|t|c|h,2025-04-05T00:00:00Z
anm-00090,,ORD-580,PAY-0580,SETTLEMENT_MISMATCH,FR-SETTLE-CALC-001,607.89,LEAKAGE,HIGH,settlement short beyond tolerance,s|e|t|t|l|e|m|e|n|t| |a|m|o|u|n|t| |s|h|o|r|t|||s|e|t|t|l|e|m|e|n|t| |m|i|s|s|i|n|g|||b|a|n|k| |c|r|e|d|i|t| |m|i|s|m|a|t|c|h,2025-04-05T00:00:00Z
anm-00091,,ORD-585,PAY-0585,FEE_DISCREPANCY,FR-FEE-EXCESS-001,57.34,LEAKAGE,MEDIUM,fee charged above rate card beyond tolerance,r|a|t|e| |c|a|r|d| |m|i|s|a|p|p|l|i|e|d|||d|u|p|l|i|c|a|t|e| |f|e|e| |e|v|e|n|t|||i|n|s|t|r|u|m|e|n|t| |s|u|r|c|h|a|r|g|e| |n|o|t| |c|o|n|t|r|a|c|t|e|d,2025-04-05T00:00:00Z
anm-00092,,ORD-590,PAY-0590,SETTLEMENT_MISMATCH,FR-SETTLE-CALC-001,42.8,LEAKAGE,MEDIUM,settlement short beyond tolerance,s|e|t|t|l|e|m|e|n|t| |a|m|o|u|n|t| |s|h|o|r|t|||s|e|t|t|l|e|m|e|n|t| |m|i|s|s|i|n|g|||b|a|n|k| |c|r|e|d|i|t| |m|i|s|m|a|t|c|h,2025-04-05T00:00:00Z
anm-00093,,ORD-603,PAY-0603,SETTLEMENT_MISMATCH,FR-SETTLE-TIMING-001,5755.61,LEAKAGE,HIGH,settlement never issued,s|e|t|t|l|e|m|e|n|t| |a|m|o|u|n|t| |s|h|o|r|t|||s|e|t|t|l|e|m|e|n|t| |m|i|s|s|i|n|g|||b|a|n|k| |c|r|e|d|i|t| |m|i|s|m|a|t|c|h,2025-04-05T00:00:00Z
anm-00094,,ORD-614,PAY-0614,SETTLEMENT_MISMATCH,FR-SETTLE-TIMING-001,822.81,LEAKAGE,HIGH,settlement never issued,s|e|t|t|l|e|m|e|n|t| |a|m|o|u|n|t| |s|h|o|r|t|||s|e|t|t|l|e|m|e|n|t| |m|i|s|s|i|n|g|||b|a|n|k| |c|r|e|d|i|t| |m|i|s|m|a|t|c|h,2025-04-05T00:00:00Z
anm-00095,,ORD-623,PAY-0623,SETTLEMENT_MISMATCH,FR-SETTLE-TIMING-001,876.8,LEAKAGE,HIGH,settlement never issued,s|e|t|t|l|e|m|e|n|t| |a|m|o|u|n|t| |s|h|o|r|t|||s|e|t|t|l|e|m|e|n|t| |m|i|s|s|i|n|g|||b|a|n|k| |c|r|e|d|i|t| |m|i|s|m|a|t|c|h,2025-04-05T00:00:00Z
anm-00096,,ORD-627,PAY-0627,FEE_DISCREPANCY,FR-FEE-EXCESS-001,1.58,LEAKAGE,MEDIUM,fee charged above rate card beyond tolerance,r|a|t|e| |c|a|r|d| |m|i|s|a|p|p|l|i|e|d|||d|u|p|l|i|c|a|t|e| |f|e|e| |e|v|e|n|t|||i|n|s|t|r|u|m|e|n|t| |s|u|r|c|h|a|r|g|e| |n|o|t| |c|o|n|t|r|a|c|t|e|d,2025-04-05T00:00:00Z
anm-00097,,ORD-628,PAY-0628,SETTLEMENT_MISMATCH,FR-SETTLE-CALC-001,181.72,LEAKAGE,MEDIUM,settlement short beyond tolerance,s|e|t|t|l|e|m|e|n|t| |a|m|o|u|n|t| |s|h|o|r|t|||s|e|t|t|l|e|m|e|n|t| |m|i|s|s|i|n|g|||b|a|n|k| |c|r|e|d|i|t| |m|i|s|m|a|t|c|h,2025-04-05T00:00:00Z
anm-00098,,ORD-629,PAY-0629,FEE_DISCREPANCY,FR-FEE-EXCESS-001,11.63,LEAKAGE,MEDIUM,fee charged above rate card beyond tolerance,r|a|t|e| |c|a|r|d| |m|i|s|a|p|p|l|i|e|d|||d|u|p|l|i|c|a|t|e| |f|e|e| |e|v|e|n|t|||i|n|s|t|r|u|m|e|n|t| |s|u|r|c|h|a|r|g|e| |n|o|t| |c|o|n|t|r|a|c|t|e|d,2025-04-05T00:00:00Z
anm-00099,,ORD-629,PAY-0629,SETTLEMENT_MISMATCH,FR-SETTLE-CALC-001,3.67,LEAKAGE,MEDIUM,settlement short beyond tolerance,s|e|t|t|l|e|m|e|n|t| |a|m|o|u|n|t| |s|h|o|r|t|||s|e|t|t|l|e|m|e|n|t| |m|i|s|s|i|n|g|||b|a|n|k| |c|r|e|d|i|t| |m|i|s|m|a|t|c|h,2025-04-05T00:00:00Z
anm-00100,,ORD-655,PAY-0655,FEE_DISCREPANCY,FR-FEE-EXCESS-001,38.85,LEAKAGE,MEDIUM,fee charged above rate card beyond tolerance,r|a|t|e| |c|a|r|d| |m|i|s|a|p|p|l|i|e|d|||d|u|p|l|i|c|a|t|e| |f|e|e| |e|v|e|n|t|||i|n|s|t|r|u|m|e|n|t| |s|u|r|c|h|a|r|g|e| |n|o|t| |c|o|n|t|r|a|c|t|e|d,2025-04-05T00:00:00Z
anm-00101,,ORD-656,PAY-0656,SETTLEMENT_MISMATCH,FR-SETTLE-TIMING-001,389.35,LEAKAGE,MEDIUM,settlement never issued,s|e|t|t|l|e|m|e|n|t| |a|m|o|u|n|t| |s|h|o|r|t|||s|e|t|t|l|e|m|e|n|t| |m|i|s|s|i|n|g|||b|a|n|k| |c|r|e|d|i|t| |m|i|s|m|a|t|c|h,2025-04-05T00:00:00Z
anm-00102,,ORD-663,PAY-0663,SETTLEMENT_MISMATCH,FR-SETTLE-CALC-001,257.29,LEAKAGE,MEDIUM,settlement short beyond tolerance,s|e|t|t|l|e|m|e|n|t| |a|m|o|u|n|t| |s|h|o|r|t|||s|e|t|t|l|e|m|e|n|t| |m|i|s|s|i|n|g|||b|a|n|k| |c|r|e|d|i|t| |m|i|s|m|a|t|c|h,2025-04-05T00:00:00Z
anm-00103,,ORD-667,PAY-0667,FEE_DISCREPANCY,FR-FEE-EXCESS-001,3.32,LEAKAGE,MEDIUM,fee charged above rate card beyond tolerance,r|a|t|e| |c|a|r|d| |m|i|s|a|p|p|l|i|e|d|||d|u|p|l|i|c|a|t|e| |f|e|e| |e|v|e|n|t|||i|n|s|t|r|u|m|e|n|t| |s|u|r|c|h|a|r|g|e| |n|o|t| |c|o|n|t|r|a|c|t|e|d,2025-04-05T00:00:00Z
anm-00104,,ORD-668,PAY-0668,SETTLEMENT_MISMATCH,FR-SETTLE-TIMING-001,958.15,LEAKAGE,HIGH,settlement never issued,s|e|t|t|l|e|m|e|n|t| |a|m|o|u|n|t| |s|h|o|r|t|||s|e|t|t|l|e|m|e|n|t| |m|i|s|s|i|n|g|||b|a|n|k| |c|r|e|d|i|t| |m|i|s|m|a|t|c|h,2025-04-05T00:00:00Z
anm-00105,,ORD-669,PAY-0669,REFUND_ECONOMICS,FR-REFUND-ECON-001,28.8,LEAKAGE,MEDIUM,fee not returned pro-rata on processed refund,f|e|e| |n|o|t| |r|e|t|u|r|n|e|d| |p|r|o|-|r|a|t|a|||o|v|e|r|-|r|e|f|u|n|d|||r|e|f|u|n|d| |n|o|t| |p|r|o|c|e|s|s|e|d,2025-04-05T00:00:00Z
anm-00106,,ORD-680,PAY-0680,REFUND_ECONOMICS,FR-REFUND-ECON-001,20.69,LEAKAGE,MEDIUM,fee not returned pro-rata on processed refund,f|e|e| |n|o|t| |r|e|t|u|r|n|e|d| |p|r|o|-|r|a|t|a|||o|v|e|r|-|r|e|f|u|n|d|||r|e|f|u|n|d| |n|o|t| |p|r|o|c|e|s|s|e|d,2025-04-05T00:00:00Z
anm-00107,,ORD-681,PAY-0681,SETTLEMENT_MISMATCH,FR-SETTLE-CALC-001,219.92,LEAKAGE,MEDIUM,settlement short beyond tolerance,s|e|t|t|l|e|m|e|n|t| |a|m|o|u|n|t| |s|h|o|r|t|||s|e|t|t|l|e|m|e|n|t| |m|i|s|s|i|n|g|||b|a|n|k| |c|r|e|d|i|t| |m|i|s|m|a|t|c|h,2025-04-05T00:00:00Z
anm-00108,,ORD-686,PAY-0686,REFUND_ECONOMICS,FR-REFUND-ECON-001,13.94,LEAKAGE,MEDIUM,fee not returned pro-rata on processed refund,f|e|e| |n|o|t| |r|e|t|u|r|n|e|d| |p|r|o|-|r|a|t|a|||o|v|e|r|-|r|e|f|u|n|d|||r|e|f|u|n|d| |n|o|t| |p|r|o|c|e|s|s|e|d,2025-04-05T00:00:00Z
anm-00109,,ORD-699,PAY-0699,SETTLEMENT_MISMATCH,FR-SETTLE-TIMING-001,284.84,LEAKAGE,MEDIUM,settlement never issued,s|e|t|t|l|e|m|e|n|t| |a|m|o|u|n|t| |s|h|o|r|t|||s|e|t|t|l|e|m|e|n|t| |m|i|s|s|i|n|g|||b|a|n|k| |c|r|e|d|i|t| |m|i|s|m|a|t|c|h,2025-04-05T00:00:00Z
anm-00110,,ORD-702,PAY-0702,SETTLEMENT_MISMATCH,FR-SETTLE-TIMING-001,675.77,LEAKAGE,HIGH,settlement never issued,s|e|t|t|l|e|m|e|n|t| |a|m|o|u|n|t| |s|h|o|r|t|||s|e|t|t|l|e|m|e|n|t| |m|i|s|s|i|n|g|||b|a|n|k| |c|r|e|d|i|t| |m|i|s|m|a|t|c|h,2025-04-05T00:00:00Z
anm-00111,,ORD-705,PAY-0705,SETTLEMENT_MISMATCH,FR-SETTLE-TIMING-001,1722.34,LEAKAGE,HIGH,settlement never issued,s|e|t|t|l|e|m|e|n|t| |a|m|o|u|n|t| |s|h|o|r|t|||s|e|t|t|l|e|m|e|n|t| |m|i|s|s|i|n|g|||b|a|n|k| |c|r|e|d|i|t| |m|i|s|m|a|t|c|h,2025-04-05T00:00:00Z
anm-00112,,ORD-711,PAY-0711,FEE_DISCREPANCY,FR-FEE-EXCESS-001,2.64,LEAKAGE,MEDIUM,fee charged above rate card beyond tolerance,r|a|t|e| |c|a|r|d| |m|i|s|a|p|p|l|i|e|d|||d|u|p|l|i|c|a|t|e| |f|e|e| |e|v|e|n|t|||i|n|s|t|r|u|m|e|n|t| |s|u|r|c|h|a|r|g|e| |n|o|t| |c|o|n|t|r|a|c|t|e|d,2025-04-05T00:00:00Z
anm-00113,,ORD-718,PAY-0718,SETTLEMENT_MISMATCH,FR-SETTLE-CALC-001,8.86,LEAKAGE,MEDIUM,settlement short beyond tolerance,s|e|t|t|l|e|m|e|n|t| |a|m|o|u|n|t| |s|h|o|r|t|||s|e|t|t|l|e|m|e|n|t| |m|i|s|s|i|n|g|||b|a|n|k| |c|r|e|d|i|t| |m|i|s|m|a|t|c|h,2025-04-05T00:00:00Z
anm-00114,,ORD-729,PAY-0729,FEE_DISCREPANCY,FR-FEE-EXCESS-001,8.12,LEAKAGE,MEDIUM,fee charged above rate card beyond tolerance,r|a|t|e| |c|a|r|d| |m|i|s|a|p|p|l|i|e|d|||d|u|p|l|i|c|a|t|e| |f|e|e| |e|v|e|n|t|||i|n|s|t|r|u|m|e|n|t| |s|u|r|c|h|a|r|g|e| |n|o|t| |c|o|n|t|r|a|c|t|e|d,2025-04-05T00:00:00Z
anm-00115,,ORD-741,PAY-0741,FEE_DISCREPANCY,FR-FEE-EXCESS-001,13.25,LEAKAGE,MEDIUM,fee charged above rate card beyond tolerance,r|a|t|e| |c|a|r|d| |m|i|s|a|p|p|l|i|e|d|||d|u|p|l|i|c|a|t|e| |f|e|e| |e|v|e|n|t|||i|n|s|t|r|u|m|e|n|t| |s|u|r|c|h|a|r|g|e| |n|o|t| |c|o|n|t|r|a|c|t|e|d,2025-04-05T00:00:00Z
anm-00116,,ORD-741,PAY-0741,SETTLEMENT_MISMATCH,FR-SETTLE-CALC-001,92.42,LEAKAGE,MEDIUM,settlement short beyond tolerance,s|e|t|t|l|e|m|e|n|t| |a|m|o|u|n|t| |s|h|o|r|t|||s|e|t|t|l|e|m|e|n|t| |m|i|s|s|i|n|g|||b|a|n|k| |c|r|e|d|i|t| |m|i|s|m|a|t|c|h,2025-04-05T00:00:00Z
anm-00117,,ORD-747,PAY-0747,REFUND_ECONOMICS,FR-REFUND-ECON-001,8.08,LEAKAGE,MEDIUM,fee not returned pro-rata on processed refund,f|e|e| |n|o|t| |r|e|t|u|r|n|e|d| |p|r|o|-|r|a|t|a|||o|v|e|r|-|r|e|f|u|n|d|||r|e|f|u|n|d| |n|o|t| |p|r|o|c|e|s|s|e|d,2025-04-05T00:00:00Z
anm-00118,,ORD-758,PAY-0758,FEE_DISCREPANCY,FR-FEE-EXCESS-001,96.07,LEAKAGE,MEDIUM,fee charged above rate card beyond tolerance,r|a|t|e| |c|a|r|d| |m|i|s|a|p|p|l|i|e|d|||d|u|p|l|i|c|a|t|e| |f|e|e| |e|v|e|n|t|||i|n|s|t|r|u|m|e|n|t| |s|u|r|c|h|a|r|g|e| |n|o|t| |c|o|n|t|r|a|c|t|e|d,2025-04-05T00:00:00Z
anm-00119,,ORD-768,PAY-0768,FEE_DISCREPANCY,FR-FEE-EXCESS-001,8.32,LEAKAGE,MEDIUM,fee charged above rate card beyond tolerance,r|a|t|e| |c|a|r|d| |m|i|s|a|p|p|l|i|e|d|||d|u|p|l|i|c|a|t|e| |f|e|e| |e|v|e|n|t|||i|n|s|t|r|u|m|e|n|t| |s|u|r|c|h|a|r|g|e| |n|o|t| |c|o|n|t|r|a|c|t|e|d,2025-04-05T00:00:00Z
anm-00120,,ORD-772,PAY-0772,FEE_DISCREPANCY,FR-FEE-EXCESS-001,41.9,LEAKAGE,MEDIUM,fee charged above rate card beyond tolerance,r|a|t|e| |c|a|r|d| |m|i|s|a|p|p|l|i|e|d|||d|u|p|l|i|c|a|t|e| |f|e|e| |e|v|e|n|t|||i|n|s|t|r|u|m|e|n|t| |s|u|r|c|h|a|r|g|e| |n|o|t| |c|o|n|t|r|a|c|t|e|d,2025-04-05T00:00:00Z
anm-00121,,ORD-773,PAY-0773,SETTLEMENT_MISMATCH,FR-SETTLE-TIMING-001,1988.32,LEAKAGE,HIGH,settlement never issued,s|e|t|t|l|e|m|e|n|t| |a|m|o|u|n|t| |s|h|o|r|t|||s|e|t|t|l|e|m|e|n|t| |m|i|s|s|i|n|g|||b|a|n|k| |c|r|e|d|i|t| |m|i|s|m|a|t|c|h,2025-04-05T00:00:00Z
anm-00122,,ORD-781,PAY-0781,FEE_DISCREPANCY,FR-FEE-EXCESS-001,1.77,LEAKAGE,MEDIUM,fee charged above rate card beyond tolerance,r|a|t|e| |c|a|r|d| |m|i|s|a|p|p|l|i|e|d|||d|u|p|l|i|c|a|t|e| |f|e|e| |e|v|e|n|t|||i|n|s|t|r|u|m|e|n|t| |s|u|r|c|h|a|r|g|e| |n|o|t| |c|o|n|t|r|a|c|t|e|d,2025-04-05T00:00:00Z
anm-00123,,ORD-789,PAY-0789,REFUND_ECONOMICS,FR-REFUND-ECON-001,63.71,LEAKAGE,MEDIUM,fee not returned pro-rata on processed refund,f|e|e| |n|o|t| |r|e|t|u|r|n|e|d| |p|r|o|-|r|a|t|a|||o|v|e|r|-|r|e|f|u|n|d|||r|e|f|u|n|d| |n|o|t| |p|r|o|c|e|s|s|e|d,2025-04-05T00:00:00Z
anm-00124,,ORD-796,PAY-0796,FEE_DISCREPANCY,FR-FEE-EXCESS-001,25.92,LEAKAGE,MEDIUM,fee charged above rate card beyond tolerance,r|a|t|e| |c|a|r|d| |m|i|s|a|p|p|l|i|e|d|||d|u|p|l|i|c|a|t|e| |f|e|e| |e|v|e|n|t|||i|n|s|t|r|u|m|e|n|t| |s|u|r|c|h|a|r|g|e| |n|o|t| |c|o|n|t|r|a|c|t|e|d,2025-04-05T00:00:00Z
anm-00125,,ORD-807,PAY-0807,SETTLEMENT_MISMATCH,FR-SETTLE-TIMING-001,1616.44,LEAKAGE,HIGH,settlement never issued,s|e|t|t|l|e|m|e|n|t| |a|m|o|u|n|t| |s|h|o|r|t|||s|e|t|t|l|e|m|e|n|t| |m|i|s|s|i|n|g|||b|a|n|k| |c|r|e|d|i|t| |m|i|s|m|a|t|c|h,2025-04-05T00:00:00Z
anm-00126,,ORD-812,PAY-0812,SETTLEMENT_MISMATCH,FR-SETTLE-TIMING-001,531.04,LEAKAGE,HIGH,settlement never issued,s|e|t|t|l|e|m|e|n|t| |a|m|o|u|n|t| |s|h|o|r|t|||s|e|t|t|l|e|m|e|n|t| |m|i|s|s|i|n|g|||b|a|n|k| |c|r|e|d|i|t| |m|i|s|m|a|t|c|h,2025-04-05T00:00:00Z
anm-00127,,ORD-815,PAY-0815,FEE_DISCREPANCY,FR-FEE-EXCESS-001,4.74,LEAKAGE,MEDIUM,fee charged above rate card beyond tolerance,r|a|t|e| |c|a|r|d| |m|i|s|a|p|p|l|i|e|d|||d|u|p|l|i|c|a|t|e| |f|e|e| |e|v|e|n|t|||i|n|s|t|r|u|m|e|n|t| |s|u|r|c|h|a|r|g|e| |n|o|t| |c|o|n|t|r|a|c|t|e|d,2025-04-05T00:00:00Z
anm-00128,,ORD-815,PAY-0815,SETTLEMENT_MISMATCH,FR-SETTLE-CALC-001,62.7,LEAKAGE,MEDIUM,settlement short beyond tolerance,s|e|t|t|l|e|m|e|n|t| |a|m|o|u|n|t| |s|h|o|r|t|||s|e|t|t|l|e|m|e|n|t| |m|i|s|s|i|n|g|||b|a|n|k| |c|r|e|d|i|t| |m|i|s|m|a|t|c|h,2025-04-05T00:00:00Z
anm-00129,,ORD-816,PAY-0816,SETTLEMENT_MISMATCH,FR-SETTLE-CALC-001,14.34,LEAKAGE,MEDIUM,settlement short beyond tolerance,s|e|t|t|l|e|m|e|n|t| |a|m|o|u|n|t| |s|h|o|r|t|||s|e|t|t|l|e|m|e|n|t| |m|i|s|s|i|n|g|||b|a|n|k| |c|r|e|d|i|t| |m|i|s|m|a|t|c|h,2025-04-05T00:00:00Z
anm-00130,,ORD-825,PAY-0825,REFUND_ECONOMICS,FR-REFUND-ECON-001,474.13,LEAKAGE,MEDIUM,fee not returned pro-rata on processed refund,f|e|e| |n|o|t| |r|e|t|u|r|n|e|d| |p|r|o|-|r|a|t|a|||o|v|e|r|-|r|e|f|u|n|d|||r|e|f|u|n|d| |n|o|t| |p|r|o|c|e|s|s|e|d,2025-04-05T00:00:00Z
anm-00131,,ORD-834,PAY-0834,FEE_DISCREPANCY,FR-FEE-EXCESS-001,5.27,LEAKAGE,MEDIUM,fee charged above rate card beyond tolerance,r|a|t|e| |c|a|r|d| |m|i|s|a|p|p|l|i|e|d|||d|u|p|l|i|c|a|t|e| |f|e|e| |e|v|e|n|t|||i|n|s|t|r|u|m|e|n|t| |s|u|r|c|h|a|r|g|e| |n|o|t| |c|o|n|t|r|a|c|t|e|d,2025-04-05T00:00:00Z
anm-00132,,ORD-835,PAY-0835,REFUND_ECONOMICS,FR-REFUND-ECON-001,38.64,LEAKAGE,MEDIUM,fee not returned pro-rata on processed refund,f|e|e| |n|o|t| |r|e|t|u|r|n|e|d| |p|r|o|-|r|a|t|a|||o|v|e|r|-|r|e|f|u|n|d|||r|e|f|u|n|d| |n|o|t| |p|r|o|c|e|s|s|e|d,2025-04-05T00:00:00Z
anm-00133,,ORD-837,PAY-0837,SETTLEMENT_MISMATCH,FR-SETTLE-CALC-001,65.58,LEAKAGE,MEDIUM,settlement short beyond tolerance,s|e|t|t|l|e|m|e|n|t| |a|m|o|u|n|t| |s|h|o|r|t|||s|e|t|t|l|e|m|e|n|t| |m|i|s|s|i|n|g|||b|a|n|k| |c|r|e|d|i|t| |m|i|s|m|a|t|c|h,2025-04-05T00:00:00Z
anm-00134,,ORD-840,PAY-0840,SETTLEMENT_MISMATCH,FR-SETTLE-CALC-001,66.48,LEAKAGE,MEDIUM,settlement short beyond tolerance,s|e|t|t|l|e|m|e|n|t| |a|m|o|u|n|t| |s|h|o|r|t|||s|e|t|t|l|e|m|e|n|t| |m|i|s|s|i|n|g|||b|a|n|k| |c|r|e|d|i|t| |m|i|s|m|a|t|c|h,2025-04-05T00:00:00Z
anm-00135,,ORD-844,PAY-0844,SETTLEMENT_MISMATCH,FR-SETTLE-TIMING-001,1291.07,LEAKAGE,HIGH,settlement never issued,s|e|t|t|l|e|m|e|n|t| |a|m|o|u|n|t| |s|h|o|r|t|||s|e|t|t|l|e|m|e|n|t| |m|i|s|s|i|n|g|||b|a|n|k| |c|r|e|d|i|t| |m|i|s|m|a|t|c|h,2025-04-05T00:00:00Z
anm-00136,,ORD-849,PAY-0849,FEE_DISCREPANCY,FR-FEE-EXCESS-001,20.81,LEAKAGE,MEDIUM,fee charged above rate card beyond tolerance,r|a|t|e| |c|a|r|d| |m|i|s|a|p|p|l|i|e|d|||d|u|p|l|i|c|a|t|e| |f|e|e| |e|v|e|n|t|||i|n|s|t|r|u|m|e|n|t| |s|u|r|c|h|a|r|g|e| |n|o|t| |c|o|n|t|r|a|c|t|e|d,2025-04-05T00:00:00Z
anm-00137,,ORD-857,PAY-0857,SETTLEMENT_MISMATCH,FR-SETTLE-CALC-001,66.74,LEAKAGE,MEDIUM,settlement short beyond tolerance,s|e|t|t|l|e|m|e|n|t| |a|m|o|u|n|t| |s|h|o|r|t|||s|e|t|t|l|e|m|e|n|t| |m|i|s|s|i|n|g|||b|a|n|k| |c|r|e|d|i|t| |m|i|s|m|a|t|c|h,2025-04-05T00:00:00Z
anm-00138,,ORD-872,PAY-0872,REFUND_ECONOMICS,FR-REFUND-ECON-001,2.43,LEAKAGE,MEDIUM,fee not returned pro-rata on processed refund,f|e|e| |n|o|t| |r|e|t|u|r|n|e|d| |p|r|o|-|r|a|t|a|||o|v|e|r|-|r|e|f|u|n|d|||r|e|f|u|n|d| |n|o|t| |p|r|o|c|e|s|s|e|d,2025-04-05T00:00:00Z
anm-00139,,ORD-873,PAY-0873,FEE_DISCREPANCY,FR-FEE-EXCESS-001,5.98,LEAKAGE,MEDIUM,fee charged above rate card beyond tolerance,r|a|t|e| |c|a|r|d| |m|i|s|a|p|p|l|i|e|d|||d|u|p|l|i|c|a|t|e| |f|e|e| |e|v|e|n|t|||i|n|s|t|r|u|m|e|n|t| |s|u|r|c|h|a|r|g|e| |n|o|t| |c|o|n|t|r|a|c|t|e|d,2025-04-05T00:00:00Z
anm-00140,,ORD-877,PAY-0877,REFUND_ECONOMICS,FR-REFUND-ECON-001,4.47,LEAKAGE,MEDIUM,fee not returned pro-rata on processed refund,f|e|e| |n|o|t| |r|e|t|u|r|n|e|d| |p|r|o|-|r|a|t|a|||o|v|e|r|-|r|e|f|u|n|d|||r|e|f|u|n|d| |n|o|t| |p|r|o|c|e|s|s|e|d,2025-04-05T00:00:00Z
anm-00141,,ORD-884,PAY-0884,FEE_DISCREPANCY,FR-FEE-EXCESS-001,144.17,LEAKAGE,MEDIUM,fee charged above rate card beyond tolerance,r|a|t|e| |c|a|r|d| |m|i|s|a|p|p|l|i|e|d|||d|u|p|l|i|c|a|t|e| |f|e|e| |e|v|e|n|t|||i|n|s|t|r|u|m|e|n|t| |s|u|r|c|h|a|r|g|e| |n|o|t| |c|o|n|t|r|a|c|t|e|d,2025-04-05T00:00:00Z
anm-00142,,ORD-893,PAY-0893,SETTLEMENT_MISMATCH,FR-SETTLE-CALC-001,27.51,LEAKAGE,MEDIUM,settlement short beyond tolerance,s|e|t|t|l|e|m|e|n|t| |a|m|o|u|n|t| |s|h|o|r|t|||s|e|t|t|l|e|m|e|n|t| |m|i|s|s|i|n|g|||b|a|n|k| |c|r|e|d|i|t| |m|i|s|m|a|t|c|h,2025-04-05T00:00:00Z
anm-00143,,ORD-902,PAY-0902,FEE_DISCREPANCY,FR-FEE-EXCESS-001,3.94,LEAKAGE,MEDIUM,fee charged above rate card beyond tolerance,r|a|t|e| |c|a|r|d| |m|i|s|a|p|p|l|i|e|d|||d|u|p|l|i|c|a|t|e| |f|e|e| |e|v|e|n|t|||i|n|s|t|r|u|m|e|n|t| |s|u|r|c|h|a|r|g|e| |n|o|t| |c|o|n|t|r|a|c|t|e|d,2025-04-05T00:00:00Z
anm-00144,,ORD-924,PAY-0924,FEE_DISCREPANCY,FR-FEE-EXCESS-001,17.3,LEAKAGE,MEDIUM,fee charged above rate card beyond tolerance,r|a|t|e| |c|a|r|d| |m|i|s|a|p|p|l|i|e|d|||d|u|p|l|i|c|a|t|e| |f|e|e| |e|v|e|n|t|||i|n|s|t|r|u|m|e|n|t| |s|u|r|c|h|a|r|g|e| |n|o|t| |c|o|n|t|r|a|c|t|e|d,2025-04-05T00:00:00Z
anm-00145,,ORD-924,PAY-0924,SETTLEMENT_MISMATCH,FR-SETTLE-CALC-001,55.18,LEAKAGE,MEDIUM,settlement short beyond tolerance,s|e|t|t|l|e|m|e|n|t| |a|m|o|u|n|t| |s|h|o|r|t|||s|e|t|t|l|e|m|e|n|t| |m|i|s|s|i|n|g|||b|a|n|k| |c|r|e|d|i|t| |m|i|s|m|a|t|c|h,2025-04-05T00:00:00Z
anm-00146,,ORD-928,PAY-0928,SETTLEMENT_MISMATCH,FR-SETTLE-TIMING-001,433.87,LEAKAGE,MEDIUM,settlement never issued,s|e|t|t|l|e|m|e|n|t| |a|m|o|u|n|t| |s|h|o|r|t|||s|e|t|t|l|e|m|e|n|t| |m|i|s|s|i|n|g|||b|a|n|k| |c|r|e|d|i|t| |m|i|s|m|a|t|c|h,2025-04-05T00:00:00Z
anm-00147,,ORD-932,PAY-0932,SETTLEMENT_MISMATCH,FR-SETTLE-CALC-001,88.94,LEAKAGE,MEDIUM,settlement short beyond tolerance,s|e|t|t|l|e|m|e|n|t| |a|m|o|u|n|t| |s|h|o|r|t|||s|e|t|t|l|e|m|e|n|t| |m|i|s|s|i|n|g|||b|a|n|k| |c|r|e|d|i|t| |m|i|s|m|a|t|c|h,2025-04-05T00:00:00Z
anm-00148,,ORD-939,PAY-0939,SETTLEMENT_MISMATCH,FR-SETTLE-CALC-001,6.49,LEAKAGE,MEDIUM,settlement short beyond tolerance,s|e|t|t|l|e|m|e|n|t| |a|m|o|u|n|t| |s|h|o|r|t|||s|e|t|t|l|e|m|e|n|t| |m|i|s|s|i|n|g|||b|a|n|k| |c|r|e|d|i|t| |m|i|s|m|a|t|c|h,2025-04-05T00:00:00Z
anm-00149,,ORD-952,PAY-0952,SETTLEMENT_MISMATCH,FR-SETTLE-TIMING-001,1980.46,LEAKAGE,HIGH,settlement never issued,s|e|t|t|l|e|m|e|n|t| |a|m|o|u|n|t| |s|h|o|r|t|||s|e|t|t|l|e|m|e|n|t| |m|i|s|s|i|n|g|||b|a|n|k| |c|r|e|d|i|t| |m|i|s|m|a|t|c|h,2025-04-05T00:00:00Z
anm-00150,,ORD-964,PAY-0964,REFUND_ECONOMICS,FR-REFUND-ECON-001,11.29,LEAKAGE,MEDIUM,fee not returned pro-rata on processed refund,f|e|e| |n|o|t| |r|e|t|u|r|n|e|d| |p|r|o|-|r|a|t|a|||o|v|e|r|-|r|e|f|u|n|d|||r|e|f|u|n|d| |n|o|t| |p|r|o|c|e|s|s|e|d,2025-04-05T00:00:00Z
anm-00151,,ORD-971,PAY-0971,SETTLEMENT_MISMATCH,FR-SETTLE-TIMING-001,953.0,LEAKAGE,HIGH,settlement never issued,s|e|t|t|l|e|m|e|n|t| |a|m|o|u|n|t| |s|h|o|r|t|||s|e|t|t|l|e|m|e|n|t| |m|i|s|s|i|n|g|||b|a|n|k| |c|r|e|d|i|t| |m|i|s|m|a|t|c|h,2025-04-05T00:00:00Z
anm-00152,,ORD-980,PAY-0980,FEE_DISCREPANCY,FR-FEE-EXCESS-001,39.17,LEAKAGE,MEDIUM,fee charged above rate card beyond tolerance,r|a|t|e| |c|a|r|d| |m|i|s|a|p|p|l|i|e|d|||d|u|p|l|i|c|a|t|e| |f|e|e| |e|v|e|n|t|||i|n|s|t|r|u|m|e|n|t| |s|u|r|c|h|a|r|g|e| |n|o|t| |c|o|n|t|r|a|c|t|e|d,2025-04-05T00:00:00Z
anm-00153,,ORD-982,PAY-0982,SETTLEMENT_MISMATCH,FR-SETTLE-TIMING-001,479.39,LEAKAGE,MEDIUM,settlement never issued,s|e|t|t|l|e|m|e|n|t| |a|m|o|u|n|t| |s|h|o|r|t|||s|e|t|t|l|e|m|e|n|t| |m|i|s|s|i|n|g|||b|a|n|k| |c|r|e|d|i|t| |m|i|s|m|a|t|c|h,2025-04-05T00:00:00Z
anm-00154,,ORD-988,PAY-0988,FEE_DISCREPANCY,FR-FEE-EXCESS-001,2.25,LEAKAGE,MEDIUM,fee charged above rate card beyond tolerance,r|a|t|e| |c|a|r|d| |m|i|s|a|p|p|l|i|e|d|||d|u|p|l|i|c|a|t|e| |f|e|e| |e|v|e|n|t|||i|n|s|t|r|u|m|e|n|t| |s|u|r|c|h|a|r|g|e| |n|o|t| |c|o|n|t|r|a|c|t|e|d,2025-04-05T00:00:00Z
anm-00155,,ORD-990,PAY-0990,FEE_DISCREPANCY,FR-FEE-EXCESS-001,34.04,LEAKAGE,MEDIUM,fee charged above rate card beyond tolerance,r|a|t|e| |c|a|r|d| |m|i|s|a|p|p|l|i|e|d|||d|u|p|l|i|c|a|t|e| |f|e|e| |e|v|e|n|t|||i|n|s|t|r|u|m|e|n|t| |s|u|r|c|h|a|r|g|e| |n|o|t| |c|o|n|t|r|a|c|t|e|d,2025-04-05T00:00:00Z
anm-00156,,ORD-990,PAY-0990,SETTLEMENT_MISMATCH,FR-SETTLE-CALC-001,37.29,LEAKAGE,MEDIUM,settlement short beyond tolerance,s|e|t|t|l|e|m|e|n|t| |a|m|o|u|n|t| |s|h|o|r|t|||s|e|t|t|l|e|m|e|n|t| |m|i|s|s|i|n|g|||b|a|n|k| |c|r|e|d|i|t| |m|i|s|m|a|t|c|h,2025-04-05T00:00:00Z
ANM-9001,RCN-9001,ORD-9001,PAY-9001,SETTLEMENT_MISMATCH,FR-SETTLE-CALC-001,250.00,LEAKAGE,MEDIUM,settlement short beyond tolerance,settlement amount short|settlement missing|bank credit mismatch,2026-09-05T06:53:59Z
