history_id,case_id,event_type,old_status,new_status,actor,message,payload,event_at
CH-00001,CASE-0001,CREATED,,NEW,ENGINE,case opened from 1 anomaly finding(s),,2025-04-05T00:00:00Z
CH-00002,CASE-0002,CREATED,,NEW,ENGINE,case opened from 1 anomaly finding(s),,2025-04-05T00:00:00Z
CH-00003,CASE-0003,CREATED,,NEW,ENGINE,case opened from 1 anomaly finding(s),,2025-04-05T00:00:00Z
CH-00004,CASE-0004,CREATED,,NEW,ENGINE,case opened from 1 anomaly finding(s),,2025-04-05T00:00:00Z
CH-00005,CASE-0005,CREATED,,NEW,ENGINE,case opened from 1 anomaly finding(s),,2025-04-05T00:00:00Z
CH-00006,CASE-0006,CREATED,,NEW,ENGINE,case opened from 1 anomaly finding(s),,2025-04-05T00:00:00Z
CH-00007,CASE-0007,CREATED,,NEW,ENGINE,case opened from 1 anomaly finding(s),,2025-04-05T00:00:00Z
CH-00008,CASE-0008,CREATED,,NEW,ENGINE,case opened from 1 anomaly finding(s),,2025-04-05T00:00:00Z
CH-00009,CASE-0009,CREATED,,NEW,ENGINE,case opened from 1 anomaly finding(s),,2025-04-05T00:00:00Z
CH-00010,CASE-0010,CREATED,,NEW,ENGINE,case opened from 1 anomaly finding(s),,2025-04-05T00:00:00Z
CH-00011,CASE-0011,CREATED,,NEW,ENGINE,case opened from 1 anomaly finding(s),,2025-04-05T00:00:00Z
CH-00012,CASE-0012,CREATED,,NEW,ENGINE,case opened from 1 anomaly finding(s),,2025-04-05T00:00:00Z
CH-00013,CASE-0013,CREATED,,NEW,ENGINE,case opened from 1 anomaly finding(s),,2025-04-05T00:00:00Z
CH-00014,CASE-0014,CREATED,,NEW,ENGINE,case opened from 1 anomaly finding(s),,2025-04-05T00:00:00Z
CH-00015,CASE-0015,CREATED,,NEW,ENGINE,case opened from 1 anomaly finding(s),,2025-04-05T00:00:00Z
CH-00016,CASE-0016,CREATED,,NEW,ENGINE,case opened from 1 anomaly finding(s),,2025-04-05T00:00:00Z
CH-00017,CASE-0017,CREATED,,NEW,ENGINE,case opened from 1 anomaly finding(s),,2025-04-05T00:00:00Z
CH-00018,CASE-0018,CREATED,,NEW,ENGINE,case opened from 1 anomaly finding(s),,2025-04-05T00:00:00Z
CH-00019,CASE-0019,CREATED,,NEW,ENGINE,case opened from 1 anomaly finding(s),,2025-04-05T00:00:00Z
CH-00020,CASE-0020,CREATED,,NEW,ENGINE,case opened from 1 anomaly finding(s),,2025-04-05T00:00:00Z
CH-00021,CASE-0021,CREATED,,NEW,ENGINE,case opened from 1 anomaly finding(s),,2025-04-05T00:00:00Z
CH-00022,CASE-0022,CREATED,,NEW,ENGINE,case opened from 1 anomaly finding(s),,2025-04-05T00:00:00Z
CH-00023,CASE-0023,CREATED,,NEW,ENGINE,case opened from 1 anomaly finding(s),,2025-04-05T00:00:00Z
CH-00024,CASE-0024,CREATED,,NEW,ENGINE,case opened from 2 anomaly finding(s),,2025-04-05T00:00:00Z
CH-00025,CASE-0025,CREATED,,NEW,ENGINE,case opened from 1 anomaly finding(s),,2025-04-05T00:00:00Z
CH-00026,CASE-0026,CREATED,,NEW,ENGINE,case opened from 1 anomaly finding(s),,2025-04-05T00:00:00Z
CH-00027,CASE-0027,CREATED,,NEW,ENGINE,case opened from 1 anomaly finding(s),,2025-04-05T00:00:00Z
CH-00028,CASE-0028,CREATED,,NEW,ENGINE,case opened from 1 anomaly finding(s),,2025-04-05T00:00:00Z
CH-00029,CASE-0029,CREATED,,NEW,ENGINE,case opened from 1 anomaly finding(s),,2025-04-05T00:00:00Z
CH-00030,CASE-0030,CREATED,,NEW,ENGINE,case opened from 1 anomaly finding(s),,2025-04-05T00:00:00Z
CH-00031,CASE-0031,CREATED,,NEW,ENGINE,case opened from 1 anomaly finding(s),,2025-04-05T00:00:00Z
CH-00032,CASE-0032,CREATED,,NEW,ENGINE,case opened from 1 anomaly finding(s),,2025-04-05T00:00:00Z
CH-00033,CASE-0033,CREATED,,NEW,ENGINE,case opened from 1 anomaly finding(s),,2025-04-05T00:00:00Z
CH-00034,CASE-0034,CREATED,,NEW,ENGINE,case opened from 2 anomaly finding(s),,2025-04-05T00:00:00Z
CH-00035,CASE-0035,CREATED,,NEW,ENGINE,case opened from 1 anomaly finding(s),,2025-04-05T00:00:00Z
CH-00036,CASE-0036,CREATED,,NEW,ENGINE,case opened from 1 anomaly finding(s),,2025-04-05T00:00:00Z
CH-00037,CASE-0037,CREATED,,NEW,ENGINE,case opened from 1 anomaly finding(s),,2025-04-05T00:00:00Z
CH-00038,CASE-0038,CREATED,,NEW,ENGINE,case opened from 1 anomaly finding(s),,2025-04-05T00:00:00Z
CH-00039,CASE-0039,CREATED,,NEW,ENGINE,case opened from 1 anomaly finding(s),,2025-04-05T00:00:00Z
CH-00040,CASE-0040,CREATED,,NEW,ENGINE,case opened from 1 anomaly finding(s),,2025-04-05T00:00:00Z
CH-00041,CASE-0041,CREATED,,NEW,ENGINE,case opened from 1 anomaly finding(s),,2025-04-05T00:00:00Z
CH-00042,CASE-0042,CREATED,,NEW,ENGINE,case opened from 1 anomaly finding(s),,2025-04-05T00:00:00Z
CH-00043,CASE-0043,CREATED,,NEW,ENGINE,case opened from 1 anomaly finding(s),,2025-04-05T00:00:00Z
CH-00044,CASE-0044,CREATED,,NEW,ENGINE,case opened from 1 anomaly finding(s),,2025-04-05T00:00:00Z
CH-00045,CASE-0045,CREATED,,NEW,ENGINE,case opened from 1 anomaly finding(s),,2025-04-05T00:00:00Z
CH-00046,CASE-0046,CREATED,,NEW,ENGINE,case opened from 1 anomaly finding(s),,2025-04-05T00:00:00Z
CH-00047,CASE-0047,CREATED,,NEW,ENGINE,case opened from 1 anomaly finding(s),,2025-04-05T00:00:00Z
CH-00048,CASE-0048,CREATED,,NEW,ENGINE,case opened from 1 anomaly finding(s),,2025-04-05T00:00:00Z
CH-00049,CASE-0049,CREATED,,NEW,ENGINE,case opened from 1 anomaly finding(s),,2025-04-05T00:00:00Z
CH-00050,CASE-0050,CREATED,,NEW,ENGINE,case opened from 1 anomaly finding(s),,2025-04-05T00:00:00Z
CH-00051,CASE-0051,CREATED,,NEW,ENGINE,case opened from 1 anomaly finding(s),,2025-04-05T00:00:00Z
CH-00052,CASE-0052,CREATED,,NEW,ENGINE,case opened from 1 anomaly finding(s),,2025-04-05T00:00:00Z
CH-00053,CASE-0053,CREATED,,NEW,ENGINE,case opened from 1 anomaly finding(s),,2025-04-05T00:00:00Z
CH-00054,CASE-0054,CREATED,,NEW,ENGINE,case opened from 1 anomaly finding(s),,2025-04-05T00:00:00Z
CH-00055,CASE-0055,CREATED,,NEW,ENGINE,case opened from 1 anomaly finding(s),,2025-04-05T00:00:00Z
CH-00056,CASE-0056,CREATED,,NEW,ENGINE,case opened from 1 anomaly finding(s),,2025-04-05T00:00:00Z
CH-00057,CASE-0057,CREATED,,NEW,ENGINE,case opened from 1 anomaly finding(s),,2025-04-05T00:00:00Z
CH-00058,CASE-0058,CREATED,,NEW,ENGINE,case opened from 1 anomaly finding(s),,2025-04-05T00:00:00Z
CH-00059,CASE-0059,CREATED,,NEW,ENGINE,case opened from 1 anomaly finding(s),,2025-04-05T00:00:00Z
CH-00060,CASE-0060,CREATED,,NEW,ENGINE,case opened from 1 anomaly finding(s),,2025-04-05T00:00:00Z
CH-00061,CASE-0061,CREATED,,NEW,ENGINE,case opened from 1 anomaly finding(s),,2025-04-05T00:00:00Z
CH-00062,CASE-0062,CREATED,,NEW,ENGINE,case opened from 1 anomaly finding(s),,2025-04-05T00:00:00Z
CH-00063,CASE-0063,CREATED,,NEW,ENGINE,case opened from 1 anomaly finding(s),,2025-04-05T00:00:00Z
CH-00064,CASE-0064,CREATED,,NEW,ENGINE,case opened from 1 anomaly finding(s),,2025-04-05T00:00:00Z
CH-00065,CASE-0065,CREATED,,NEW,ENGINE,case opened from 1 anomaly finding(s),,2025-04-05T00:00:00Z
CH-00066,CASE-0066,CREATED,,NEW,ENGINE,case opened from 1 anomaly finding(s),,2025-04-05T00:00:00Z
CH-00067,CASE-0067,CREATED,,NEW,ENGINE,case opened from 1 anomaly finding(s),,2025-04-05T00:00:00Z
CH-00068,CASE-0068,CREATED,,NEW,ENGINE,case opened from 1 anomaly finding(s),,2025-04-05T00:00:00Z
CH-00069,CASE-0069,CREATED,,NEW,ENGINE,case opened from 1 anomaly finding(s),,2025-04-05T00:00:00Z
CH-00070,CASE-0070,CREATED,,NEW,ENGINE,case opened from 1 anomaly finding(s),,2025-04-05T00:00:00Z
CH-00071,CASE-0071,CREATED,,NEW,ENGINE,case opened from 1 anomaly finding(s),,2025-04-05T00:00:00Z
CH-00072,CASE-0072,CREATED,,NEW,ENGINE,case opened from 1 anomaly finding(s),,2025-04-05T00:00:00Z
CH-00073,CASE-0073,CREATED,,NEW,ENGINE,case opened from 1 anomaly finding(s),,2025-04-05T00:00:00Z
CH-00074,CASE-0074,CREATED,,NEW,ENGINE,case opened from 1 anomaly finding(s),,2025-04-05T00:00:00Z
CH-00075,CASE-0075,CREATED,,NEW,ENGINE,case opened from 1 anomaly finding(s),,2025-04-05T00:00:00Z
CH-00076,CASE-0076,CREATED,,NEW,ENGINE,case opened from 1 anomaly finding(s),,2025-04-05T00:00:00Z
CH-00077,CASE-0077,CREATED,,NEW,ENGINE,case opened from 1 anomaly finding(s),,2025-04-05T00:00:00Z
CH-00078,CASE-0078,CREATED,,NEW,ENGINE,case opened from 1 anomaly finding(s),,2025-04-05T00:00:00Z
CH-00079,CASE-0079,CREATED,,NEW,ENGINE,case opened from 1 anomaly finding(s),,2025-04-05T00:00:00Z
CH-00080,CASE-0080,CREATED,,NEW,ENGINE,case opened from 1 anomaly finding(s),,2025-04-05T00:00:00Z
CH-00081,CASE-0081,CREATED,,NEW,ENGINE,case opened from 1 anomaly finding(s),,2025-04-05T00:00:00Z
CH-00082,CASE-0082,CREATED,,NEW,ENGINE,case opened from 1 anomaly finding(s),,2025-04-05T00:00:00Z
CH-00083,CASE-0083,CREATED,,NEW,ENGINE,case opened from 1 anomaly finding(s),,2025-04-05T00:00:00Z
CH-00084,CASE-0084,CREATED,,NEW,ENGINE,case opened from 1 anomaly finding(s),,2025-04-05T00:00:00Z
CH-00085,CASE-0085,CREATED,,NEW,ENGINE,case opened from 1 anomaly finding(s),,2025-04-05T00:00:00Z
CH-00086,CASE-0086,CREATED,,NEW,ENGINE,case opened from 1 anomaly finding(s),,2025-04-05T00:00:00Z
CH-00087,CASE-0087,CREATED,,NEW,ENGINE,case opened from 1 anomaly finding(s),,2025-04-05T00:00:00Z
CH-00088,CASE-0088,CREATED,,NEW,ENGINE,case opened from 1 anomaly finding(s),,2025-04-05T00:00:00Z
CH-00089,CASE-0089,CREATED,,NEW,ENGINE,case opened from 1 anomaly finding(s),,2025-04-05T00:00:00Z
CH-00090,CASE-0090,CREATED,,NEW,ENGINE,case opened from 1 anomaly finding(s),,2025-04-05T00:00:00Z
CH-00091,CASE-0091,CREATED,,NEW,ENGINE,case opened from 1 anomaly finding(s),,2025-04-05T00:00:00Z
CH-00092,CASE-0092,CREATED,,NEW,ENGINE,case opened from 1 anomaly finding(s),,2025-04-05T00:00:00Z
CH-00093,CASE-0093,CREATED,,NEW,ENGINE,case opened from 1 anomaly finding(s),,2025-04-05T00:00:00Z
CH-00094,CASE-0094,CREATED,,NEW,ENGINE,case opened from 1 anomaly finding(s),,2025-04-05T00:00:00Z
CH-00095,CASE-0095,CREATED,,NEW,ENGINE,case opened from 1 anomaly finding(s),,2025-04-05T00:00:00Z
CH-00096,CASE-0096,CREATED,,NEW,ENGINE,case opened from 2 anomaly finding(s),,2025-04-05T00:00:00Z
CH-00097,CASE-0097,CREATED,,NEW,ENGINE,case opened from 1 anomaly finding(s),,2025-04-05T00:00:00Z
CH-00098,CASE-0098,CREATED,,NEW,ENGINE,case opened from 1 anomaly finding(s),,2025-04-05T00:00:00Z
CH-00099,CASE-0099,CREATED,,NEW,ENGINE,case opened from 1 anomaly finding(s),,2025-04-05T00:00:00Z
CH-00100,CASE-0100,CREATED,,NEW,ENGINE,case opened from 1 anomaly finding(s),,2025-04-05T00:00:00Z
CH-00101,CASE-0101,CREATED,,NEW,ENGINE,case opened from 1 anomaly finding(s),,2025-04-05T00:00:00Z
CH-00102,CASE-0102,CREATED,,NEW,ENGINE,case opened from 1 anomaly finding(s),,2025-04-05T00:00:00Z
CH-00103,CASE-0103,CREATED,,NEW,ENGINE,case opened from 1 anomaly finding(s),,2025-04-05T00:00:00Z
CH-00104,CASE-0104,CREATED,,NEW,ENGINE,case opened from 1 anomaly finding(s),,2025-04-05T00:00:00Z
CH-00105,CASE-0105,CREATED,,NEW,ENGINE,case opened from 1 anomaly finding(s),,2025-04-05T00:00:00Z
CH-00106,CASE-0106,CREATED,,NEW,ENGINE,case opened from 1 anomaly finding(s),,2025-04-05T00:00:00Z
CH-00107,CASE-0107,CREATED,,NEW,ENGINE,case opened from 1 anomaly finding(s),,2025-04-05T00:00:00Z
CH-00108,CASE-0108,CREATED,,NEW,ENGINE,case opened from 1 anomaly finding(s),,2025-04-05T00:00:00Z
CH-00109,CASE-0109,CREATED,,NEW,ENGINE,case opened from 1 anomaly finding(s),,2025-04-05T00:00:00Z
CH-00110,CASE-0110,CREATED,,NEW,ENGINE,case opened from 1 anomaly finding(s),,2025-04-05T00:00:00Z
CH-00111,CASE-0111,CREATED,,NEW,ENGINE,case opened from 1 anomaly finding(s),,2025-04-05T00:00:00Z
CH-00112,CASE-0112,CREATED,,NEW,ENGINE,case opened from 2 anomaly finding(s),,2025-04-05T00:00:00Z
CH-00113,CASE-0113,CREATED,,NEW,ENGINE,case opened from 1 anomaly finding(s),,2025-04-05T00:00:00Z
CH-00114,CASE-0114,CREATED,,NEW,ENGINE,case opened from 1 anomaly finding(s),,2025-04-05T00:00:00Z
CH-00115,CASE-0115,CREATED,,NEW,ENGINE,case opened from 1 anomaly finding(s),,2025-04-05T00:00:00Z
CH-00116,CASE-0116,CREATED,,NEW,ENGINE,case opened from 1 anomaly finding(s),,2025-04-05T00:00:00Z
CH-00117,CASE-0117,CREATED,,NEW,ENGINE,case opened from 1 anomaly finding(s),,2025-04-05T00:00:00Z
CH-00118,CASE-0118,CREATED,,NEW,ENGINE,case opened from 1 anomaly finding(s),,2025-04-05T00:00:00Z
CH-00119,CASE-0119,CREATED,,NEW,ENGINE,case opened from 1 anomaly finding(s),,2025-04-05T00:00:00Z
CH-00120,CASE-0120,CREATED,,NEW,ENGINE,case opened from 1 anomaly finding(s),,2025-04-05T00:00:00Z
CH-00121,CASE-0121,CREATED,,NEW,ENGINE,case opened from 1 anomaly finding(s),,2025-04-05T00:00:00Z
CH-00122,CASE-0122,CREATED,,NEW,ENGINE,case opened from 1 anomaly finding(s),,2025-04-05T00:00:00Z
CH-00123,CASE-0123,CREATED,,NEW,ENGINE,case opened from 2 anomaly finding(s),,2025-04-05T00:00:00Z
CH-00124,CASE-0124,CREATED,,NEW,ENGINE,case opened from 1 anomaly finding(s),,2025-04-05T00:00:00Z
CH-00125,CASE-0125,CREATED,,NEW,ENGINE,case opened from 1 anomaly finding(s),,2025-04-05T00:00:00Z
CH-00126,CASE-0126,CREATED,,NEW,ENGINE,case opened from 1 anomaly finding(s),,2025-04-05T00:00:00Z
CH-00127,CASE-0127,CREATED,,NEW,ENGINE,case opened from 1 anomaly finding(s),,2025-04-05T00:00:00Z
CH-00128,CASE-0128,CREATED,,NEW,ENGINE,case opened from 1 anomaly finding(s),,2025-04-05T00:00:00Z
CH-00129,CASE-0129,CREATED,,NEW,ENGINE,case opened from 1 anomaly finding(s),,2025-04-05T00:00:00Z
CH-00130,CASE-0130,CREATED,,NEW,ENGINE,case opened from 1 anomaly finding(s),,2025-04-05T00:00:00Z
CH-00131,CASE-0131,CREATED,,NEW,ENGINE,case opened from 1 anomaly finding(s),,2025-04-05T00:00:00Z
CH-00132,CASE-0132,CREATED,,NEW,ENGINE,case opened from 1 anomaly finding(s),,2025-04-05T00:00:00Z
CH-00133,CASE-0133,CREATED,,NEW,ENGINE,case opened from 1 anomaly finding(s),,2025-04-05T00:00:00Z
CH-00134,CASE-0134,CREATED,,NEW,ENGINE,case opened from 1 anomaly finding(s),,2025-04-05T00:00:00Z
CH-00135,CASE-0135,CREATED,,NEW,ENGINE,case opened from 1 anomaly finding(s),,2025-04-05T00:00:00Z
CH-00136,CASE-0136,CREATED,,NEW,ENGINE,case opened from 1 anomaly finding(s),,2025-04-05T00:00:00Z
CH-00137,CASE-0137,CREATED,,NEW,ENGINE,case opened from 1 anomaly finding(s),,2025-04-05T00:00:00Z
CH-00138,CASE-0138,CREATED,,NEW,ENGINE,case opened from 1 anomaly finding(s),,2025-04-05T00:00:00Z
CH-00139,CASE-0139,CREATED,,NEW,ENGINE,case opened from 2 anomaly finding(s),,2025-04-05T00:00:00Z
CH-00140,CASE-0140,CREATED,,NEW,ENGINE,case opened from 1 anomaly finding(s),,2025-04-05T00:00:00Z
CH-00141,CASE-0141,CREATED,,NEW,ENGINE,case opened from 1 anomaly finding(s),,2025-04-05T00:00:00Z
CH-00142,CASE-0142,CREATED,,NEW,ENGINE,case opened from 1 anomaly finding(s),,2025-04-05T00:00:00Z
CH-00143,CASE-0143,CREATED,,NEW,ENGINE,case opened from 1 anomaly finding(s),,2025-04-05T00:00:00Z
CH-00144,CASE-0144,CREATED,,NEW,ENGINE,case opened from 1 anomaly finding(s),,2025-04-05T00:00:00Z
CH-00145,CASE-0145,CREATED,,NEW,ENGINE,case opened from 1 anomaly finding(s),,2025-04-05T00:00:00Z
CH-00146,CASE-0146,CREATED,,NEW,ENGINE,case opened from 1 anomaly finding(s),,2025-04-05T00:00:00Z
CH-00147,CASE-0147,CREATED,,NEW,ENGINE,case opened from 1 anomaly finding(s),,2025-04-05T00:00:00Z
CH-00148,CASE-0148,CREATED,,NEW,ENGINE,case opened from 1 anomaly finding(s),,2025-04-05T00:00:00Z
CH-00149,CASE-0149,CREATED,,NEW,ENGINE,case opened from 2 anomaly finding(s),,2025-04-05T00:00:00Z
CH-A00001,CASE-0091,STATUS_CHANGE,NEW,INVESTIGATING,AGENT,agent began investigation,,2025-04-05T00:00:00Z
CH-A00002,CASE-0091,APPROVAL_REQUEST,INVESTIGATING,PENDING_APPROVAL,AGENT,approval APR-0001 requested for CREATE_DISPUTE,,2025-04-05T00:00:00Z
CH-A00003,CASE-0029,STATUS_CHANGE,NEW,INVESTIGATING,AGENT,agent began investigation,,2025-04-05T00:00:00Z
CH-A00004,CASE-0029,APPROVAL_REQUEST,INVESTIGATING,PENDING_APPROVAL,AGENT,approval APR-0002 requested for CREATE_DISPUTE,,2025-04-05T00:00:00Z
CH-A00005,CASE-0061,STATUS_CHANGE,NEW,INVESTIGATING,AGENT,agent began investigation,,2025-04-05T00:00:00Z
CH-A00006,CASE-0061,APPROVAL_REQUEST,INVESTIGATING,PENDING_APPROVAL,AGENT,approval APR-0003 requested for CREATE_DISPUTE,,2025-04-05T00:00:00Z
CH-A00007,CASE-0117,STATUS_CHANGE,NEW,INVESTIGATING,AGENT,agent began investigation,,2025-04-05T00:00:00Z
CH-A00008,CASE-0117,APPROVAL_REQUEST,INVESTIGATING,PENDING_APPROVAL,AGENT,approval APR-0004 requested for CREATE_DISPUTE,,2025-04-05T00:00:00Z
CH-A00009,CASE-0143,STATUS_CHANGE,NEW,INVESTIGATING,AGENT,agent began investigation,,2025-04-05T00:00:00Z
CH-A00010,CASE-0143,APPROVAL_REQUEST,INVESTIGATING,PENDING_APPROVAL,AGENT,approval APR-0005 requested for CREATE_DISPUTE,,2025-04-05T00:00:00Z
CH-A00011,CASE-0004,STATUS_CHANGE,NEW,INVESTIGATING,AGENT,agent began investigation,,2025-04-05T00:00:00Z
CH-A00012,CASE-0004,APPROVAL_REQUEST,INVESTIGATING,PENDING_APPROVAL,AGENT,approval APR-0006 requested for CREATE_DISPUTE,,2025-04-05T00:00:00Z
CH-A00013,CASE-0108,STATUS_CHANGE,NEW,INVESTIGATING,AGENT,agent began investigation,,2025-04-05T00:00:00Z
CH-A00014,CASE-0108,APPROVAL_REQUEST,INVESTIGATING,PENDING_APPROVAL,AGENT,approval APR-0007 requested for CREATE_DISPUTE,,2025-04-05T00:00:00Z
CH-A00015,CASE-0121,STATUS_CHANGE,NEW,INVESTIGATING,AGENT,agent began investigation,,2025-04-05T00:00:00Z
CH-A00016,CASE-0121,APPROVAL_REQUEST,INVESTIGATING,PENDING_APPROVAL,AGENT,approval APR-0008 requested for CREATE_DISPUTE,,2025-04-05T00:00:00Z
CH-A00017,CASE-0007,STATUS_CHANGE,NEW,INVESTIGATING,AGENT,agent began investigation,,2025-04-05T00:00:00Z
CH-A00018,CASE-0007,APPROVAL_REQUEST,INVESTIGATING,PENDING_APPROVAL,AGENT,approval APR-0009 requested for CREATE_DISPUTE,,2025-04-05T00:00:00Z
CH-A00019,CASE-0130,STATUS_CHANGE,NEW,INVESTIGATING,AGENT,agent began investigation,,2025-04-05T00:00:00Z
CH-A00020,CASE-0130,APPROVAL_REQUEST,INVESTIGATING,PENDING_APPROVAL,AGENT,approval APR-0010 requested for CREATE_DISPUTE,,2025-04-05T00:00:00Z
CH-A00021,CASE-0046,STATUS_CHANGE,NEW,INVESTIGATING,AGENT,agent began investigation,,2025-04-05T00:00:00Z
CH-A00022,CASE-0046,APPROVAL_REQUEST,INVESTIGATING,PENDING_APPROVAL,AGENT,approval APR-0011 requested for CREATE_DISPUTE,,2025-04-05T00:00:00Z
CH-A00023,CASE-0047,STATUS_CHANGE,NEW,INVESTIGATING,AGENT,agent began investigation,,2025-04-05T00:00:00Z
CH-A00024,CASE-0047,APPROVAL_REQUEST,INVESTIGATING,PENDING_APPROVAL,AGENT,approval APR-0012 requested for CREATE_DISPUTE,,2025-04-05T00:00:00Z
CH-A00025,CASE-0081,STATUS_CHANGE,NEW,INVESTIGATING,AGENT,agent began investigation,,2025-04-05T00:00:00Z
CH-A00026,CASE-0081,APPROVAL_REQUEST,INVESTIGATING,PENDING_APPROVAL,AGENT,approval APR-0013 requested for CREATE_DISPUTE,,2025-04-05T00:00:00Z
CH-A00027,CASE-0101,STATUS_CHANGE,NEW,INVESTIGATING,AGENT,agent began investigation,,2025-04-05T00:00:00Z
CH-A00028,CASE-0101,APPROVAL_REQUEST,INVESTIGATING,PENDING_APPROVAL,AGENT,approval APR-0014 requested for CREATE_DISPUTE,,2025-04-05T00:00:00Z
CH-A00029,CASE-0145,STATUS_CHANGE,NEW,INVESTIGATING,AGENT,agent began investigation,,2025-04-05T00:00:00Z
CH-A00030,CASE-0145,APPROVAL_REQUEST,INVESTIGATING,PENDING_APPROVAL,AGENT,approval APR-0015 requested for CREATE_DISPUTE,,2025-04-05T00:00:00Z
CH-A00031,CASE-0093,STATUS_CHANGE,NEW,INVESTIGATING,AGENT,agent began investigation,,2025-04-05T00:00:00Z
CH-A00032,CASE-0093,APPROVAL_REQUEST,INVESTIGATING,PENDING_APPROVAL,AGENT,approval APR-0016 requested for CREATE_DISPUTE,,2025-04-05T00:00:00Z
CH-A00033,CASE-0092,STATUS_CHANGE,NEW,INVESTIGATING,AGENT,agent began investigation,,2025-04-05T00:00:00Z
CH-A00034,CASE-0092,APPROVAL_REQUEST,INVESTIGATING,PENDING_APPROVAL,AGENT,approval APR-0017 requested for CREATE_DISPUTE,,2025-04-05T00:00:00Z
CH-A00035,CASE-0032,STATUS_CHANGE,NEW,INVESTIGATING,AGENT,agent began investigation,,2025-04-05T00:00:00Z
CH-A00036,CASE-0032,APPROVAL_REQUEST,INVESTIGATING,PENDING_APPROVAL,AGENT,approval APR-0018 requested for CREATE_DISPUTE,,2025-04-05T00:00:00Z
CH-A00037,CASE-0026,STATUS_CHANGE,NEW,INVESTIGATING,AGENT,agent began investigation,,2025-04-05T00:00:00Z
CH-A00038,CASE-0026,APPROVAL_REQUEST,INVESTIGATING,PENDING_APPROVAL,AGENT,approval APR-0019 requested for CREATE_DISPUTE,,2025-04-05T00:00:00Z
CH-A00039,CASE-0086,STATUS_CHANGE,NEW,INVESTIGATING,AGENT,agent began investigation,,2025-04-05T00:00:00Z
CH-A00040,CASE-0086,APPROVAL_REQUEST,INVESTIGATING,PENDING_APPROVAL,AGENT,approval APR-0020 requested for CREATE_DISPUTE,,2025-04-05T00:00:00Z
CH-A00041,CASE-0083,STATUS_CHANGE,NEW,INVESTIGATING,AGENT,agent began investigation,,2025-04-05T00:00:00Z
CH-A00042,CASE-0083,APPROVAL_REQUEST,INVESTIGATING,PENDING_APPROVAL,AGENT,approval APR-0021 requested for CREATE_DISPUTE,,2025-04-05T00:00:00Z
CH-A00043,CASE-0107,STATUS_CHANGE,NEW,INVESTIGATING,AGENT,agent began investigation,,2025-04-05T00:00:00Z
CH-A00044,CASE-0107,APPROVAL_REQUEST,INVESTIGATING,PENDING_APPROVAL,AGENT,approval APR-0022 requested for CREATE_DISPUTE,,2025-04-05T00:00:00Z
CH-A00045,CASE-0088,STATUS_CHANGE,NEW,INVESTIGATING,AGENT,agent began investigation,,2025-04-05T00:00:00Z
CH-A00046,CASE-0088,APPROVAL_REQUEST,INVESTIGATING,PENDING_APPROVAL,AGENT,approval APR-0023 requested for CREATE_DISPUTE,,2025-04-05T00:00:00Z
CH-A00047,CASE-0030,STATUS_CHANGE,NEW,INVESTIGATING,AGENT,agent began investigation,,2025-04-05T00:00:00Z
CH-A00048,CASE-0030,APPROVAL_REQUEST,INVESTIGATING,PENDING_APPROVAL,AGENT,approval APR-0024 requested for CREATE_DISPUTE,,2025-04-05T00:00:00Z
CH-A00049,CASE-0042,STATUS_CHANGE,NEW,INVESTIGATING,AGENT,agent began investigation,,2025-04-05T00:00:00Z
CH-A00050,CASE-0042,APPROVAL_REQUEST,INVESTIGATING,PENDING_APPROVAL,AGENT,approval APR-0025 requested for CREATE_DISPUTE,,2025-04-05T00:00:00Z
CH-A00051,CASE-0122,STATUS_CHANGE,NEW,INVESTIGATING,AGENT,agent began investigation,,2025-04-05T00:00:00Z
CH-A00052,CASE-0122,APPROVAL_REQUEST,INVESTIGATING,PENDING_APPROVAL,AGENT,approval APR-0026 requested for CREATE_DISPUTE,,2025-04-05T00:00:00Z
CH-A00053,CASE-0147,STATUS_CHANGE,NEW,INVESTIGATING,AGENT,agent began investigation,,2025-04-05T00:00:00Z
CH-A00054,CASE-0147,APPROVAL_REQUEST,INVESTIGATING,PENDING_APPROVAL,AGENT,approval APR-0027 requested for CREATE_DISPUTE,,2025-04-05T00:00:00Z
CH-A00055,CASE-0125,STATUS_CHANGE,NEW,INVESTIGATING,AGENT,agent began investigation,,2025-04-05T00:00:00Z
CH-A00056,CASE-0125,APPROVAL_REQUEST,INVESTIGATING,PENDING_APPROVAL,AGENT,approval APR-0028 requested for CREATE_DISPUTE,,2025-04-05T00:00:00Z
CH-A00057,CASE-0140,STATUS_CHANGE,NEW,INVESTIGATING,AGENT,agent began investigation,,2025-04-05T00:00:00Z
CH-A00058,CASE-0140,APPROVAL_REQUEST,INVESTIGATING,PENDING_APPROVAL,AGENT,approval APR-0029 requested for CREATE_DISPUTE,,2025-04-05T00:00:00Z
CH-A00059,CASE-0062,STATUS_CHANGE,NEW,INVESTIGATING,AGENT,agent began investigation,,2025-04-05T00:00:00Z
CH-A00060,CASE-0062,APPROVAL_REQUEST,INVESTIGATING,PENDING_APPROVAL,AGENT,approval APR-0030 requested for CREATE_DISPUTE,,2025-04-05T00:00:00Z
CH-A00061,CASE-0098,STATUS_CHANGE,NEW,INVESTIGATING,AGENT,agent began investigation,,2025-04-05T00:00:00Z
CH-A00062,CASE-0098,APPROVAL_REQUEST,INVESTIGATING,PENDING_APPROVAL,AGENT,approval APR-0031 requested for CREATE_DISPUTE,,2025-04-05T00:00:00Z
CH-A00063,CASE-0055,STATUS_CHANGE,NEW,INVESTIGATING,AGENT,agent began investigation,,2025-04-05T00:00:00Z
CH-A00064,CASE-0055,APPROVAL_REQUEST,INVESTIGATING,PENDING_APPROVAL,AGENT,approval APR-0032 requested for CREATE_DISPUTE,,2025-04-05T00:00:00Z
CH-A00065,CASE-0040,STATUS_CHANGE,NEW,INVESTIGATING,AGENT,agent began investigation,,2025-04-05T00:00:00Z
CH-A00066,CASE-0040,APPROVAL_REQUEST,INVESTIGATING,PENDING_APPROVAL,AGENT,approval APR-0033 requested for CREATE_DISPUTE,,2025-04-05T00:00:00Z
CH-A00067,CASE-0009,STATUS_CHANGE,NEW,INVESTIGATING,AGENT,agent began investigation,,2025-04-05T00:00:00Z
CH-A00068,CASE-0009,APPROVAL_REQUEST,INVESTIGATING,PENDING_APPROVAL,AGENT,approval APR-0034 requested for CREATE_DISPUTE,,2025-04-05T00:00:00Z
CH-A00069,CASE-0052,STATUS_CHANGE,NEW,INVESTIGATING,AGENT,agent began investigation,,2025-04-05T00:00:00Z
CH-A00070,CASE-0052,APPROVAL_REQUEST,INVESTIGATING,PENDING_APPROVAL,AGENT,approval APR-0035 requested for CREATE_DISPUTE,,2025-04-05T00:00:00Z
CH-A00071,CASE-0041,STATUS_CHANGE,NEW,INVESTIGATING,AGENT,agent began investigation,,2025-04-05T00:00:00Z
CH-A00072,CASE-0041,APPROVAL_REQUEST,INVESTIGATING,PENDING_APPROVAL,AGENT,approval APR-0036 requested for CREATE_DISPUTE,,2025-04-05T00:00:00Z
CH-A00073,CASE-0075,STATUS_CHANGE,NEW,INVESTIGATING,AGENT,agent began investigation,,2025-04-05T00:00:00Z
CH-A00074,CASE-0075,APPROVAL_REQUEST,INVESTIGATING,PENDING_APPROVAL,AGENT,approval APR-0037 requested for CREATE_DISPUTE,,2025-04-05T00:00:00Z
CH-A00075,CASE-0087,STATUS_CHANGE,NEW,INVESTIGATING,AGENT,agent began investigation,,2025-04-05T00:00:00Z
CH-A00076,CASE-0087,APPROVAL_REQUEST,INVESTIGATING,PENDING_APPROVAL,AGENT,approval APR-0038 requested for CREATE_DISPUTE,,2025-04-05T00:00:00Z
CH-A00077,CASE-0106,STATUS_CHANGE,NEW,INVESTIGATING,AGENT,agent began investigation,,2025-04-05T00:00:00Z
CH-A00078,CASE-0106,APPROVAL_REQUEST,INVESTIGATING,PENDING_APPROVAL,AGENT,approval APR-0039 requested for CREATE_DISPUTE,,2025-04-05T00:00:00Z
CH-A00079,CASE-0099,STATUS_CHANGE,NEW,INVESTIGATING,AGENT,agent began investigation,,2025-04-05T00:00:00Z
CH-A00080,CASE-0099,APPROVAL_REQUEST,INVESTIGATING,PENDING_APPROVAL,AGENT,approval APR-0040 requested for CREATE_DISPUTE,,2025-04-05T00:00:00Z
CH-A00081,CASE-0104,STATUS_CHANGE,NEW,INVESTIGATING,AGENT,agent began investigation,,2025-04-05T00:00:00Z
CH-A00082,CASE-0104,APPROVAL_REQUEST,INVESTIGATING,PENDING_APPROVAL,AGENT,approval APR-0041 requested for CREATE_DISPUTE,,2025-04-05T00:00:00Z
CH-A00083,CASE-0095,STATUS_CHANGE,NEW,INVESTIGATING,AGENT,agent began investigation,,2025-04-05T00:00:00Z
CH-A00084,CASE-0095,APPROVAL_REQUEST,INVESTIGATING,PENDING_APPROVAL,AGENT,approval APR-0042 requested for CREATE_DISPUTE,,2025-04-05T00:00:00Z
CH-A00085,CASE-0058,STATUS_CHANGE,NEW,INVESTIGATING,AGENT,agent began investigation,,2025-04-05T00:00:00Z
CH-A00086,CASE-0058,APPROVAL_REQUEST,INVESTIGATING,PENDING_APPROVAL,AGENT,approval APR-0043 requested for CREATE_DISPUTE,,2025-04-05T00:00:00Z
CH-A00087,CASE-0136,STATUS_CHANGE,NEW,INVESTIGATING,AGENT,agent began investigation,,2025-04-05T00:00:00Z
CH-A00088,CASE-0063,STATUS_CHANGE,NEW,INVESTIGATING,AGENT,agent began investigation,,2025-04-05T00:00:00Z
CH-A00089,CASE-0021,STATUS_CHANGE,NEW,INVESTIGATING,AGENT,agent began investigation,,2025-04-05T00:00:00Z
CH-A00090,CASE-0021,APPROVAL_REQUEST,INVESTIGATING,PENDING_APPROVAL,AGENT,approval APR-0044 requested for CREATE_DISPUTE,,2025-04-05T00:00:00Z
CH-A00091,CASE-0024,STATUS_CHANGE,NEW,INVESTIGATING,AGENT,agent began investigation,,2025-04-05T00:00:00Z
CH-A00092,CASE-0024,APPROVAL_REQUEST,INVESTIGATING,PENDING_APPROVAL,AGENT,approval APR-0045 requested for CREATE_DISPUTE,,2025-04-05T00:00:00Z
CH-A00093,CASE-0044,STATUS_CHANGE,NEW,INVESTIGATING,AGENT,agent began investigation,,2025-04-05T00:00:00Z
CH-A00094,CASE-0044,APPROVAL_REQUEST,INVESTIGATING,PENDING_APPROVAL,AGENT,approval APR-0046 requested for CREATE_DISPUTE,,2025-04-05T00:00:00Z
CH-A00095,CASE-0039,STATUS_CHANGE,NEW,INVESTIGATING,AGENT,agent began investigation,,2025-04-05T00:00:00Z
CH-A00096,CASE-0039,APPROVAL_REQUEST,INVESTIGATING,PENDING_APPROVAL,AGENT,approval APR-0047 requested for CREATE_DISPUTE,,2025-04-05T00:00:00Z
CH-A00097,CASE-0020,STATUS_CHANGE,NEW,INVESTIGATING,AGENT,agent began investigation,,2025-04-05T00:00:00Z
CH-A00098,CASE-0020,APPROVAL_REQUEST,INVESTIGATING,PENDING_APPROVAL,AGENT,approval APR-0048 requested for CREATE_DISPUTE,,2025-04-05T00:00:00Z
CH-A00099,CASE-0048,STATUS_CHANGE,NEW,INVESTIGATING,AGENT,agent began investigation,,2025-04-05T00:00:00Z
CH-A00100,CASE-0048,APPROVAL_REQUEST,INVESTIGATING,PENDING_APPROVAL,AGENT,approval APR-0049 requested for CREATE_DISPUTE,,2025-04-05T00:00:00Z
CH-A00101,CASE-0112,STATUS_CHANGE,NEW,INVESTIGATING,AGENT,agent began investigation,,2025-04-05T00:00:00Z
CH-A00102,CASE-0112,APPROVAL_REQUEST,INVESTIGATING,PENDING_APPROVAL,AGENT,approval APR-0050 requested for CREATE_DISPUTE,,2025-04-05T00:00:00Z
CH-A00103,CASE-0027,STATUS_CHANGE,NEW,INVESTIGATING,AGENT,agent began investigation,,2025-04-05T00:00:00Z
CH-A00104,CASE-0027,APPROVAL_REQUEST,INVESTIGATING,PENDING_APPROVAL,AGENT,approval APR-0051 requested for CREATE_DISPUTE,,2025-04-05T00:00:00Z
CH-A00105,CASE-0114,STATUS_CHANGE,NEW,INVESTIGATING,AGENT,agent began investigation,,2025-04-05T00:00:00Z
CH-A00106,CASE-0141,STATUS_CHANGE,NEW,INVESTIGATING,AGENT,agent began investigation,,2025-04-05T00:00:00Z
CH-A00107,CASE-0141,APPROVAL_REQUEST,INVESTIGATING,PENDING_APPROVAL,AGENT,approval APR-0052 requested for CREATE_DISPUTE,,2025-04-05T00:00:00Z
CH-A00108,CASE-0139,STATUS_CHANGE,NEW,INVESTIGATING,AGENT,agent began investigation,,2025-04-05T00:00:00Z
CH-A00109,CASE-0139,APPROVAL_REQUEST,INVESTIGATING,PENDING_APPROVAL,AGENT,approval APR-0053 requested for CREATE_DISPUTE,,2025-04-05T00:00:00Z
CH-A00110,CASE-0149,STATUS_CHANGE,NEW,INVESTIGATING,AGENT,agent began investigation,,2025-04-05T00:00:00Z
CH-A00111,CASE-0149,APPROVAL_REQUEST,INVESTIGATING,PENDING_APPROVAL,AGENT,approval APR-0054 requested for CREATE_DISPUTE,,2025-04-05T00:00:00Z
CH-A00112,CASE-0123,STATUS_CHANGE,NEW,INVESTIGATING,AGENT,agent began investigation,,2025-04-05T00:00:00Z
CH-A00113,CASE-0123,APPROVAL_REQUEST,INVESTIGATING,PENDING_APPROVAL,AGENT,approval APR-0055 requested for CREATE_DISPUTE,,2025-04-05T00:00:00Z
CH-A00114,CASE-0132,STATUS_CHANGE,NEW,INVESTIGATING,AGENT,agent began investigation,,2025-04-05T00:00:00Z
CH-A00115,CASE-0132,APPROVAL_REQUEST,INVESTIGATING,PENDING_APPROVAL,AGENT,approval APR-0056 requested for CREATE_DISPUTE,,2025-04-05T00:00:00Z
CH-A00116,CASE-0129,STATUS_CHANGE,NEW,INVESTIGATING,AGENT,agent began investigation,,2025-04-05T00:00:00Z
CH-A00117,CASE-0129,APPROVAL_REQUEST,INVESTIGATING,PENDING_APPROVAL,AGENT,approval APR-0057 requested for CREATE_DISPUTE,,2025-04-05T00:00:00Z
CH-A00118,CASE-0128,STATUS_CHANGE,NEW,INVESTIGATING,AGENT,agent began investigation,,2025-04-05T00:00:00Z
CH-A00119,CASE-0128,APPROVAL_REQUEST,INVESTIGATING,PENDING_APPROVAL,AGENT,approval APR-0058 requested for CREATE_DISPUTE,,2025-04-05T00:00:00Z
CH-A00120,CASE-0119,STATUS_CHANGE,NEW,INVESTIGATING,AGENT,agent began investigation,,2025-04-05T00:00:00Z
CH-A00121,CASE-0119,APPROVAL_REQUEST,INVESTIGATING,PENDING_APPROVAL,AGENT,approval APR-0059 requested for CREATE_DISPUTE,,2025-04-05T00:00:00Z
CH-A00122,CASE-0017,STATUS_CHANGE,NEW,INVESTIGATING,AGENT,agent began investigation,,2025-04-05T00:00:00Z
CH-A00123,CASE-0017,APPROVAL_REQUEST,INVESTIGATING,PENDING_APPROVAL,AGENT,approval APR-0060 requested for CREATE_DISPUTE,,2025-04-05T00:00:00Z
CH-A00124,CASE-0089,STATUS_CHANGE,NEW,INVESTIGATING,AGENT,agent began investigation,,2025-04-05T00:00:00Z
CH-A00125,CASE-0073,STATUS_CHANGE,NEW,INVESTIGATING,AGENT,agent began investigation,,2025-04-05T00:00:00Z
CH-A00126,CASE-0073,APPROVAL_REQUEST,INVESTIGATING,PENDING_APPROVAL,AGENT,approval APR-0061 requested for CREATE_DISPUTE,,2025-04-05T00:00:00Z
CH-A00127,CASE-0090,STATUS_CHANGE,NEW,INVESTIGATING,AGENT,agent began investigation,,2025-04-05T00:00:00Z
CH-A00128,CASE-0090,APPROVAL_REQUEST,INVESTIGATING,PENDING_APPROVAL,AGENT,approval APR-0062 requested for CREATE_DISPUTE,,2025-04-05T00:00:00Z
CH-A00129,CASE-0116,STATUS_CHANGE,NEW,INVESTIGATING,AGENT,agent began investigation,,2025-04-05T00:00:00Z
CH-A00130,CASE-0056,STATUS_CHANGE,NEW,INVESTIGATING,AGENT,agent began investigation,,2025-04-05T00:00:00Z
CH-A00131,CASE-0056,APPROVAL_REQUEST,INVESTIGATING,PENDING_APPROVAL,AGENT,approval APR-0063 requested for CREATE_DISPUTE,,2025-04-05T00:00:00Z
CH-A00132,CASE-0146,STATUS_CHANGE,NEW,INVESTIGATING,AGENT,agent began investigation,,2025-04-05T00:00:00Z
CH-A00133,CASE-0097,STATUS_CHANGE,NEW,INVESTIGATING,AGENT,agent began investigation,,2025-04-05T00:00:00Z
CH-A00134,CASE-0127,STATUS_CHANGE,NEW,INVESTIGATING,AGENT,agent began investigation,,2025-04-05T00:00:00Z
CH-A00135,CASE-0127,APPROVAL_REQUEST,INVESTIGATING,PENDING_APPROVAL,AGENT,approval APR-0064 requested for CREATE_DISPUTE,,2025-04-05T00:00:00Z
CH-A00136,CASE-0080,STATUS_CHANGE,NEW,INVESTIGATING,AGENT,agent began investigation,,2025-04-05T00:00:00Z
CH-A00137,CASE-0019,STATUS_CHANGE,NEW,INVESTIGATING,AGENT,agent began investigation,,2025-04-05T00:00:00Z
CH-A00138,CASE-0019,APPROVAL_REQUEST,INVESTIGATING,PENDING_APPROVAL,AGENT,approval APR-0065 requested for CREATE_DISPUTE,,2025-04-05T00:00:00Z
CH-A00139,CASE-0060,STATUS_CHANGE,NEW,INVESTIGATING,AGENT,agent began investigation,,2025-04-05T00:00:00Z
CH-A00140,CASE-0060,APPROVAL_REQUEST,INVESTIGATING,PENDING_APPROVAL,AGENT,approval APR-0066 requested for CREATE_DISPUTE,,2025-04-05T00:00:00Z
CH-A00141,CASE-0037,STATUS_CHANGE,NEW,INVESTIGATING,AGENT,agent began investigation,,2025-04-05T00:00:00Z
CH-A00142,CASE-0037,APPROVAL_REQUEST,INVESTIGATING,PENDING_APPROVAL,AGENT,approval APR-0067 requested for CREATE_DISPUTE,,2025-04-05T00:00:00Z
CH-A00143,CASE-0102,STATUS_CHANGE,NEW,INVESTIGATING,AGENT,agent began investigation,,2025-04-05T00:00:00Z
CH-A00144,CASE-0102,APPROVAL_REQUEST,INVESTIGATING,PENDING_APPROVAL,AGENT,approval APR-0068 requested for CREATE_DISPUTE,,2025-04-05T00:00:00Z
CH-A00145,CASE-0137,STATUS_CHANGE,NEW,INVESTIGATING,AGENT,agent began investigation,,2025-04-05T00:00:00Z
CH-A00146,CASE-0137,APPROVAL_REQUEST,INVESTIGATING,PENDING_APPROVAL,AGENT,approval APR-0069 requested for CREATE_DISPUTE,,2025-04-05T00:00:00Z
CH-A00147,CASE-0120,STATUS_CHANGE,NEW,INVESTIGATING,AGENT,agent began investigation,,2025-04-05T00:00:00Z
CH-A00148,CASE-0031,STATUS_CHANGE,NEW,INVESTIGATING,AGENT,agent began investigation,,2025-04-05T00:00:00Z
CH-A00149,CASE-0038,STATUS_CHANGE,NEW,INVESTIGATING,AGENT,agent began investigation,,2025-04-05T00:00:00Z
CH-A00150,CASE-0069,STATUS_CHANGE,NEW,INVESTIGATING,AGENT,agent began investigation,,2025-04-05T00:00:00Z
CH-A00151,CASE-0069,APPROVAL_REQUEST,INVESTIGATING,PENDING_APPROVAL,AGENT,approval APR-0070 requested for CREATE_DISPUTE,,2025-04-05T00:00:00Z
CH-A00152,CASE-0053,STATUS_CHANGE,NEW,INVESTIGATING,AGENT,agent began investigation,,2025-04-05T00:00:00Z
CH-A00153,CASE-0131,STATUS_CHANGE,NEW,INVESTIGATING,AGENT,agent began investigation,,2025-04-05T00:00:00Z
CH-A00154,CASE-0103,STATUS_CHANGE,NEW,INVESTIGATING,AGENT,agent began investigation,,2025-04-05T00:00:00Z
CH-A00155,CASE-0103,APPROVAL_REQUEST,INVESTIGATING,PENDING_APPROVAL,AGENT,approval APR-0071 requested for CREATE_DISPUTE,,2025-04-05T00:00:00Z
CH-A00156,CASE-0084,STATUS_CHANGE,NEW,INVESTIGATING,AGENT,agent began investigation,,2025-04-05T00:00:00Z
CH-A00157,CASE-0084,APPROVAL_REQUEST,INVESTIGATING,PENDING_APPROVAL,AGENT,approval APR-0072 requested for CREATE_DISPUTE,,2025-04-05T00:00:00Z
CH-A00158,CASE-0077,STATUS_CHANGE,NEW,INVESTIGATING,AGENT,agent began investigation,,2025-04-05T00:00:00Z
CH-A00159,CASE-0082,STATUS_CHANGE,NEW,INVESTIGATING,AGENT,agent began investigation,,2025-04-05T00:00:00Z
CH-A00160,CASE-0082,APPROVAL_REQUEST,INVESTIGATING,PENDING_APPROVAL,AGENT,approval APR-0073 requested for CREATE_DISPUTE,,2025-04-05T00:00:00Z
CH-A00161,CASE-0078,STATUS_CHANGE,NEW,INVESTIGATING,AGENT,agent began investigation,,2025-04-05T00:00:00Z
CH-A00162,CASE-0078,APPROVAL_REQUEST,INVESTIGATING,PENDING_APPROVAL,AGENT,approval APR-0074 requested for CREATE_DISPUTE,,2025-04-05T00:00:00Z
CH-A00163,CASE-0015,STATUS_CHANGE,NEW,INVESTIGATING,AGENT,agent began investigation,,2025-04-05T00:00:00Z
CH-A00164,CASE-0015,APPROVAL_REQUEST,INVESTIGATING,PENDING_APPROVAL,AGENT,approval APR-0075 requested for CREATE_DISPUTE,,2025-04-05T00:00:00Z
CH-A00165,CASE-0076,STATUS_CHANGE,NEW,INVESTIGATING,AGENT,agent began investigation,,2025-04-05T00:00:00Z
CH-A00166,CASE-0076,APPROVAL_REQUEST,INVESTIGATING,PENDING_APPROVAL,AGENT,approval APR-0076 requested for CREATE_DISPUTE,,2025-04-05T00:00:00Z
CH-A00167,CASE-0096,STATUS_CHANGE,NEW,INVESTIGATING,AGENT,agent began investigation,,2025-04-05T00:00:00Z
CH-A00168,CASE-0124,STATUS_CHANGE,NEW,INVESTIGATING,AGENT,agent began investigation,,2025-04-05T00:00:00Z
CH-A00169,CASE-0124,APPROVAL_REQUEST,INVESTIGATING,PENDING_APPROVAL,AGENT,approval APR-0077 requested for CREATE_DISPUTE,,2025-04-05T00:00:00Z
CH-A00170,CASE-0067,STATUS_CHANGE,NEW,INVESTIGATING,AGENT,agent began investigation,,2025-04-05T00:00:00Z
CH-A00171,CASE-0105,STATUS_CHANGE,NEW,INVESTIGATING,AGENT,agent began investigation,,2025-04-05T00:00:00Z
CH-A00172,CASE-0105,APPROVAL_REQUEST,INVESTIGATING,PENDING_APPROVAL,AGENT,approval APR-0078 requested for CREATE_DISPUTE,,2025-04-05T00:00:00Z
CH-A00173,CASE-0016,STATUS_CHANGE,NEW,INVESTIGATING,AGENT,agent began investigation,,2025-04-05T00:00:00Z
CH-A00174,CASE-0001,STATUS_CHANGE,NEW,INVESTIGATING,AGENT,agent began investigation,,2025-04-05T00:00:00Z
CH-A00175,CASE-0066,STATUS_CHANGE,NEW,INVESTIGATING,AGENT,agent began investigation,,2025-04-05T00:00:00Z
CH-A00176,CASE-0066,APPROVAL_REQUEST,INVESTIGATING,PENDING_APPROVAL,AGENT,approval APR-0079 requested for CREATE_DISPUTE,,2025-04-05T00:00:00Z
CH-A00177,CASE-0079,STATUS_CHANGE,NEW,INVESTIGATING,AGENT,agent began investigation,,2025-04-05T00:00:00Z
CH-A00178,CASE-0033,STATUS_CHANGE,NEW,INVESTIGATING,AGENT,agent began investigation,,2025-04-05T00:00:00Z
CH-A00179,CASE-0144,STATUS_CHANGE,NEW,INVESTIGATING,AGENT,agent began investigation,,2025-04-05T00:00:00Z
CH-A00180,CASE-0144,APPROVAL_REQUEST,INVESTIGATING,PENDING_APPROVAL,AGENT,approval APR-0080 requested for CREATE_DISPUTE,,2025-04-05T00:00:00Z
CH-A00181,CASE-0034,STATUS_CHANGE,NEW,INVESTIGATING,AGENT,agent began investigation,,2025-04-05T00:00:00Z
CH-A00182,CASE-0034,APPROVAL_REQUEST,INVESTIGATING,PENDING_APPROVAL,AGENT,approval APR-0081 requested for CREATE_DISPUTE,,2025-04-05T00:00:00Z
CH-A00183,CASE-0011,STATUS_CHANGE,NEW,INVESTIGATING,AGENT,agent began investigation,,2025-04-05T00:00:00Z
CH-A00184,CASE-0011,APPROVAL_REQUEST,INVESTIGATING,PENDING_APPROVAL,AGENT,approval APR-0082 requested for CREATE_DISPUTE,,2025-04-05T00:00:00Z
CH-A00185,CASE-0110,STATUS_CHANGE,NEW,INVESTIGATING,AGENT,agent began investigation,,2025-04-05T00:00:00Z
CH-A00186,CASE-0110,APPROVAL_REQUEST,INVESTIGATING,PENDING_APPROVAL,AGENT,approval APR-0083 requested for CREATE_DISPUTE,,2025-04-05T00:00:00Z
CH-A00187,CASE-0005,STATUS_CHANGE,NEW,INVESTIGATING,AGENT,agent began investigation,,2025-04-05T00:00:00Z
CH-A00188,CASE-0005,APPROVAL_REQUEST,INVESTIGATING,PENDING_APPROVAL,AGENT,approval APR-0084 requested for CREATE_DISPUTE,,2025-04-05T00:00:00Z
CH-A00189,CASE-0068,STATUS_CHANGE,NEW,INVESTIGATING,AGENT,agent began investigation,,2025-04-05T00:00:00Z
CH-A00190,CASE-0068,APPROVAL_REQUEST,INVESTIGATING,PENDING_APPROVAL,AGENT,approval APR-0085 requested for CREATE_DISPUTE,,2025-04-05T00:00:00Z
CH-A00191,CASE-0115,STATUS_CHANGE,NEW,INVESTIGATING,AGENT,agent began investigation,,2025-04-05T00:00:00Z
CH-A00192,CASE-0111,STATUS_CHANGE,NEW,INVESTIGATING,AGENT,agent began investigation,,2025-04-05T00:00:00Z
CH-A00193,CASE-0113,STATUS_CHANGE,NEW,INVESTIGATING,AGENT,agent began investigation,,2025-04-05T00:00:00Z
CH-A00194,CASE-0113,APPROVAL_REQUEST,INVESTIGATING,PENDING_APPROVAL,AGENT,approval APR-0086 requested for CREATE_DISPUTE,,2025-04-05T00:00:00Z
CH-A00195,CASE-0043,STATUS_CHANGE,NEW,INVESTIGATING,AGENT,agent began investigation,,2025-04-05T00:00:00Z
CH-A00196,CASE-0022,STATUS_CHANGE,NEW,INVESTIGATING,AGENT,agent began investigation,,2025-04-05T00:00:00Z
CH-A00197,CASE-0054,STATUS_CHANGE,NEW,INVESTIGATING,AGENT,agent began investigation,,2025-04-05T00:00:00Z
CH-A00198,CASE-0051,STATUS_CHANGE,NEW,INVESTIGATING,AGENT,agent began investigation,,2025-04-05T00:00:00Z
CH-A00199,CASE-0142,STATUS_CHANGE,NEW,INVESTIGATING,AGENT,agent began investigation,,2025-04-05T00:00:00Z
CH-A00200,CASE-0142,APPROVAL_REQUEST,INVESTIGATING,PENDING_APPROVAL,AGENT,approval APR-0087 requested for CREATE_DISPUTE,,2025-04-05T00:00:00Z
CH-A00201,CASE-0036,STATUS_CHANGE,NEW,INVESTIGATING,AGENT,agent began investigation,,2025-04-05T00:00:00Z
CH-A00202,CASE-0036,APPROVAL_REQUEST,INVESTIGATING,PENDING_APPROVAL,AGENT,approval APR-0088 requested for CREATE_DISPUTE,,2025-04-05T00:00:00Z
CH-A00203,CASE-0065,STATUS_CHANGE,NEW,INVESTIGATING,AGENT,agent began investigation,,2025-04-05T00:00:00Z
CH-A00204,CASE-0064,STATUS_CHANGE,NEW,INVESTIGATING,AGENT,agent began investigation,,2025-04-05T00:00:00Z
CH-A00205,CASE-0064,APPROVAL_REQUEST,INVESTIGATING,PENDING_APPROVAL,AGENT,approval APR-0089 requested for CREATE_DISPUTE,,2025-04-05T00:00:00Z
CH-A00206,CASE-0085,STATUS_CHANGE,NEW,INVESTIGATING,AGENT,agent began investigation,,2025-04-05T00:00:00Z
CH-A00207,CASE-0134,STATUS_CHANGE,NEW,INVESTIGATING,AGENT,agent began investigation,,2025-04-05T00:00:00Z
CH-A00208,CASE-0074,STATUS_CHANGE,NEW,INVESTIGATING,AGENT,agent began investigation,,2025-04-05T00:00:00Z
CH-A00209,CASE-0035,STATUS_CHANGE,NEW,INVESTIGATING,AGENT,agent began investigation,,2025-04-05T00:00:00Z
CH-A00210,CASE-0035,APPROVAL_REQUEST,INVESTIGATING,PENDING_APPROVAL,AGENT,approval APR-0090 requested for CREATE_DISPUTE,,2025-04-05T00:00:00Z
CH-A00211,CASE-0013,STATUS_CHANGE,NEW,INVESTIGATING,AGENT,agent began investigation,,2025-04-05T00:00:00Z
CH-A00212,CASE-0070,STATUS_CHANGE,NEW,INVESTIGATING,AGENT,agent began investigation,,2025-04-05T00:00:00Z
CH-A00213,CASE-0014,STATUS_CHANGE,NEW,INVESTIGATING,AGENT,agent began investigation,,2025-04-05T00:00:00Z
CH-A00214,CASE-0014,APPROVAL_REQUEST,INVESTIGATING,PENDING_APPROVAL,AGENT,approval APR-0091 requested for CREATE_DISPUTE,,2025-04-05T00:00:00Z
CH-A00215,CASE-0126,STATUS_CHANGE,NEW,INVESTIGATING,AGENT,agent began investigation,,2025-04-05T00:00:00Z
CH-A00216,CASE-0008,STATUS_CHANGE,NEW,INVESTIGATING,AGENT,agent began investigation,,2025-04-05T00:00:00Z
CH-A00217,CASE-0071,STATUS_CHANGE,NEW,INVESTIGATING,AGENT,agent began investigation,,2025-04-05T00:00:00Z
CH-A00218,CASE-0057,STATUS_CHANGE,NEW,INVESTIGATING,AGENT,agent began investigation,,2025-04-05T00:00:00Z
CH-A00219,CASE-0135,STATUS_CHANGE,NEW,INVESTIGATING,AGENT,agent began investigation,,2025-04-05T00:00:00Z
CH-A00220,CASE-0135,APPROVAL_REQUEST,INVESTIGATING,PENDING_APPROVAL,AGENT,approval APR-0092 requested for CREATE_DISPUTE,,2025-04-05T00:00:00Z
CH-A00221,CASE-0050,STATUS_CHANGE,NEW,INVESTIGATING,AGENT,agent began investigation,,2025-04-05T00:00:00Z
CH-A00222,CASE-0138,STATUS_CHANGE,NEW,INVESTIGATING,AGENT,agent began investigation,,2025-04-05T00:00:00Z
CH-A00223,CASE-0012,STATUS_CHANGE,NEW,INVESTIGATING,AGENT,agent began investigation,,2025-04-05T00:00:00Z
CH-A00224,CASE-0006,STATUS_CHANGE,NEW,INVESTIGATING,AGENT,agent began investigation,,2025-04-05T00:00:00Z
CH-A00225,CASE-0006,APPROVAL_REQUEST,INVESTIGATING,PENDING_APPROVAL,AGENT,approval APR-0093 requested for CREATE_DISPUTE,,2025-04-05T00:00:00Z
CH-A00226,CASE-0100,STATUS_CHANGE,NEW,INVESTIGATING,AGENT,agent began investigation,,2025-04-05T00:00:00Z
CH-A00227,CASE-0072,STATUS_CHANGE,NEW,INVESTIGATING,AGENT,agent began investigation,,2025-04-05T00:00:00Z
CH-A00228,CASE-0023,STATUS_CHANGE,NEW,INVESTIGATING,AGENT,agent began investigation,,2025-04-05T00:00:00Z
CH-A00229,CASE-0018,STATUS_CHANGE,NEW,INVESTIGATING,AGENT,agent began investigation,,2025-04-05T00:00:00Z
CH-A00230,CASE-0109,STATUS_CHANGE,NEW,INVESTIGATING,AGENT,agent began investigation,,2025-04-05T00:00:00Z
CH-A00231,CASE-0133,STATUS_CHANGE,NEW,INVESTIGATING,AGENT,agent began investigation,,2025-04-05T00:00:00Z
CH-A00232,CASE-0133,APPROVAL_REQUEST,INVESTIGATING,PENDING_APPROVAL,AGENT,approval APR-0094 requested for CREATE_DISPUTE,,2025-04-05T00:00:00Z
CH-A00233,CASE-0010,STATUS_CHANGE,NEW,INVESTIGATING,AGENT,agent began investigation,,2025-04-05T00:00:00Z
CH-A00234,CASE-0148,STATUS_CHANGE,NEW,INVESTIGATING,AGENT,agent began investigation,,2025-04-05T00:00:00Z
CH-A00235,CASE-0045,STATUS_CHANGE,NEW,INVESTIGATING,AGENT,agent began investigation,,2025-04-05T00:00:00Z
CH-A00236,CASE-0049,STATUS_CHANGE,NEW,INVESTIGATING,AGENT,agent began investigation,,2025-04-05T00:00:00Z
CH-A00237,CASE-0049,APPROVAL_REQUEST,INVESTIGATING,PENDING_APPROVAL,AGENT,approval APR-0095 requested for CREATE_DISPUTE,,2025-04-05T00:00:00Z
CH-A00238,CASE-0028,STATUS_CHANGE,NEW,INVESTIGATING,AGENT,agent began investigation,,2025-04-05T00:00:00Z
CH-A00239,CASE-0028,APPROVAL_REQUEST,INVESTIGATING,PENDING_APPROVAL,AGENT,approval APR-0096 requested for CREATE_DISPUTE,,2025-04-05T00:00:00Z
CH-A00240,CASE-0118,STATUS_CHANGE,NEW,INVESTIGATING,AGENT,agent began investigation,,2025-04-05T00:00:00Z
CH-A00241,CASE-0094,STATUS_CHANGE,NEW,INVESTIGATING,AGENT,agent began investigation,,2025-04-05T00:00:00Z
CH-A00242,CASE-0003,STATUS_CHANGE,NEW,INVESTIGATING,AGENT,agent began investigation,,2025-04-05T00:00:00Z
CH-A00243,CASE-0025,STATUS_CHANGE,NEW,INVESTIGATING,AGENT,agent began investigation,,2025-04-05T00:00:00Z
CH-A00244,CASE-0059,STATUS_CHANGE,NEW,INVESTIGATING,AGENT,agent began investigation,,2025-04-05T00:00:00Z
CH-A00245,CASE-0002,STATUS_CHANGE,NEW,INVESTIGATING,AGENT,agent began investigation,,2025-04-05T00:00:00Z
