case_id,anomaly_id,order_id,payment_id,customer_id,category,priority,status,expected_fee,expected_tax,expected_settlement,actual_fee,actual_tax,actual_settlement,known_adjustments,refund_status,recon_status,potential_leakage,confidence,recoverability_status,potential_recovery,deadline_at,allowed_actions,approval_required,opened_at,closed_at
CASE-0001,anm-00001,ORD-1,PAY-0001,CUS-0040,FEE_DISCREPANCY,LOW,NEW,24.61,4.43,1201.41,36.29,6.53,1189.73,0,NONE,MISMATCH,13.78,0.90,ACTION_READY,13.78,2025-05-05T00:00:00Z,NOTIFY_GATEWAY|DRAFT_DISPUTE|FINANCE_REVIEW|ESCALATE|CLOSE_NO_ACTION,FALSE,2025-04-05T00:00:00Z,
CASE-0002,anm-00002,ORD-4,PAY-0004,CUS-0157,FEE_DISCREPANCY,LOW,NEW,2.46,0.44,611.29,3.46,0.62,610.29,0,NONE,MISMATCH,1.18,0.90,ACTION_READY,1.18,2025-05-05T00:00:00Z,NOTIFY_GATEWAY|DRAFT_DISPUTE|FINANCE_REVIEW|ESCALATE|CLOSE_NO_ACTION,FALSE,2025-04-05T00:00:00Z,
CASE-0003,anm-00003,ORD-9,PAY-0009,CUS-0079,FEE_DISCREPANCY,LOW,NEW,2.59,0.47,645.46,3.81,0.69,644.24,0,NONE,MISMATCH,1.44,0.90,ACTION_READY,1.44,2025-05-05T00:00:00Z,NOTIFY_GATEWAY|DRAFT_DISPUTE|FINANCE_REVIEW|ESCALATE|CLOSE_NO_ACTION,FALSE,2025-04-05T00:00:00Z,
CASE-0004,anm-00004,ORD-12,PAY-0012,CUS-0177,SETTLEMENT_MISMATCH,HIGH,NEW,39.85,7.17,1945.43,39.85,7.17,0,0,NONE,MISMATCH,1945.43,0.90,ACTION_READY,1945.43,2025-05-05T00:00:00Z,DRAFT_DISPUTE|CREATE_DISPUTE|NOTIFY_GATEWAY|FINANCE_REVIEW|ESCALATE,TRUE,2025-04-05T00:00:00Z,
CASE-0005,anm-00005,ORD-16,PAY-0016,CUS-0248,REFUND_ECONOMICS,LOW,NEW,21.24,3.82,1036.95,21.24,3.82,595.52,0,REFUNDED,MISMATCH,8.83,0.90,ACTION_READY,8.83,2025-05-05T00:00:00Z,DRAFT_DISPUTE|CREATE_DISPUTE|FINANCE_REVIEW|ESCALATE|CLOSE_NO_ACTION,FALSE,2025-04-05T00:00:00Z,
CASE-0006,anm-00006,ORD-17,PAY-0017,CUS-0039,REFUND_ECONOMICS,LOW,NEW,7.88,1.42,384.83,7.88,1.42,206.34,0,REFUNDED,MISMATCH,3.57,0.90,ACTION_READY,3.57,2025-05-05T00:00:00Z,DRAFT_DISPUTE|CREATE_DISPUTE|FINANCE_REVIEW|ESCALATE|CLOSE_NO_ACTION,FALSE,2025-04-05T00:00:00Z,
CASE-0007,anm-00007,ORD-25,PAY-0025,CUS-0019,SETTLEMENT_MISMATCH,HIGH,NEW,58.27,10.49,2844.83,58.27,10.49,0,0,REFUNDED,MISMATCH,1541.86,0.90,ACTION_READY,1541.86,2025-05-05T00:00:00Z,DRAFT_DISPUTE|CREATE_DISPUTE|NOTIFY_GATEWAY|FINANCE_REVIEW|ESCALATE,TRUE,2025-04-05T00:00:00Z,
CASE-0008,anm-00008,ORD-35,PAY-0035,CUS-0093,FEE_DISCREPANCY,LOW,NEW,4.38,0.79,1089.49,8.76,1.58,783.01,0,REFUNDED,MISMATCH,5.17,0.90,ACTION_READY,5.17,2025-05-05T00:00:00Z,NOTIFY_GATEWAY|DRAFT_DISPUTE|FINANCE_REVIEW|ESCALATE|CLOSE_NO_ACTION,FALSE,2025-04-05T00:00:00Z,
CASE-0009,anm-00009,ORD-36,PAY-0036,CUS-0069,SETTLEMENT_MISMATCH,MEDIUM,NEW,17.33,3.12,4312.97,17.33,3.12,4018.73,0,NONE,MISMATCH,294.24,0.90,ACTION_READY,294.24,2025-05-05T00:00:00Z,DRAFT_DISPUTE|CREATE_DISPUTE|NOTIFY_GATEWAY|FINANCE_REVIEW|ESCALATE,FALSE,2025-04-05T00:00:00Z,
CASE-0010,anm-00010,ORD-41,PAY-0041,CUS-0236,FEE_DISCREPANCY,LOW,NEW,7.36,1.32,1830.08,9.29,1.67,1180.13,0,REFUNDED,MISMATCH,2.28,0.90,ACTION_READY,2.28,2025-05-05T00:00:00Z,NOTIFY_GATEWAY|DRAFT_DISPUTE|FINANCE_REVIEW|ESCALATE|CLOSE_NO_ACTION,FALSE,2025-04-05T00:00:00Z,
CASE-0011,anm-00011,ORD-48,PAY-0048,CUS-0203,REFUND_ECONOMICS,LOW,NEW,24.0,4.32,6091.15,12.0,2.16,3051.11,0,REFUNDED,MISMATCH,9.94,0.90,ACTION_READY,9.94,2025-05-05T00:00:00Z,DRAFT_DISPUTE|CREATE_DISPUTE|FINANCE_REVIEW|ESCALATE|CLOSE_NO_ACTION,FALSE,2025-04-05T00:00:00Z,
CASE-0012,anm-00012,ORD-50,PAY-0050,CUS-0026,FEE_DISCREPANCY,LOW,NEW,3.33,0.6,827.82,6.66,1.2,823.89,0,NONE,MISMATCH,3.93,0.90,ACTION_READY,3.93,2025-05-05T00:00:00Z,NOTIFY_GATEWAY|DRAFT_DISPUTE|FINANCE_REVIEW|ESCALATE|CLOSE_NO_ACTION,FALSE,2025-04-05T00:00:00Z,
CASE-0013,anm-00013,ORD-51,PAY-0051,CUS-0168,FEE_DISCREPANCY,LOW,NEW,8.41,1.51,347.74,12.97,2.33,343.18,0,NONE,MISMATCH,5.38,0.90,ACTION_READY,5.38,2025-05-05T00:00:00Z,NOTIFY_GATEWAY|DRAFT_DISPUTE|FINANCE_REVIEW|ESCALATE|CLOSE_NO_ACTION,FALSE,2025-04-05T00:00:00Z,
CASE-0014,anm-00014,ORD-54,PAY-0054,CUS-0176,REFUND_ECONOMICS,LOW,NEW,18.32,3.3,942.43,18.32,3.3,661.24,0,REFUNDED,MISMATCH,5.34,0.90,ACTION_READY,5.34,2025-05-05T00:00:00Z,DRAFT_DISPUTE|CREATE_DISPUTE|FINANCE_REVIEW|ESCALATE|CLOSE_NO_ACTION,FALSE,2025-04-05T00:00:00Z,
CASE-0015,anm-00015,ORD-56,PAY-0056,CUS-0136,REFUND_ECONOMICS,LOW,NEW,41.51,7.47,2026.38,41.51,7.47,1136.36,0,REFUNDED,MISMATCH,17.8,0.90,ACTION_READY,17.8,2025-05-05T00:00:00Z,DRAFT_DISPUTE|CREATE_DISPUTE|FINANCE_REVIEW|ESCALATE|CLOSE_NO_ACTION,FALSE,2025-04-05T00:00:00Z,
CASE-0016,anm-00016,ORD-65,PAY-0065,CUS-0025,FEE_DISCREPANCY,LOW,NEW,30.61,5.51,1574.72,42.39,7.63,1562.94,0,NONE,MISMATCH,13.9,0.90,ACTION_READY,13.9,2025-05-05T00:00:00Z,NOTIFY_GATEWAY|DRAFT_DISPUTE|FINANCE_REVIEW|ESCALATE|CLOSE_NO_ACTION,FALSE,2025-04-05T00:00:00Z,
CASE-0017,anm-00017,ORD-71,PAY-0071,CUS-0248,SETTLEMENT_MISMATCH,LOW,NEW,12.0,2.16,1218.03,12.0,2.16,1159.98,0,NONE,MISMATCH,58.05,0.90,ACTION_READY,58.05,2025-05-05T00:00:00Z,DRAFT_DISPUTE|CREATE_DISPUTE|NOTIFY_GATEWAY|FINANCE_REVIEW|ESCALATE,FALSE,2025-04-05T00:00:00Z,
CASE-0018,anm-00018,ORD-74,PAY-0074,CUS-0057,FEE_DISCREPANCY,LOW,NEW,6.94,1.25,1726.07,9.19,1.65,1723.82,0,NONE,MISMATCH,2.65,0.90,ACTION_READY,2.65,2025-05-05T00:00:00Z,NOTIFY_GATEWAY|DRAFT_DISPUTE|FINANCE_REVIEW|ESCALATE|CLOSE_NO_ACTION,FALSE,2025-04-05T00:00:00Z,
CASE-0019,anm-00019,ORD-76,PAY-0076,CUS-0095,SETTLEMENT_MISMATCH,LOW,NEW,2.5,0.45,622.1,2.5,0.45,585.3,0,NONE,MISMATCH,36.8,0.90,ACTION_READY,36.8,2025-05-05T00:00:00Z,DRAFT_DISPUTE|CREATE_DISPUTE|NOTIFY_GATEWAY|FINANCE_REVIEW|ESCALATE,FALSE,2025-04-05T00:00:00Z,
CASE-0020,anm-00020,ORD-77,PAY-0077,CUS-0107,SETTLEMENT_MISMATCH,MEDIUM,NEW,21.02,3.78,5230.38,21.02,3.78,2969.53,0,REFUNDED,MISMATCH,114.35,0.90,ACTION_READY,114.35,2025-05-05T00:00:00Z,DRAFT_DISPUTE|CREATE_DISPUTE|NOTIFY_GATEWAY|FINANCE_REVIEW|ESCALATE,FALSE,2025-04-05T00:00:00Z,
CASE-0021,anm-00021,ORD-80,PAY-0080,CUS-0016,SETTLEMENT_MISMATCH,MEDIUM,NEW,41.84,7.53,2042.83,41.84,7.53,1906.44,0,NONE,MISMATCH,136.39,0.90,ACTION_READY,136.39,2025-05-05T00:00:00Z,DRAFT_DISPUTE|CREATE_DISPUTE|NOTIFY_GATEWAY|FINANCE_REVIEW|ESCALATE,FALSE,2025-04-05T00:00:00Z,
CASE-0022,anm-00022,ORD-82,PAY-0082,CUS-0018,FEE_DISCREPANCY,LOW,NEW,12.0,2.16,1378.74,18.34,3.3,1372.4,0,NONE,MISMATCH,7.48,0.90,ACTION_READY,7.48,2025-05-05T00:00:00Z,NOTIFY_GATEWAY|DRAFT_DISPUTE|FINANCE_REVIEW|ESCALATE|CLOSE_NO_ACTION,FALSE,2025-04-05T00:00:00Z,
CASE-0023,anm-00023,ORD-91,PAY-0091,CUS-0163,FEE_DISCREPANCY,LOW,NEW,8.16,1.47,2029.62,10.79,1.94,2026.99,0,NONE,MISMATCH,3.1,0.90,ACTION_READY,3.1,2025-05-05T00:00:00Z,NOTIFY_GATEWAY|DRAFT_DISPUTE|FINANCE_REVIEW|ESCALATE|CLOSE_NO_ACTION,FALSE,2025-04-05T00:00:00Z,
CASE-0024,anm-00025,ORD-101,PAY-0101,CUS-0250,SETTLEMENT_MISMATCH,MEDIUM,NEW,12.0,2.16,2145.42,17.12,3.08,2013.77,0,NONE,MISMATCH,131.65,0.90,ACTION_READY,131.65,2025-05-05T00:00:00Z,DRAFT_DISPUTE|CREATE_DISPUTE|NOTIFY_GATEWAY|FINANCE_REVIEW|ESCALATE,FALSE,2025-04-05T00:00:00Z,
CASE-0025,anm-00026,ORD-118,PAY-0118,CUS-0020,FEE_DISCREPANCY,LOW,NEW,1.2,0.22,297.58,2.4,0.44,208.66,0,REFUNDED,MISMATCH,1.42,0.90,ACTION_READY,1.42,2025-05-05T00:00:00Z,NOTIFY_GATEWAY|DRAFT_DISPUTE|FINANCE_REVIEW|ESCALATE|CLOSE_NO_ACTION,FALSE,2025-04-05T00:00:00Z,
CASE-0026,anm-00027,ORD-126,PAY-0126,CUS-0119,SETTLEMENT_MISMATCH,HIGH,NEW,5.16,0.93,1283.49,5.16,0.93,0,0,REFUNDED,MISMATCH,792.3,0.90,ACTION_READY,792.3,2025-05-05T00:00:00Z,DRAFT_DISPUTE|CREATE_DISPUTE|NOTIFY_GATEWAY|FINANCE_REVIEW|ESCALATE,TRUE,2025-04-05T00:00:00Z,
CASE-0027,anm-00028,ORD-129,PAY-0129,CUS-0113,SETTLEMENT_MISMATCH,MEDIUM,NEW,6.0,1.08,1494.11,6.0,1.08,1392.38,0,NONE,MISMATCH,101.73,0.90,ACTION_READY,101.73,2025-05-05T00:00:00Z,DRAFT_DISPUTE|CREATE_DISPUTE|NOTIFY_GATEWAY|FINANCE_REVIEW|ESCALATE,FALSE,2025-04-05T00:00:00Z,
CASE-0028,anm-00029,ORD-137,PAY-0137,CUS-0036,REFUND_ECONOMICS,LOW,NEW,6.25,1.12,305.2,6.25,1.12,201.3,0,REFUNDED,MISMATCH,2.08,0.90,ACTION_READY,2.08,2025-05-05T00:00:00Z,DRAFT_DISPUTE|CREATE_DISPUTE|FINANCE_REVIEW|ESCALATE|CLOSE_NO_ACTION,FALSE,2025-04-05T00:00:00Z,
CASE-0029,anm-00030,ORD-138,PAY-0138,CUS-0097,SETTLEMENT_MISMATCH,HIGH,NEW,42.87,7.72,2092.88,42.87,7.72,0,0,NONE,MISMATCH,2092.88,0.90,ACTION_READY,2092.88,2025-05-05T00:00:00Z,DRAFT_DISPUTE|CREATE_DISPUTE|NOTIFY_GATEWAY|FINANCE_REVIEW|ESCALATE,TRUE,2025-04-05T00:00:00Z,
CASE-0030,anm-00031,ORD-140,PAY-0140,CUS-0192,SETTLEMENT_MISMATCH,HIGH,NEW,12.0,2.16,571.83,12.0,2.16,0,0,NONE,MISMATCH,571.83,0.90,ACTION_READY,571.83,2025-05-05T00:00:00Z,DRAFT_DISPUTE|CREATE_DISPUTE|NOTIFY_GATEWAY|FINANCE_REVIEW|ESCALATE,TRUE,2025-04-05T00:00:00Z,
CASE-0031,anm-00032,ORD-143,PAY-0143,CUS-0248,FEE_DISCREPANCY,LOW,NEW,41.3,7.43,2016.28,63.11,11.36,1994.47,0,NONE,MISMATCH,25.74,0.90,ACTION_READY,25.74,2025-05-05T00:00:00Z,NOTIFY_GATEWAY|DRAFT_DISPUTE|FINANCE_REVIEW|ESCALATE|CLOSE_NO_ACTION,FALSE,2025-04-05T00:00:00Z,
CASE-0032,anm-00033,ORD-157,PAY-0157,CUS-0096,SETTLEMENT_MISMATCH,HIGH,NEW,16.69,3.0,814.95,16.69,3.0,0,0,NONE,MISMATCH,814.95,0.90,ACTION_READY,814.95,2025-05-05T00:00:00Z,DRAFT_DISPUTE|CREATE_DISPUTE|NOTIFY_GATEWAY|FINANCE_REVIEW|ESCALATE,TRUE,2025-04-05T00:00:00Z,
CASE-0033,anm-00034,ORD-161,PAY-0161,CUS-0184,FEE_DISCREPANCY,LOW,NEW,24.0,4.32,959.18,15.38,2.77,949.55,0,NONE,MISMATCH,11.36,0.90,ACTION_READY,11.36,2025-05-05T00:00:00Z,NOTIFY_GATEWAY|DRAFT_DISPUTE|FINANCE_REVIEW|ESCALATE|CLOSE_NO_ACTION,FALSE,2025-04-05T00:00:00Z,
CASE-0034,anm-00036,ORD-164,PAY-0164,CUS-0092,SETTLEMENT_MISMATCH,LOW,NEW,5.68,1.02,292.3,8.03,1.45,281.74,0,NONE,MISMATCH,10.56,0.90,ACTION_READY,10.56,2025-05-05T00:00:00Z,DRAFT_DISPUTE|CREATE_DISPUTE|NOTIFY_GATEWAY|FINANCE_REVIEW|ESCALATE,FALSE,2025-04-05T00:00:00Z,
CASE-0035,anm-00037,ORD-168,PAY-0168,CUS-0140,SETTLEMENT_MISMATCH,LOW,NEW,9.15,1.65,446.76,9.15,1.65,441.31,0,NONE,MISMATCH,5.45,0.90,ACTION_READY,5.45,2025-05-05T00:00:00Z,DRAFT_DISPUTE|CREATE_DISPUTE|NOTIFY_GATEWAY|FINANCE_REVIEW|ESCALATE,FALSE,2025-04-05T00:00:00Z,
CASE-0036,anm-00038,ORD-173,PAY-0173,CUS-0136,REFUND_ECONOMICS,LOW,NEW,31.5,5.67,1537.95,31.5,5.67,1218.43,0,REFUNDED,MISMATCH,6.39,0.90,ACTION_READY,6.39,2025-05-05T00:00:00Z,DRAFT_DISPUTE|CREATE_DISPUTE|FINANCE_REVIEW|ESCALATE|CLOSE_NO_ACTION,FALSE,2025-04-05T00:00:00Z,
CASE-0037,anm-00039,ORD-176,PAY-0176,CUS-0126,REFUND_ECONOMICS,LOW,NEW,70.17,12.63,3425.6,70.17,12.63,1742.84,0,REFUNDED,MISMATCH,33.66,0.90,ACTION_READY,33.66,2025-05-05T00:00:00Z,DRAFT_DISPUTE|CREATE_DISPUTE|FINANCE_REVIEW|ESCALATE|CLOSE_NO_ACTION,FALSE,2025-04-05T00:00:00Z,
CASE-0038,anm-00040,ORD-178,PAY-0178,CUS-0077,FEE_DISCREPANCY,LOW,NEW,69.55,12.52,3578.48,89.74,16.15,3558.29,0,NONE,MISMATCH,23.82,0.90,ACTION_READY,23.82,2025-05-05T00:00:00Z,NOTIFY_GATEWAY|DRAFT_DISPUTE|FINANCE_REVIEW|ESCALATE|CLOSE_NO_ACTION,FALSE,2025-04-05T00:00:00Z,
CASE-0039,anm-00041,ORD-179,PAY-0179,CUS-0032,SETTLEMENT_MISMATCH,MEDIUM,NEW,51.5,9.27,2130.73,51.5,9.27,2011.23,0,NONE,MISMATCH,119.5,0.90,ACTION_READY,119.5,2025-05-05T00:00:00Z,DRAFT_DISPUTE|CREATE_DISPUTE|NOTIFY_GATEWAY|FINANCE_REVIEW|ESCALATE,FALSE,2025-04-05T00:00:00Z,
CASE-0040,anm-00042,ORD-182,PAY-0182,CUS-0123,SETTLEMENT_MISMATCH,MEDIUM,NEW,68.45,12.32,17031.96,68.45,12.32,11894.06,0,REFUNDED,MISMATCH,300.05,0.90,ACTION_READY,300.05,2025-05-05T00:00:00Z,DRAFT_DISPUTE|CREATE_DISPUTE|NOTIFY_GATEWAY|FINANCE_REVIEW|ESCALATE,FALSE,2025-04-05T00:00:00Z,
CASE-0041,anm-00043,ORD-188,PAY-0188,CUS-0137,SETTLEMENT_MISMATCH,MEDIUM,NEW,5.98,1.08,291.94,5.98,1.08,0,0,NONE,MISMATCH,291.94,0.90,ACTION_READY,291.94,2025-05-05T00:00:00Z,DRAFT_DISPUTE|CREATE_DISPUTE|NOTIFY_GATEWAY|FINANCE_REVIEW|ESCALATE,FALSE,2025-04-05T00:00:00Z,
CASE-0042,anm-00044,ORD-196,PAY-0196,CUS-0064,SETTLEMENT_MISMATCH,HIGH,NEW,13.3,2.39,550.24,13.3,2.39,0,0,NONE,MISMATCH,550.24,0.90,ACTION_READY,550.24,2025-05-05T00:00:00Z,DRAFT_DISPUTE|CREATE_DISPUTE|NOTIFY_GATEWAY|FINANCE_REVIEW|ESCALATE,TRUE,2025-04-05T00:00:00Z,
CASE-0043,anm-00045,ORD-201,PAY-0201,CUS-0103,FEE_DISCREPANCY,LOW,NEW,6.42,1.16,313.59,12.84,2.32,232.14,0,REFUNDED,MISMATCH,7.58,0.90,ACTION_READY,7.58,2025-05-05T00:00:00Z,NOTIFY_GATEWAY|DRAFT_DISPUTE|FINANCE_REVIEW|ESCALATE|CLOSE_NO_ACTION,FALSE,2025-04-05T00:00:00Z,
CASE-0044,anm-00046,ORD-209,PAY-0209,CUS-0150,SETTLEMENT_MISMATCH,MEDIUM,NEW,134.15,24.15,6549.16,134.15,24.15,6419.57,0,NONE,MISMATCH,129.59,0.90,ACTION_READY,129.59,2025-05-05T00:00:00Z,DRAFT_DISPUTE|CREATE_DISPUTE|NOTIFY_GATEWAY|FINANCE_REVIEW|ESCALATE,FALSE,2025-04-05T00:00:00Z,
CASE-0045,anm-00047,ORD-219,PAY-0219,CUS-0181,FEE_DISCREPANCY,LOW,NEW,4.05,0.73,1007.84,5.89,1.06,1006.0,0,NONE,MISMATCH,2.17,0.90,ACTION_READY,2.17,2025-05-05T00:00:00Z,NOTIFY_GATEWAY|DRAFT_DISPUTE|FINANCE_REVIEW|ESCALATE|CLOSE_NO_ACTION,FALSE,2025-04-05T00:00:00Z,
CASE-0046,anm-00048,ORD-231,PAY-0231,CUS-0155,SETTLEMENT_MISMATCH,HIGH,NEW,25.67,4.62,1253.0,25.67,4.62,0,0,NONE,MISMATCH,1253.0,0.90,ACTION_READY,1253.0,2025-05-05T00:00:00Z,DRAFT_DISPUTE|CREATE_DISPUTE|NOTIFY_GATEWAY|FINANCE_REVIEW|ESCALATE,TRUE,2025-04-05T00:00:00Z,
CASE-0047,anm-00049,ORD-238,PAY-0238,CUS-0003,SETTLEMENT_MISMATCH,HIGH,NEW,31.86,5.73,1555.29,31.86,5.73,0,0,REFUNDED,MISMATCH,1237.65,0.90,ACTION_READY,1237.65,2025-05-05T00:00:00Z,DRAFT_DISPUTE|CREATE_DISPUTE|NOTIFY_GATEWAY|FINANCE_REVIEW|ESCALATE,TRUE,2025-04-05T00:00:00Z,
CASE-0048,anm-00050,ORD-268,PAY-0268,CUS-0144,SETTLEMENT_MISMATCH,MEDIUM,NEW,59.67,10.74,2912.98,59.67,10.74,2806.79,0,NONE,MISMATCH,106.19,0.90,ACTION_READY,106.19,2025-05-05T00:00:00Z,DRAFT_DISPUTE|CREATE_DISPUTE|NOTIFY_GATEWAY|FINANCE_REVIEW|ESCALATE,FALSE,2025-04-05T00:00:00Z,
CASE-0049,anm-00051,ORD-269,PAY-0269,CUS-0004,REFUND_ECONOMICS,LOW,NEW,6.81,1.23,332.66,6.81,1.23,227.44,0,REFUNDED,MISMATCH,2.1,0.90,ACTION_READY,2.1,2025-05-05T00:00:00Z,DRAFT_DISPUTE|CREATE_DISPUTE|FINANCE_REVIEW|ESCALATE|CLOSE_NO_ACTION,FALSE,2025-04-05T00:00:00Z,
CASE-0050,anm-00052,ORD-273,PAY-0273,CUS-0057,FEE_DISCREPANCY,LOW,NEW,7.56,1.36,1879.86,11.01,1.98,1876.41,0,NONE,MISMATCH,4.07,0.90,ACTION_READY,4.07,2025-05-05T00:00:00Z,NOTIFY_GATEWAY|DRAFT_DISPUTE|FINANCE_REVIEW|ESCALATE|CLOSE_NO_ACTION,FALSE,2025-04-05T00:00:00Z,
CASE-0051,anm-00053,ORD-280,PAY-0280,CUS-0060,FEE_DISCREPANCY,LOW,NEW,12.1,2.18,590.83,18.09,3.26,584.84,0,NONE,MISMATCH,7.07,0.90,ACTION_READY,7.07,2025-05-05T00:00:00Z,NOTIFY_GATEWAY|DRAFT_DISPUTE|FINANCE_REVIEW|ESCALATE|CLOSE_NO_ACTION,FALSE,2025-04-05T00:00:00Z,
CASE-0052,anm-00054,ORD-282,PAY-0282,CUS-0185,SETTLEMENT_MISMATCH,MEDIUM,NEW,110.87,19.96,5412.62,110.87,19.96,5120.0,0,NONE,MISMATCH,292.62,0.90,ACTION_READY,292.62,2025-05-05T00:00:00Z,DRAFT_DISPUTE|CREATE_DISPUTE|NOTIFY_GATEWAY|FINANCE_REVIEW|ESCALATE,FALSE,2025-04-05T00:00:00Z,
CASE-0053,anm-00055,ORD-288,PAY-0288,CUS-0044,FEE_DISCREPANCY,LOW,NEW,32.5,5.85,1586.86,50.51,9.09,1568.85,0,NONE,MISMATCH,21.25,0.90,ACTION_READY,21.25,2025-05-05T00:00:00Z,NOTIFY_GATEWAY|DRAFT_DISPUTE|FINANCE_REVIEW|ESCALATE|CLOSE_NO_ACTION,FALSE,2025-04-05T00:00:00Z,
CASE-0054,anm-00056,ORD-291,PAY-0291,CUS-0237,FEE_DISCREPANCY,LOW,NEW,24.76,4.46,1208.91,31.02,5.58,1202.65,0,NONE,MISMATCH,7.38,0.90,ACTION_READY,7.38,2025-05-05T00:00:00Z,NOTIFY_GATEWAY|DRAFT_DISPUTE|FINANCE_REVIEW|ESCALATE|CLOSE_NO_ACTION,FALSE,2025-04-05T00:00:00Z,
CASE-0055,anm-00057,ORD-294,PAY-0294,CUS-0218,SETTLEMENT_MISMATCH,MEDIUM,NEW,6.36,1.14,310.74,6.36,1.14,0,0,NONE,MISMATCH,310.74,0.90,ACTION_READY,310.74,2025-05-05T00:00:00Z,DRAFT_DISPUTE|CREATE_DISPUTE|NOTIFY_GATEWAY|FINANCE_REVIEW|ESCALATE,FALSE,2025-04-05T00:00:00Z,
CASE-0056,anm-00058,ORD-301,PAY-0301,CUS-0093,REFUND_ECONOMICS,LOW,NEW,92.58,16.66,4519.55,92.58,16.66,2447.16,0,REFUNDED,MISMATCH,41.45,0.90,ACTION_READY,41.45,2025-05-05T00:00:00Z,DRAFT_DISPUTE|CREATE_DISPUTE|FINANCE_REVIEW|ESCALATE|CLOSE_NO_ACTION,FALSE,2025-04-05T00:00:00Z,
CASE-0057,anm-00059,ORD-304,PAY-0304,CUS-0222,FEE_DISCREPANCY,LOW,NEW,10.89,1.96,531.73,15.22,2.74,527.4,0,NONE,MISMATCH,5.11,0.90,ACTION_READY,5.11,2025-05-05T00:00:00Z,NOTIFY_GATEWAY|DRAFT_DISPUTE|FINANCE_REVIEW|ESCALATE|CLOSE_NO_ACTION,FALSE,2025-04-05T00:00:00Z,
CASE-0058,anm-00060,ORD-316,PAY-0316,CUS-0065,SETTLEMENT_MISMATCH,MEDIUM,NEW,27.65,4.98,6880.68,27.65,4.98,5082.38,0,REFUNDED,MISMATCH,175.78,0.90,ACTION_READY,175.78,2025-05-05T00:00:00Z,DRAFT_DISPUTE|CREATE_DISPUTE|NOTIFY_GATEWAY|FINANCE_REVIEW|ESCALATE,FALSE,2025-04-05T00:00:00Z,
CASE-0059,anm-00061,ORD-330,PAY-0330,CUS-0116,FEE_DISCREPANCY,LOW,NEW,2.23,0.4,555.67,3.29,0.59,554.61,0,NONE,MISMATCH,1.25,0.90,ACTION_READY,1.25,2025-05-05T00:00:00Z,NOTIFY_GATEWAY|DRAFT_DISPUTE|FINANCE_REVIEW|ESCALATE|CLOSE_NO_ACTION,FALSE,2025-04-05T00:00:00Z,
CASE-0060,anm-00062,ORD-345,PAY-0345,CUS-0139,SETTLEMENT_MISMATCH,LOW,NEW,12.0,2.16,2081.75,12.0,2.16,2046.33,0,NONE,MISMATCH,35.42,0.90,ACTION_READY,35.42,2025-05-05T00:00:00Z,DRAFT_DISPUTE|CREATE_DISPUTE|NOTIFY_GATEWAY|FINANCE_REVIEW|ESCALATE,FALSE,2025-04-05T00:00:00Z,
CASE-0061,anm-00063,ORD-346,PAY-0346,CUS-0116,SETTLEMENT_MISMATCH,HIGH,NEW,42.17,7.59,2058.75,42.17,7.59,0,0,NONE,MISMATCH,2058.75,0.90,ACTION_READY,2058.75,2025-05-05T00:00:00Z,DRAFT_DISPUTE|CREATE_DISPUTE|NOTIFY_GATEWAY|FINANCE_REVIEW|ESCALATE,TRUE,2025-04-05T00:00:00Z,
CASE-0062,anm-00064,ORD-347,PAY-0347,CUS-0151,SETTLEMENT_MISMATCH,MEDIUM,NEW,23.34,4.2,5808.29,23.34,4.2,5378.94,0,NONE,MISMATCH,429.35,0.90,ACTION_READY,429.35,2025-05-05T00:00:00Z,DRAFT_DISPUTE|CREATE_DISPUTE|NOTIFY_GATEWAY|FINANCE_REVIEW|ESCALATE,FALSE,2025-04-05T00:00:00Z,
CASE-0063,anm-00065,ORD-381,PAY-0381,CUS-0017,FEE_DISCREPANCY,MEDIUM,NEW,326.69,58.8,15949.08,443.38,79.81,9520.97,0,REFUNDED,MISMATCH,137.7,0.90,ACTION_READY,137.7,2025-05-05T00:00:00Z,NOTIFY_GATEWAY|DRAFT_DISPUTE|FINANCE_REVIEW|ESCALATE|CLOSE_NO_ACTION,FALSE,2025-04-05T00:00:00Z,
CASE-0064,anm-00066,ORD-388,PAY-0388,CUS-0027,REFUND_ECONOMICS,LOW,NEW,29.79,5.36,1532.92,29.79,5.36,1212.96,0,REFUNDED,MISMATCH,6.08,0.90,ACTION_READY,6.08,2025-05-05T00:00:00Z,DRAFT_DISPUTE|CREATE_DISPUTE|FINANCE_REVIEW|ESCALATE|CLOSE_NO_ACTION,FALSE,2025-04-05T00:00:00Z,
CASE-0065,anm-00067,ORD-391,PAY-0391,CUS-0108,FEE_DISCREPANCY,LOW,NEW,12.83,2.31,626.34,18.13,3.26,621.04,0,NONE,MISMATCH,6.25,0.90,ACTION_READY,6.25,2025-05-05T00:00:00Z,NOTIFY_GATEWAY|DRAFT_DISPUTE|FINANCE_REVIEW|ESCALATE|CLOSE_NO_ACTION,FALSE,2025-04-05T00:00:00Z,
CASE-0066,anm-00068,ORD-403,PAY-0403,CUS-0247,SETTLEMENT_MISMATCH,LOW,NEW,11.73,2.11,572.88,11.73,2.11,559.69,0,NONE,MISMATCH,13.19,0.90,ACTION_READY,13.19,2025-05-05T00:00:00Z,DRAFT_DISPUTE|CREATE_DISPUTE|NOTIFY_GATEWAY|FINANCE_REVIEW|ESCALATE,FALSE,2025-04-05T00:00:00Z,
CASE-0067,anm-00069,ORD-404,PAY-0404,CUS-0180,FEE_DISCREPANCY,LOW,NEW,12.0,2.16,606.73,24.0,4.32,592.57,0,NONE,MISMATCH,14.16,0.90,ACTION_READY,14.16,2025-05-05T00:00:00Z,NOTIFY_GATEWAY|DRAFT_DISPUTE|FINANCE_REVIEW|ESCALATE|CLOSE_NO_ACTION,FALSE,2025-04-05T00:00:00Z,
CASE-0068,anm-00070,ORD-405,PAY-0405,CUS-0242,REFUND_ECONOMICS,LOW,NEW,19.27,3.47,940.82,19.27,3.47,520.07,0,REFUNDED,MISMATCH,8.41,0.90,ACTION_READY,8.41,2025-05-05T00:00:00Z,DRAFT_DISPUTE|CREATE_DISPUTE|FINANCE_REVIEW|ESCALATE|CLOSE_NO_ACTION,FALSE,2025-04-05T00:00:00Z,
CASE-0069,anm-00071,ORD-428,PAY-0428,CUS-0234,SETTLEMENT_MISMATCH,LOW,NEW,7.74,1.39,1926.8,7.74,1.39,1904.6,0,NONE,MISMATCH,22.2,0.90,ACTION_READY,22.2,2025-05-05T00:00:00Z,DRAFT_DISPUTE|CREATE_DISPUTE|NOTIFY_GATEWAY|FINANCE_REVIEW|ESCALATE,FALSE,2025-04-05T00:00:00Z,
CASE-0070,anm-00072,ORD-435,PAY-0435,CUS-0125,FEE_DISCREPANCY,LOW,NEW,8.56,1.54,2129.98,13.12,2.36,2125.42,0,NONE,MISMATCH,5.38,0.90,ACTION_READY,5.38,2025-05-05T00:00:00Z,NOTIFY_GATEWAY|DRAFT_DISPUTE|FINANCE_REVIEW|ESCALATE|CLOSE_NO_ACTION,FALSE,2025-04-05T00:00:00Z,
CASE-0071,anm-00073,ORD-437,PAY-0437,CUS-0243,FEE_DISCREPANCY,LOW,NEW,10.6,1.91,2637.06,14.94,2.69,2632.72,0,NONE,MISMATCH,5.12,0.90,ACTION_READY,5.12,2025-05-05T00:00:00Z,NOTIFY_GATEWAY|DRAFT_DISPUTE|FINANCE_REVIEW|ESCALATE|CLOSE_NO_ACTION,FALSE,2025-04-05T00:00:00Z,
CASE-0072,anm-00074,ORD-438,PAY-0438,CUS-0146,FEE_DISCREPANCY,LOW,NEW,5.98,1.08,291.94,8.68,1.56,289.24,0,NONE,MISMATCH,3.18,0.90,ACTION_READY,3.18,2025-05-05T00:00:00Z,NOTIFY_GATEWAY|DRAFT_DISPUTE|FINANCE_REVIEW|ESCALATE|CLOSE_NO_ACTION,FALSE,2025-04-05T00:00:00Z,
CASE-0073,anm-00075,ORD-458,PAY-0458,CUS-0219,SETTLEMENT_MISMATCH,LOW,NEW,4.57,0.82,1137.25,4.57,0.82,1091.25,0,NONE,MISMATCH,46.0,0.90,ACTION_READY,46.0,2025-05-05T00:00:00Z,DRAFT_DISPUTE|CREATE_DISPUTE|NOTIFY_GATEWAY|FINANCE_REVIEW|ESCALATE,FALSE,2025-04-05T00:00:00Z,
CASE-0074,anm-00076,ORD-460,PAY-0460,CUS-0055,FEE_DISCREPANCY,LOW,NEW,12.0,2.16,328.01,16.68,3.0,323.33,0,NONE,MISMATCH,5.52,0.90,ACTION_READY,5.52,2025-05-05T00:00:00Z,NOTIFY_GATEWAY|DRAFT_DISPUTE|FINANCE_REVIEW|ESCALATE|CLOSE_NO_ACTION,FALSE,2025-04-05T00:00:00Z,
CASE-0075,anm-00077,ORD-461,PAY-0461,CUS-0112,SETTLEMENT_MISMATCH,MEDIUM,NEW,5.98,1.08,291.94,5.98,1.08,0,0,NONE,MISMATCH,291.94,0.90,ACTION_READY,291.94,2025-05-05T00:00:00Z,DRAFT_DISPUTE|CREATE_DISPUTE|NOTIFY_GATEWAY|FINANCE_REVIEW|ESCALATE,FALSE,2025-04-05T00:00:00Z,
CASE-0076,anm-00078,ORD-465,PAY-0465,CUS-0038,REFUND_ECONOMICS,LOW,NEW,46.15,8.31,11482.21,46.15,8.31,7281.24,0,REFUNDED,MISMATCH,16.81,0.90,ACTION_READY,16.81,2025-05-05T00:00:00Z,DRAFT_DISPUTE|CREATE_DISPUTE|FINANCE_REVIEW|ESCALATE|CLOSE_NO_ACTION,FALSE,2025-04-05T00:00:00Z,
CASE-0077,anm-00079,ORD-468,PAY-0468,CUS-0103,FEE_DISCREPANCY,LOW,NEW,31.56,5.68,1540.95,48.66,8.76,1523.85,0,NONE,MISMATCH,20.18,0.90,ACTION_READY,20.18,2025-05-05T00:00:00Z,NOTIFY_GATEWAY|DRAFT_DISPUTE|FINANCE_REVIEW|ESCALATE|CLOSE_NO_ACTION,FALSE,2025-04-05T00:00:00Z,
CASE-0078,anm-00080,ORD-469,PAY-0469,CUS-0069,SETTLEMENT_MISMATCH,LOW,NEW,12.77,2.3,656.83,12.77,2.3,638.65,0,NONE,MISMATCH,18.18,0.90,ACTION_READY,18.18,2025-05-05T00:00:00Z,DRAFT_DISPUTE|CREATE_DISPUTE|NOTIFY_GATEWAY|FINANCE_REVIEW|ESCALATE,FALSE,2025-04-05T00:00:00Z,
CASE-0079,anm-00081,ORD-471,PAY-0471,CUS-0083,FEE_DISCREPANCY,LOW,NEW,27.08,4.87,1321.9,37.39,6.73,1311.59,0,NONE,MISMATCH,12.17,0.90,ACTION_READY,12.17,2025-05-05T00:00:00Z,NOTIFY_GATEWAY|DRAFT_DISPUTE|FINANCE_REVIEW|ESCALATE|CLOSE_NO_ACTION,FALSE,2025-04-05T00:00:00Z,
CASE-0080,anm-00082,ORD-476,PAY-0476,CUS-0163,FEE_DISCREPANCY,LOW,NEW,32.14,5.79,1653.91,64.28,11.58,1615.98,0,NONE,MISMATCH,37.93,0.90,ACTION_READY,37.93,2025-05-05T00:00:00Z,NOTIFY_GATEWAY|DRAFT_DISPUTE|FINANCE_REVIEW|ESCALATE|CLOSE_NO_ACTION,FALSE,2025-04-05T00:00:00Z,
CASE-0081,anm-00083,ORD-490,PAY-0490,CUS-0164,SETTLEMENT_MISMATCH,HIGH,NEW,12.0,2.16,1183.71,12.0,2.16,0,0,NONE,MISMATCH,1183.71,0.90,ACTION_READY,1183.71,2025-05-05T00:00:00Z,DRAFT_DISPUTE|CREATE_DISPUTE|NOTIFY_GATEWAY|FINANCE_REVIEW|ESCALATE,TRUE,2025-04-05T00:00:00Z,
CASE-0082,anm-00084,ORD-493,PAY-0493,CUS-0086,SETTLEMENT_MISMATCH,LOW,NEW,2.31,0.42,574.88,2.31,0.42,555.53,0,NONE,MISMATCH,19.35,0.90,ACTION_READY,19.35,2025-05-05T00:00:00Z,DRAFT_DISPUTE|CREATE_DISPUTE|NOTIFY_GATEWAY|FINANCE_REVIEW|ESCALATE,FALSE,2025-04-05T00:00:00Z,
CASE-0083,anm-00085,ORD-498,PAY-0498,CUS-0088,SETTLEMENT_MISMATCH,HIGH,NEW,15.4,2.77,751.74,15.4,2.77,0,0,NONE,MISMATCH,751.74,0.90,ACTION_READY,751.74,2025-05-05T00:00:00Z,DRAFT_DISPUTE|CREATE_DISPUTE|NOTIFY_GATEWAY|FINANCE_REVIEW|ESCALATE,TRUE,2025-04-05T00:00:00Z,
CASE-0084,anm-00086,ORD-550,PAY-0550,CUS-0182,REFUND_ECONOMICS,LOW,NEW,100.81,18.15,4921.34,100.81,18.15,3897.95,0,REFUNDED,MISMATCH,20.47,0.90,ACTION_READY,20.47,2025-05-05T00:00:00Z,DRAFT_DISPUTE|CREATE_DISPUTE|FINANCE_REVIEW|ESCALATE|CLOSE_NO_ACTION,FALSE,2025-04-05T00:00:00Z,
CASE-0085,anm-00087,ORD-563,PAY-0563,CUS-0092,FEE_DISCREPANCY,LOW,NEW,14.45,2.6,705.26,19.58,3.52,700.13,0,NONE,MISMATCH,6.05,0.90,ACTION_READY,6.05,2025-05-05T00:00:00Z,NOTIFY_GATEWAY|DRAFT_DISPUTE|FINANCE_REVIEW|ESCALATE|CLOSE_NO_ACTION,FALSE,2025-04-05T00:00:00Z,
CASE-0086,anm-00088,ORD-568,PAY-0568,CUS-0242,SETTLEMENT_MISMATCH,HIGH,NEW,24.34,4.38,1188.26,24.34,4.38,0,0,REFUNDED,MISMATCH,788.94,0.90,ACTION_READY,788.94,2025-05-05T00:00:00Z,DRAFT_DISPUTE|CREATE_DISPUTE|NOTIFY_GATEWAY|FINANCE_REVIEW|ESCALATE,TRUE,2025-04-05T00:00:00Z,
CASE-0087,anm-00089,ORD-579,PAY-0579,CUS-0113,SETTLEMENT_MISMATCH,MEDIUM,NEW,5.98,1.08,291.94,5.98,1.08,0,0,NONE,MISMATCH,291.94,0.90,ACTION_READY,291.94,2025-05-05T00:00:00Z,DRAFT_DISPUTE|CREATE_DISPUTE|NOTIFY_GATEWAY|FINANCE_REVIEW|ESCALATE,FALSE,2025-04-05T00:00:00Z,
CASE-0088,anm-00090,ORD-580,PAY-0580,CUS-0218,SETTLEMENT_MISMATCH,HIGH,NEW,31.34,5.64,7798.05,31.34,5.64,7190.16,0,NONE,MISMATCH,607.89,0.90,ACTION_READY,607.89,2025-05-05T00:00:00Z,DRAFT_DISPUTE|CREATE_DISPUTE|NOTIFY_GATEWAY|FINANCE_REVIEW|ESCALATE,TRUE,2025-04-05T00:00:00Z,
CASE-0089,anm-00091,ORD-585,PAY-0585,CUS-0018,FEE_DISCREPANCY,LOW,NEW,48.59,8.75,2372.24,97.18,17.5,2314.9,0,NONE,MISMATCH,57.34,0.90,ACTION_READY,57.34,2025-05-05T00:00:00Z,NOTIFY_GATEWAY|DRAFT_DISPUTE|FINANCE_REVIEW|ESCALATE|CLOSE_NO_ACTION,FALSE,2025-04-05T00:00:00Z,
CASE-0090,anm-00092,ORD-590,PAY-0590,CUS-0093,SETTLEMENT_MISMATCH,LOW,NEW,12.28,2.21,599.29,12.28,2.21,556.49,0,NONE,MISMATCH,42.8,0.90,ACTION_READY,42.8,2025-05-05T00:00:00Z,DRAFT_DISPUTE|CREATE_DISPUTE|NOTIFY_GATEWAY|FINANCE_REVIEW|ESCALATE,FALSE,2025-04-05T00:00:00Z,
CASE-0091,anm-00093,ORD-603,PAY-0603,CUS-0168,SETTLEMENT_MISMATCH,HIGH,NEW,117.89,21.22,5755.61,117.89,21.22,0,0,NONE,MISMATCH,5755.61,0.90,ACTION_READY,5755.61,2025-05-05T00:00:00Z,DRAFT_DISPUTE|CREATE_DISPUTE|NOTIFY_GATEWAY|FINANCE_REVIEW|ESCALATE,TRUE,2025-04-05T00:00:00Z,
CASE-0092,anm-00094,ORD-614,PAY-0614,CUS-0047,SETTLEMENT_MISMATCH,HIGH,NEW,4.5,0.81,1120.72,4.5,0.81,0,0,REFUNDED,MISMATCH,822.81,0.90,ACTION_READY,822.81,2025-05-05T00:00:00Z,DRAFT_DISPUTE|CREATE_DISPUTE|NOTIFY_GATEWAY|FINANCE_REVIEW|ESCALATE,TRUE,2025-04-05T00:00:00Z,
CASE-0093,anm-00095,ORD-623,PAY-0623,CUS-0197,SETTLEMENT_MISMATCH,HIGH,NEW,17.96,3.23,876.8,17.96,3.23,0,0,NONE,MISMATCH,876.8,0.90,ACTION_READY,876.8,2025-05-05T00:00:00Z,DRAFT_DISPUTE|CREATE_DISPUTE|NOTIFY_GATEWAY|FINANCE_REVIEW|ESCALATE,TRUE,2025-04-05T00:00:00Z,
CASE-0094,anm-00096,ORD-627,PAY-0627,CUS-0143,FEE_DISCREPANCY,LOW,NEW,2.6,0.47,647.47,3.94,0.71,646.13,0,NONE,MISMATCH,1.58,0.90,ACTION_READY,1.58,2025-05-05T00:00:00Z,NOTIFY_GATEWAY|DRAFT_DISPUTE|FINANCE_REVIEW|ESCALATE|CLOSE_NO_ACTION,FALSE,2025-04-05T00:00:00Z,
CASE-0095,anm-00097,ORD-628,PAY-0628,CUS-0079,SETTLEMENT_MISMATCH,MEDIUM,NEW,10.0,1.8,2487.3,10.0,1.8,2305.58,0,NONE,MISMATCH,181.72,0.90,ACTION_READY,181.72,2025-05-05T00:00:00Z,DRAFT_DISPUTE|CREATE_DISPUTE|NOTIFY_GATEWAY|FINANCE_REVIEW|ESCALATE,FALSE,2025-04-05T00:00:00Z,
CASE-0096,anm-00098,ORD-629,PAY-0629,CUS-0222,FEE_DISCREPANCY,LOW,NEW,9.86,1.77,2452.73,19.72,3.54,1522.96,0,REFUNDED,MISMATCH,15.3,0.90,ACTION_READY,15.3,2025-05-05T00:00:00Z,NOTIFY_GATEWAY|DRAFT_DISPUTE|FINANCE_REVIEW|ESCALATE|CLOSE_NO_ACTION,FALSE,2025-04-05T00:00:00Z,
CASE-0097,anm-00100,ORD-655,PAY-0655,CUS-0226,FEE_DISCREPANCY,LOW,NEW,77.04,13.87,3963.68,109.97,19.79,3930.75,0,NONE,MISMATCH,38.85,0.90,ACTION_READY,38.85,2025-05-05T00:00:00Z,NOTIFY_GATEWAY|DRAFT_DISPUTE|FINANCE_REVIEW|ESCALATE|CLOSE_NO_ACTION,FALSE,2025-04-05T00:00:00Z,
CASE-0098,anm-00101,ORD-656,PAY-0656,CUS-0235,SETTLEMENT_MISMATCH,MEDIUM,NEW,2.11,0.38,524.28,2.11,0.38,0,0,REFUNDED,MISMATCH,389.35,0.90,ACTION_READY,389.35,2025-05-05T00:00:00Z,DRAFT_DISPUTE|CREATE_DISPUTE|NOTIFY_GATEWAY|FINANCE_REVIEW|ESCALATE,FALSE,2025-04-05T00:00:00Z,
CASE-0099,anm-00102,ORD-663,PAY-0663,CUS-0147,SETTLEMENT_MISMATCH,MEDIUM,NEW,133.53,24.04,6518.83,133.53,24.04,6261.54,0,NONE,MISMATCH,257.29,0.90,ACTION_READY,257.29,2025-05-05T00:00:00Z,DRAFT_DISPUTE|CREATE_DISPUTE|NOTIFY_GATEWAY|FINANCE_REVIEW|ESCALATE,FALSE,2025-04-05T00:00:00Z,
CASE-0100,anm-00103,ORD-667,PAY-0667,CUS-0065,FEE_DISCREPANCY,LOW,NEW,5.39,0.97,1341.37,8.2,1.48,1338.56,0,NONE,MISMATCH,3.32,0.90,ACTION_READY,3.32,2025-05-05T00:00:00Z,NOTIFY_GATEWAY|DRAFT_DISPUTE|FINANCE_REVIEW|ESCALATE|CLOSE_NO_ACTION,FALSE,2025-04-05T00:00:00Z,
CASE-0101,anm-00104,ORD-668,PAY-0668,CUS-0016,SETTLEMENT_MISMATCH,HIGH,NEW,19.63,3.53,958.15,19.63,3.53,0,0,NONE,MISMATCH,958.15,0.90,ACTION_READY,958.15,2025-05-05T00:00:00Z,DRAFT_DISPUTE|CREATE_DISPUTE|NOTIFY_GATEWAY|FINANCE_REVIEW|ESCALATE,TRUE,2025-04-05T00:00:00Z,
CASE-0102,anm-00105,ORD-669,PAY-0669,CUS-0086,REFUND_ECONOMICS,LOW,NEW,108.42,19.52,5293.29,108.42,19.52,3853.1,0,REFUNDED,MISMATCH,28.8,0.90,ACTION_READY,28.8,2025-05-05T00:00:00Z,DRAFT_DISPUTE|CREATE_DISPUTE|FINANCE_REVIEW|ESCALATE|CLOSE_NO_ACTION,FALSE,2025-04-05T00:00:00Z,
CASE-0103,anm-00106,ORD-680,PAY-0680,CUS-0100,REFUND_ECONOMICS,LOW,NEW,47.45,8.54,2316.39,47.45,8.54,1282.06,0,REFUNDED,MISMATCH,20.69,0.90,ACTION_READY,20.69,2025-05-05T00:00:00Z,DRAFT_DISPUTE|CREATE_DISPUTE|FINANCE_REVIEW|ESCALATE|CLOSE_NO_ACTION,FALSE,2025-04-05T00:00:00Z,
CASE-0104,anm-00107,ORD-681,PAY-0681,CUS-0135,SETTLEMENT_MISMATCH,MEDIUM,NEW,12.0,2.16,2864.36,12.0,2.16,2644.44,0,NONE,MISMATCH,219.92,0.90,ACTION_READY,219.92,2025-05-05T00:00:00Z,DRAFT_DISPUTE|CREATE_DISPUTE|NOTIFY_GATEWAY|FINANCE_REVIEW|ESCALATE,FALSE,2025-04-05T00:00:00Z,
CASE-0105,anm-00108,ORD-686,PAY-0686,CUS-0106,REFUND_ECONOMICS,LOW,NEW,37.7,6.79,1840.64,37.7,6.79,1143.83,0,REFUNDED,MISMATCH,13.94,0.90,ACTION_READY,13.94,2025-05-05T00:00:00Z,DRAFT_DISPUTE|CREATE_DISPUTE|FINANCE_REVIEW|ESCALATE|CLOSE_NO_ACTION,FALSE,2025-04-05T00:00:00Z,
CASE-0106,anm-00109,ORD-699,PAY-0699,CUS-0250,SETTLEMENT_MISMATCH,MEDIUM,NEW,12.0,2.16,284.84,12.0,2.16,0,0,NONE,MISMATCH,284.84,0.90,ACTION_READY,284.84,2025-05-05T00:00:00Z,DRAFT_DISPUTE|CREATE_DISPUTE|NOTIFY_GATEWAY|FINANCE_REVIEW|ESCALATE,FALSE,2025-04-05T00:00:00Z,
CASE-0107,anm-00110,ORD-702,PAY-0702,CUS-0083,SETTLEMENT_MISMATCH,HIGH,NEW,23.14,4.17,1129.65,23.14,4.17,0,0,REFUNDED,MISMATCH,675.77,0.90,ACTION_READY,675.77,2025-05-05T00:00:00Z,DRAFT_DISPUTE|CREATE_DISPUTE|NOTIFY_GATEWAY|FINANCE_REVIEW|ESCALATE,TRUE,2025-04-05T00:00:00Z,
CASE-0108,anm-00111,ORD-705,PAY-0705,CUS-0203,SETTLEMENT_MISMATCH,HIGH,NEW,35.28,6.35,1722.34,35.28,6.35,0,0,NONE,MISMATCH,1722.34,0.90,ACTION_READY,1722.34,2025-05-05T00:00:00Z,DRAFT_DISPUTE|CREATE_DISPUTE|NOTIFY_GATEWAY|FINANCE_REVIEW|ESCALATE,TRUE,2025-04-05T00:00:00Z,
CASE-0109,anm-00112,ORD-711,PAY-0711,CUS-0179,FEE_DISCREPANCY,LOW,NEW,5.73,1.03,1424.53,7.97,1.43,1422.29,0,NONE,MISMATCH,2.64,0.90,ACTION_READY,2.64,2025-05-05T00:00:00Z,NOTIFY_GATEWAY|DRAFT_DISPUTE|FINANCE_REVIEW|ESCALATE|CLOSE_NO_ACTION,FALSE,2025-04-05T00:00:00Z,
CASE-0110,anm-00113,ORD-718,PAY-0718,CUS-0147,SETTLEMENT_MISMATCH,LOW,NEW,2.97,0.53,738.74,2.97,0.53,729.88,0,NONE,MISMATCH,8.86,0.90,ACTION_READY,8.86,2025-05-05T00:00:00Z,DRAFT_DISPUTE|CREATE_DISPUTE|NOTIFY_GATEWAY|FINANCE_REVIEW|ESCALATE,FALSE,2025-04-05T00:00:00Z,
CASE-0111,anm-00114,ORD-729,PAY-0729,CUS-0212,FEE_DISCREPANCY,LOW,NEW,6.88,1.24,1711.9,13.76,2.48,1703.78,0,NONE,MISMATCH,8.12,0.90,ACTION_READY,8.12,2025-05-05T00:00:00Z,NOTIFY_GATEWAY|DRAFT_DISPUTE|FINANCE_REVIEW|ESCALATE|CLOSE_NO_ACTION,FALSE,2025-04-05T00:00:00Z,
CASE-0112,anm-00116,ORD-741,PAY-0741,CUS-0135,SETTLEMENT_MISMATCH,MEDIUM,NEW,26.17,4.71,1277.79,37.4,6.73,1172.12,0,NONE,MISMATCH,105.67,0.90,ACTION_READY,105.67,2025-05-05T00:00:00Z,DRAFT_DISPUTE|CREATE_DISPUTE|NOTIFY_GATEWAY|FINANCE_REVIEW|ESCALATE,FALSE,2025-04-05T00:00:00Z,
CASE-0113,anm-00117,ORD-747,PAY-0747,CUS-0176,REFUND_ECONOMICS,LOW,NEW,16.92,3.05,870.48,16.92,3.05,445.51,0,REFUNDED,MISMATCH,8.08,0.90,ACTION_READY,8.08,2025-05-05T00:00:00Z,DRAFT_DISPUTE|CREATE_DISPUTE|FINANCE_REVIEW|ESCALATE|CLOSE_NO_ACTION,FALSE,2025-04-05T00:00:00Z,
CASE-0114,anm-00118,ORD-758,PAY-0758,CUS-0222,FEE_DISCREPANCY,LOW,NEW,145.3,26.15,7093.36,226.71,40.81,7011.95,0,NONE,MISMATCH,96.07,0.90,ACTION_READY,96.07,2025-05-05T00:00:00Z,NOTIFY_GATEWAY|DRAFT_DISPUTE|FINANCE_REVIEW|ESCALATE|CLOSE_NO_ACTION,FALSE,2025-04-05T00:00:00Z,
CASE-0115,anm-00119,ORD-768,PAY-0768,CUS-0176,FEE_DISCREPANCY,LOW,NEW,12.0,2.16,2816.48,19.05,3.43,2809.43,0,NONE,MISMATCH,8.32,0.90,ACTION_READY,8.32,2025-05-05T00:00:00Z,NOTIFY_GATEWAY|DRAFT_DISPUTE|FINANCE_REVIEW|ESCALATE|CLOSE_NO_ACTION,FALSE,2025-04-05T00:00:00Z,
CASE-0116,anm-00120,ORD-772,PAY-0772,CUS-0211,FEE_DISCREPANCY,LOW,NEW,61.22,11.02,3149.62,96.73,17.41,3114.11,0,NONE,MISMATCH,41.9,0.90,ACTION_READY,41.9,2025-05-05T00:00:00Z,NOTIFY_GATEWAY|DRAFT_DISPUTE|FINANCE_REVIEW|ESCALATE|CLOSE_NO_ACTION,FALSE,2025-04-05T00:00:00Z,
CASE-0117,anm-00121,ORD-773,PAY-0773,CUS-0028,SETTLEMENT_MISMATCH,HIGH,NEW,74.4,13.39,3632.03,74.4,13.39,0,0,REFUNDED,MISMATCH,1988.32,0.90,ACTION_READY,1988.32,2025-05-05T00:00:00Z,DRAFT_DISPUTE|CREATE_DISPUTE|NOTIFY_GATEWAY|FINANCE_REVIEW|ESCALATE,TRUE,2025-04-05T00:00:00Z,
CASE-0118,anm-00122,ORD-781,PAY-0781,CUS-0138,FEE_DISCREPANCY,LOW,NEW,4.71,0.85,1171.64,6.21,1.12,1170.14,0,NONE,MISMATCH,1.77,0.90,ACTION_READY,1.77,2025-05-05T00:00:00Z,NOTIFY_GATEWAY|DRAFT_DISPUTE|FINANCE_REVIEW|ESCALATE|CLOSE_NO_ACTION,FALSE,2025-04-05T00:00:00Z,
CASE-0119,anm-00123,ORD-789,PAY-0789,CUS-0117,REFUND_ECONOMICS,LOW,NEW,146.55,26.38,7154.8,146.55,26.38,3969.23,0,REFUNDED,MISMATCH,63.71,0.90,ACTION_READY,63.71,2025-05-05T00:00:00Z,DRAFT_DISPUTE|CREATE_DISPUTE|FINANCE_REVIEW|ESCALATE|CLOSE_NO_ACTION,FALSE,2025-04-05T00:00:00Z,
CASE-0120,anm-00124,ORD-796,PAY-0796,CUS-0127,FEE_DISCREPANCY,LOW,NEW,37.22,6.7,1817.18,59.19,10.65,1795.21,0,NONE,MISMATCH,25.92,0.90,ACTION_READY,25.92,2025-05-05T00:00:00Z,NOTIFY_GATEWAY|DRAFT_DISPUTE|FINANCE_REVIEW|ESCALATE|CLOSE_NO_ACTION,FALSE,2025-04-05T00:00:00Z,
CASE-0121,anm-00125,ORD-807,PAY-0807,CUS-0160,SETTLEMENT_MISMATCH,HIGH,NEW,33.11,5.96,1616.44,33.11,5.96,0,0,NONE,MISMATCH,1616.44,0.90,ACTION_READY,1616.44,2025-05-05T00:00:00Z,DRAFT_DISPUTE|CREATE_DISPUTE|NOTIFY_GATEWAY|FINANCE_REVIEW|ESCALATE,TRUE,2025-04-05T00:00:00Z,
CASE-0122,anm-00126,ORD-812,PAY-0812,CUS-0066,SETTLEMENT_MISMATCH,HIGH,NEW,12.0,2.16,531.04,12.0,2.16,0,0,NONE,MISMATCH,531.04,0.90,ACTION_READY,531.04,2025-05-05T00:00:00Z,DRAFT_DISPUTE|CREATE_DISPUTE|NOTIFY_GATEWAY|FINANCE_REVIEW|ESCALATE,TRUE,2025-04-05T00:00:00Z,
CASE-0123,anm-00128,ORD-815,PAY-0815,CUS-0010,SETTLEMENT_MISMATCH,LOW,NEW,4.02,0.72,1001.18,8.04,1.44,933.74,0,NONE,MISMATCH,67.44,0.90,ACTION_READY,67.44,2025-05-05T00:00:00Z,DRAFT_DISPUTE|CREATE_DISPUTE|NOTIFY_GATEWAY|FINANCE_REVIEW|ESCALATE,FALSE,2025-04-05T00:00:00Z,
CASE-0124,anm-00129,ORD-816,PAY-0816,CUS-0138,SETTLEMENT_MISMATCH,LOW,NEW,14.53,2.62,747.4,14.53,2.62,469.77,0,REFUNDED,MISMATCH,14.34,0.90,ACTION_READY,14.34,2025-05-05T00:00:00Z,DRAFT_DISPUTE|CREATE_DISPUTE|NOTIFY_GATEWAY|FINANCE_REVIEW|ESCALATE,FALSE,2025-04-05T00:00:00Z,
CASE-0125,anm-00130,ORD-825,PAY-0825,CUS-0211,REFUND_ECONOMICS,MEDIUM,NEW,1057.5,190.35,43752.15,1057.5,190.35,23576.57,0,REFUNDED,MISMATCH,474.13,0.90,ACTION_READY,474.13,2025-05-05T00:00:00Z,DRAFT_DISPUTE|CREATE_DISPUTE|FINANCE_REVIEW|ESCALATE|CLOSE_NO_ACTION,TRUE,2025-04-05T00:00:00Z,
CASE-0126,anm-00131,ORD-834,PAY-0834,CUS-0181,FEE_DISCREPANCY,LOW,NEW,12.2,2.2,3035.74,16.67,3.0,3031.27,0,NONE,MISMATCH,5.27,0.90,ACTION_READY,5.27,2025-05-05T00:00:00Z,NOTIFY_GATEWAY|DRAFT_DISPUTE|FINANCE_REVIEW|ESCALATE|CLOSE_NO_ACTION,FALSE,2025-04-05T00:00:00Z,
CASE-0127,anm-00132,ORD-835,PAY-0835,CUS-0158,REFUND_ECONOMICS,LOW,NEW,161.21,29.02,7870.26,161.21,29.02,5938.05,0,REFUNDED,MISMATCH,38.64,0.90,ACTION_READY,38.64,2025-05-05T00:00:00Z,DRAFT_DISPUTE|CREATE_DISPUTE|FINANCE_REVIEW|ESCALATE|CLOSE_NO_ACTION,FALSE,2025-04-05T00:00:00Z,
CASE-0128,anm-00133,ORD-837,PAY-0837,CUS-0179,SETTLEMENT_MISMATCH,LOW,NEW,3.41,0.61,849.61,3.41,0.61,784.03,0,NONE,MISMATCH,65.58,0.90,ACTION_READY,65.58,2025-05-05T00:00:00Z,DRAFT_DISPUTE|CREATE_DISPUTE|NOTIFY_GATEWAY|FINANCE_REVIEW|ESCALATE,FALSE,2025-04-05T00:00:00Z,
CASE-0129,anm-00134,ORD-840,PAY-0840,CUS-0117,SETTLEMENT_MISMATCH,LOW,NEW,3.43,0.62,853.21,3.43,0.62,786.73,0,NONE,MISMATCH,66.48,0.90,ACTION_READY,66.48,2025-05-05T00:00:00Z,DRAFT_DISPUTE|CREATE_DISPUTE|NOTIFY_GATEWAY|FINANCE_REVIEW|ESCALATE,FALSE,2025-04-05T00:00:00Z,
CASE-0130,anm-00135,ORD-844,PAY-0844,CUS-0152,SETTLEMENT_MISMATCH,HIGH,NEW,26.45,4.76,1291.07,26.45,4.76,0,0,NONE,MISMATCH,1291.07,0.90,ACTION_READY,1291.07,2025-05-05T00:00:00Z,DRAFT_DISPUTE|CREATE_DISPUTE|NOTIFY_GATEWAY|FINANCE_REVIEW|ESCALATE,TRUE,2025-04-05T00:00:00Z,
CASE-0131,anm-00136,ORD-849,PAY-0849,CUS-0228,FEE_DISCREPANCY,LOW,NEW,49.25,8.87,12255.41,66.89,12.04,12237.77,0,NONE,MISMATCH,20.81,0.90,ACTION_READY,20.81,2025-05-05T00:00:00Z,NOTIFY_GATEWAY|DRAFT_DISPUTE|FINANCE_REVIEW|ESCALATE|CLOSE_NO_ACTION,FALSE,2025-04-05T00:00:00Z,
CASE-0132,anm-00137,ORD-857,PAY-0857,CUS-0224,SETTLEMENT_MISMATCH,LOW,NEW,4.22,0.76,1049.22,4.22,0.76,982.48,0,NONE,MISMATCH,66.74,0.90,ACTION_READY,66.74,2025-05-05T00:00:00Z,DRAFT_DISPUTE|CREATE_DISPUTE|NOTIFY_GATEWAY|FINANCE_REVIEW|ESCALATE,FALSE,2025-04-05T00:00:00Z,
CASE-0133,anm-00138,ORD-872,PAY-0872,CUS-0169,REFUND_ECONOMICS,LOW,NEW,5.98,1.08,291.94,5.98,1.08,170.43,0,REFUNDED,MISMATCH,2.43,0.90,ACTION_READY,2.43,2025-05-05T00:00:00Z,DRAFT_DISPUTE|CREATE_DISPUTE|FINANCE_REVIEW|ESCALATE|CLOSE_NO_ACTION,FALSE,2025-04-05T00:00:00Z,
CASE-0134,anm-00139,ORD-873,PAY-0873,CUS-0205,FEE_DISCREPANCY,LOW,NEW,9.56,1.72,2377.73,14.63,2.63,2372.66,0,NONE,MISMATCH,5.98,0.90,ACTION_READY,5.98,2025-05-05T00:00:00Z,NOTIFY_GATEWAY|DRAFT_DISPUTE|FINANCE_REVIEW|ESCALATE|CLOSE_NO_ACTION,FALSE,2025-04-05T00:00:00Z,
CASE-0135,anm-00140,ORD-877,PAY-0877,CUS-0060,REFUND_ECONOMICS,LOW,NEW,16.82,3.03,821.09,16.82,3.03,597.67,0,REFUNDED,MISMATCH,4.47,0.90,ACTION_READY,4.47,2025-05-05T00:00:00Z,DRAFT_DISPUTE|CREATE_DISPUTE|FINANCE_REVIEW|ESCALATE|CLOSE_NO_ACTION,FALSE,2025-04-05T00:00:00Z,
CASE-0136,anm-00141,ORD-884,PAY-0884,CUS-0159,FEE_DISCREPANCY,MEDIUM,NEW,122.18,21.99,5964.7,244.36,43.98,5820.53,0,NONE,MISMATCH,144.17,0.90,ACTION_READY,144.17,2025-05-05T00:00:00Z,NOTIFY_GATEWAY|DRAFT_DISPUTE|FINANCE_REVIEW|ESCALATE|CLOSE_NO_ACTION,FALSE,2025-04-05T00:00:00Z,
CASE-0137,anm-00142,ORD-893,PAY-0893,CUS-0234,SETTLEMENT_MISMATCH,LOW,NEW,26.12,4.7,1274.96,26.12,4.7,1247.45,0,NONE,MISMATCH,27.51,0.90,ACTION_READY,27.51,2025-05-05T00:00:00Z,DRAFT_DISPUTE|CREATE_DISPUTE|NOTIFY_GATEWAY|FINANCE_REVIEW|ESCALATE,FALSE,2025-04-05T00:00:00Z,
CASE-0138,anm-00143,ORD-902,PAY-0902,CUS-0028,FEE_DISCREPANCY,LOW,NEW,3.34,0.6,829.9,6.68,1.2,825.96,0,NONE,MISMATCH,3.94,0.90,ACTION_READY,3.94,2025-05-05T00:00:00Z,NOTIFY_GATEWAY|DRAFT_DISPUTE|FINANCE_REVIEW|ESCALATE|CLOSE_NO_ACTION,FALSE,2025-04-05T00:00:00Z,
CASE-0139,anm-00145,ORD-924,PAY-0924,CUS-0132,SETTLEMENT_MISMATCH,LOW,NEW,58.57,10.54,2859.4,73.23,13.18,2786.92,0,NONE,MISMATCH,72.48,0.90,ACTION_READY,72.48,2025-05-05T00:00:00Z,DRAFT_DISPUTE|CREATE_DISPUTE|NOTIFY_GATEWAY|FINANCE_REVIEW|ESCALATE,FALSE,2025-04-05T00:00:00Z,
CASE-0140,anm-00146,ORD-928,PAY-0928,CUS-0238,SETTLEMENT_MISMATCH,MEDIUM,NEW,1.74,0.31,433.87,1.74,0.31,0,0,NONE,MISMATCH,433.87,0.90,ACTION_READY,433.87,2025-05-05T00:00:00Z,DRAFT_DISPUTE|CREATE_DISPUTE|NOTIFY_GATEWAY|FINANCE_REVIEW|ESCALATE,FALSE,2025-04-05T00:00:00Z,
CASE-0141,anm-00147,ORD-932,PAY-0932,CUS-0044,SETTLEMENT_MISMATCH,LOW,NEW,4.98,0.9,1238.55,4.98,0.9,1149.61,0,NONE,MISMATCH,88.94,0.90,ACTION_READY,88.94,2025-05-05T00:00:00Z,DRAFT_DISPUTE|CREATE_DISPUTE|NOTIFY_GATEWAY|FINANCE_REVIEW|ESCALATE,FALSE,2025-04-05T00:00:00Z,
CASE-0142,anm-00148,ORD-939,PAY-0939,CUS-0062,SETTLEMENT_MISMATCH,LOW,NEW,1.2,0.22,297.58,1.2,0.22,189.5,0,REFUNDED,MISMATCH,6.49,0.90,ACTION_READY,6.49,2025-05-05T00:00:00Z,DRAFT_DISPUTE|CREATE_DISPUTE|NOTIFY_GATEWAY|FINANCE_REVIEW|ESCALATE,FALSE,2025-04-05T00:00:00Z,
CASE-0143,anm-00149,ORD-952,PAY-0952,CUS-0159,SETTLEMENT_MISMATCH,HIGH,NEW,80.9,14.56,3949.51,80.9,14.56,0,0,REFUNDED,MISMATCH,1980.46,0.90,ACTION_READY,1980.46,2025-05-05T00:00:00Z,DRAFT_DISPUTE|CREATE_DISPUTE|NOTIFY_GATEWAY|FINANCE_REVIEW|ESCALATE,TRUE,2025-04-05T00:00:00Z,
CASE-0144,anm-00150,ORD-964,PAY-0964,CUS-0067,REFUND_ECONOMICS,LOW,NEW,24.72,4.45,1206.87,24.72,4.45,642.48,0,REFUNDED,MISMATCH,11.29,0.90,ACTION_READY,11.29,2025-05-05T00:00:00Z,DRAFT_DISPUTE|CREATE_DISPUTE|FINANCE_REVIEW|ESCALATE|CLOSE_NO_ACTION,FALSE,2025-04-05T00:00:00Z,
CASE-0145,anm-00151,ORD-971,PAY-0971,CUS-0156,SETTLEMENT_MISMATCH,HIGH,NEW,5.34,0.96,1328.14,5.34,0.96,0,0,REFUNDED,MISMATCH,953.0,0.90,ACTION_READY,953.0,2025-05-05T00:00:00Z,DRAFT_DISPUTE|CREATE_DISPUTE|NOTIFY_GATEWAY|FINANCE_REVIEW|ESCALATE,TRUE,2025-04-05T00:00:00Z,
CASE-0146,anm-00152,ORD-980,PAY-0980,CUS-0107,FEE_DISCREPANCY,LOW,NEW,103.38,18.61,5046.81,136.58,24.58,5013.61,0,NONE,MISMATCH,39.17,0.90,ACTION_READY,39.17,2025-05-05T00:00:00Z,NOTIFY_GATEWAY|DRAFT_DISPUTE|FINANCE_REVIEW|ESCALATE|CLOSE_NO_ACTION,FALSE,2025-04-05T00:00:00Z,
CASE-0147,anm-00153,ORD-982,PAY-0982,CUS-0078,SETTLEMENT_MISMATCH,MEDIUM,NEW,12.0,2.16,479.39,12.0,2.16,0,0,NONE,MISMATCH,479.39,0.90,ACTION_READY,479.39,2025-05-05T00:00:00Z,DRAFT_DISPUTE|CREATE_DISPUTE|NOTIFY_GATEWAY|FINANCE_REVIEW|ESCALATE,FALSE,2025-04-05T00:00:00Z,
CASE-0148,anm-00154,ORD-988,PAY-0988,CUS-0067,FEE_DISCREPANCY,LOW,NEW,6.74,1.21,329.15,8.64,1.56,327.25,0,NONE,MISMATCH,2.25,0.90,ACTION_READY,2.25,2025-05-05T00:00:00Z,NOTIFY_GATEWAY|DRAFT_DISPUTE|FINANCE_REVIEW|ESCALATE|CLOSE_NO_ACTION,FALSE,2025-04-05T00:00:00Z,
CASE-0149,anm-00156,ORD-990,PAY-0990,CUS-0013,SETTLEMENT_MISMATCH,LOW,NEW,28.85,5.19,1408.53,57.7,10.38,1337.2,0,NONE,MISMATCH,71.33,0.90,ACTION_READY,71.33,2025-05-05T00:00:00Z,DRAFT_DISPUTE|CREATE_DISPUTE|NOTIFY_GATEWAY|FINANCE_REVIEW|ESCALATE,FALSE,2025-04-05T00:00:00Z,
CASE-9001,ANM-9001,ORD-9001,PAY-9001,CUS-9001,SETTLEMENT_MISMATCH,MEDIUM,NEW,200.00,36.00,9764.00,200.00,36.00,9514.00,0,NONE,MISMATCH,250.00,0.90,ACTION_READY,250.00,2026-04-05T00:00:00Z,DRAFT_DISPUTE|CREATE_DISPUTE|NOTIFY_GATEWAY|FINANCE_REVIEW|ESCALATE,TRUE,2026-09-05T12:56:03Z,
