assessment_id,case_id,status,discrepancy_amount,potentially_recoverable_amount,confidence,root_cause,evidence_complete,evidence_missing,contractual_basis,tax_review_status,deadline_at,deadline_open,recommended_action,assessed_at
RCA-0001,CASE-0001,ACTION_READY,13.78,13.78,0.90,r|a|t|e| |c|a|r|d| |m|i|s|a|p|p|l|i|e|d|||d|u|p|l|i|c|a|t|e| |f|e|e| |e|v|e|n|t|||i|n|s|t|r|u|m|e|n|t| |s|u|r|c|h|a|r|g|e| |n|o|t| |c|o|n|t|r|a|c|t|e|d,TRUE,,FR-FEE-CALC-001,NOT_APPLICABLE,2025-05-20T00:00:00Z,TRUE,DRAFT_DISPUTE,2025-04-05T00:00:00Z
RCA-0002,CASE-0002,ACTION_READY,1.18,1.18,0.90,r|a|t|e| |c|a|r|d| |m|i|s|a|p|p|l|i|e|d|||d|u|p|l|i|c|a|t|e| |f|e|e| |e|v|e|n|t|||i|n|s|t|r|u|m|e|n|t| |s|u|r|c|h|a|r|g|e| |n|o|t| |c|o|n|t|r|a|c|t|e|d,TRUE,,FR-FEE-CALC-001,NOT_APPLICABLE,2025-05-20T00:00:00Z,TRUE,DRAFT_DISPUTE,2025-04-05T00:00:00Z
RCA-0003,CASE-0003,ACTION_READY,1.44,1.44,0.90,r|a|t|e| |c|a|r|d| |m|i|s|a|p|p|l|i|e|d|||d|u|p|l|i|c|a|t|e| |f|e|e| |e|v|e|n|t|||i|n|s|t|r|u|m|e|n|t| |s|u|r|c|h|a|r|g|e| |n|o|t| |c|o|n|t|r|a|c|t|e|d,TRUE,,FR-FEE-CALC-001,NOT_APPLICABLE,2025-05-20T00:00:00Z,TRUE,DRAFT_DISPUTE,2025-04-05T00:00:00Z
RCA-0004,CASE-0004,ACTION_READY,1945.43,1945.43,0.90,s|e|t|t|l|e|m|e|n|t| |a|m|o|u|n|t| |s|h|o|r|t|||s|e|t|t|l|e|m|e|n|t| |m|i|s|s|i|n|g|||b|a|n|k| |c|r|e|d|i|t| |m|i|s|m|a|t|c|h,TRUE,,FR-SETTLE-CALC-001,NOT_APPLICABLE,2025-05-20T00:00:00Z,TRUE,DRAFT_DISPUTE,2025-04-05T00:00:00Z
RCA-0005,CASE-0005,ACTION_READY,8.83,8.83,0.90,f|e|e| |n|o|t| |r|e|t|u|r|n|e|d| |p|r|o|-|r|a|t|a|||o|v|e|r|-|r|e|f|u|n|d|||r|e|f|u|n|d| |n|o|t| |p|r|o|c|e|s|s|e|d,TRUE,,FR-SETTLE-CALC-001,NOT_APPLICABLE,2025-05-20T00:00:00Z,TRUE,DRAFT_DISPUTE,2025-04-05T00:00:00Z
RCA-0006,CASE-0006,ACTION_READY,3.57,3.57,0.90,f|e|e| |n|o|t| |r|e|t|u|r|n|e|d| |p|r|o|-|r|a|t|a|||o|v|e|r|-|r|e|f|u|n|d|||r|e|f|u|n|d| |n|o|t| |p|r|o|c|e|s|s|e|d,TRUE,,FR-SETTLE-CALC-001,NOT_APPLICABLE,2025-05-20T00:00:00Z,TRUE,DRAFT_DISPUTE,2025-04-05T00:00:00Z
RCA-0007,CASE-0007,ACTION_READY,1541.86,1541.86,0.90,s|e|t|t|l|e|m|e|n|t| |a|m|o|u|n|t| |s|h|o|r|t|||s|e|t|t|l|e|m|e|n|t| |m|i|s|s|i|n|g|||b|a|n|k| |c|r|e|d|i|t| |m|i|s|m|a|t|c|h,TRUE,,FR-SETTLE-CALC-001,NOT_APPLICABLE,2025-05-20T00:00:00Z,TRUE,DRAFT_DISPUTE,2025-04-05T00:00:00Z
RCA-0008,CASE-0008,ACTION_READY,5.17,5.17,0.90,r|a|t|e| |c|a|r|d| |m|i|s|a|p|p|l|i|e|d|||d|u|p|l|i|c|a|t|e| |f|e|e| |e|v|e|n|t|||i|n|s|t|r|u|m|e|n|t| |s|u|r|c|h|a|r|g|e| |n|o|t| |c|o|n|t|r|a|c|t|e|d,TRUE,,FR-FEE-CALC-001,NOT_APPLICABLE,2025-05-20T00:00:00Z,TRUE,DRAFT_DISPUTE,2025-04-05T00:00:00Z
RCA-0009,CASE-0009,ACTION_READY,294.24,294.24,0.90,s|e|t|t|l|e|m|e|n|t| |a|m|o|u|n|t| |s|h|o|r|t|||s|e|t|t|l|e|m|e|n|t| |m|i|s|s|i|n|g|||b|a|n|k| |c|r|e|d|i|t| |m|i|s|m|a|t|c|h,TRUE,,FR-SETTLE-CALC-001,NOT_APPLICABLE,2025-05-20T00:00:00Z,TRUE,DRAFT_DISPUTE,2025-04-05T00:00:00Z
RCA-0010,CASE-0010,ACTION_READY,2.28,2.28,0.90,r|a|t|e| |c|a|r|d| |m|i|s|a|p|p|l|i|e|d|||d|u|p|l|i|c|a|t|e| |f|e|e| |e|v|e|n|t|||i|n|s|t|r|u|m|e|n|t| |s|u|r|c|h|a|r|g|e| |n|o|t| |c|o|n|t|r|a|c|t|e|d,TRUE,,FR-FEE-CALC-001,NOT_APPLICABLE,2025-05-20T00:00:00Z,TRUE,DRAFT_DISPUTE,2025-04-05T00:00:00Z
RCA-0011,CASE-0011,ACTION_READY,9.94,9.94,0.90,f|e|e| |n|o|t| |r|e|t|u|r|n|e|d| |p|r|o|-|r|a|t|a|||o|v|e|r|-|r|e|f|u|n|d|||r|e|f|u|n|d| |n|o|t| |p|r|o|c|e|s|s|e|d,TRUE,,FR-SETTLE-CALC-001,NOT_APPLICABLE,2025-05-20T00:00:00Z,TRUE,DRAFT_DISPUTE,2025-04-05T00:00:00Z
RCA-0012,CASE-0012,ACTION_READY,3.93,3.93,0.90,r|a|t|e| |c|a|r|d| |m|i|s|a|p|p|l|i|e|d|||d|u|p|l|i|c|a|t|e| |f|e|e| |e|v|e|n|t|||i|n|s|t|r|u|m|e|n|t| |s|u|r|c|h|a|r|g|e| |n|o|t| |c|o|n|t|r|a|c|t|e|d,TRUE,,FR-FEE-CALC-001,NOT_APPLICABLE,2025-05-20T00:00:00Z,TRUE,DRAFT_DISPUTE,2025-04-05T00:00:00Z
RCA-0013,CASE-0013,ACTION_READY,5.38,5.38,0.90,r|a|t|e| |c|a|r|d| |m|i|s|a|p|p|l|i|e|d|||d|u|p|l|i|c|a|t|e| |f|e|e| |e|v|e|n|t|||i|n|s|t|r|u|m|e|n|t| |s|u|r|c|h|a|r|g|e| |n|o|t| |c|o|n|t|r|a|c|t|e|d,TRUE,,FR-FEE-CALC-001,NOT_APPLICABLE,2025-05-20T00:00:00Z,TRUE,DRAFT_DISPUTE,2025-04-05T00:00:00Z
RCA-0014,CASE-0014,ACTION_READY,5.34,5.34,0.90,f|e|e| |n|o|t| |r|e|t|u|r|n|e|d| |p|r|o|-|r|a|t|a|||o|v|e|r|-|r|e|f|u|n|d|||r|e|f|u|n|d| |n|o|t| |p|r|o|c|e|s|s|e|d,TRUE,,FR-SETTLE-CALC-001,NOT_APPLICABLE,2025-05-20T00:00:00Z,TRUE,DRAFT_DISPUTE,2025-04-05T00:00:00Z
RCA-0015,CASE-0015,ACTION_READY,17.8,17.8,0.90,f|e|e| |n|o|t| |r|e|t|u|r|n|e|d| |p|r|o|-|r|a|t|a|||o|v|e|r|-|r|e|f|u|n|d|||r|e|f|u|n|d| |n|o|t| |p|r|o|c|e|s|s|e|d,TRUE,,FR-SETTLE-CALC-001,NOT_APPLICABLE,2025-05-20T00:00:00Z,TRUE,DRAFT_DISPUTE,2025-04-05T00:00:00Z
RCA-0016,CASE-0016,ACTION_READY,13.9,13.9,0.90,r|a|t|e| |c|a|r|d| |m|i|s|a|p|p|l|i|e|d|||d|u|p|l|i|c|a|t|e| |f|e|e| |e|v|e|n|t|||i|n|s|t|r|u|m|e|n|t| |s|u|r|c|h|a|r|g|e| |n|o|t| |c|o|n|t|r|a|c|t|e|d,TRUE,,FR-FEE-CALC-001,NOT_APPLICABLE,2025-05-20T00:00:00Z,TRUE,DRAFT_DISPUTE,2025-04-05T00:00:00Z
RCA-0017,CASE-0017,ACTION_READY,58.05,58.05,0.90,s|e|t|t|l|e|m|e|n|t| |a|m|o|u|n|t| |s|h|o|r|t|||s|e|t|t|l|e|m|e|n|t| |m|i|s|s|i|n|g|||b|a|n|k| |c|r|e|d|i|t| |m|i|s|m|a|t|c|h,TRUE,,FR-SETTLE-CALC-001,NOT_APPLICABLE,2025-05-20T00:00:00Z,TRUE,DRAFT_DISPUTE,2025-04-05T00:00:00Z
RCA-0018,CASE-0018,ACTION_READY,2.65,2.65,0.90,r|a|t|e| |c|a|r|d| |m|i|s|a|p|p|l|i|e|d|||d|u|p|l|i|c|a|t|e| |f|e|e| |e|v|e|n|t|||i|n|s|t|r|u|m|e|n|t| |s|u|r|c|h|a|r|g|e| |n|o|t| |c|o|n|t|r|a|c|t|e|d,TRUE,,FR-FEE-CALC-001,NOT_APPLICABLE,2025-05-20T00:00:00Z,TRUE,DRAFT_DISPUTE,2025-04-05T00:00:00Z
RCA-0019,CASE-0019,ACTION_READY,36.8,36.8,0.90,s|e|t|t|l|e|m|e|n|t| |a|m|o|u|n|t| |s|h|o|r|t|||s|e|t|t|l|e|m|e|n|t| |m|i|s|s|i|n|g|||b|a|n|k| |c|r|e|d|i|t| |m|i|s|m|a|t|c|h,TRUE,,FR-SETTLE-CALC-001,NOT_APPLICABLE,2025-05-20T00:00:00Z,TRUE,DRAFT_DISPUTE,2025-04-05T00:00:00Z
RCA-0020,CASE-0020,ACTION_READY,114.35,114.35,0.90,s|e|t|t|l|e|m|e|n|t| |a|m|o|u|n|t| |s|h|o|r|t|||s|e|t|t|l|e|m|e|n|t| |m|i|s|s|i|n|g|||b|a|n|k| |c|r|e|d|i|t| |m|i|s|m|a|t|c|h,TRUE,,FR-SETTLE-CALC-001,NOT_APPLICABLE,2025-05-20T00:00:00Z,TRUE,DRAFT_DISPUTE,2025-04-05T00:00:00Z
RCA-0021,CASE-0021,ACTION_READY,136.39,136.39,0.90,s|e|t|t|l|e|m|e|n|t| |a|m|o|u|n|t| |s|h|o|r|t|||s|e|t|t|l|e|m|e|n|t| |m|i|s|s|i|n|g|||b|a|n|k| |c|r|e|d|i|t| |m|i|s|m|a|t|c|h,TRUE,,FR-SETTLE-CALC-001,NOT_APPLICABLE,2025-05-20T00:00:00Z,TRUE,DRAFT_DISPUTE,2025-04-05T00:00:00Z
RCA-0022,CASE-0022,ACTION_READY,7.48,7.48,0.90,r|a|t|e| |c|a|r|d| |m|i|s|a|p|p|l|i|e|d|||d|u|p|l|i|c|a|t|e| |f|e|e| |e|v|e|n|t|||i|n|s|t|r|u|m|e|n|t| |s|u|r|c|h|a|r|g|e| |n|o|t| |c|o|n|t|r|a|c|t|e|d,TRUE,,FR-FEE-CALC-001,NOT_APPLICABLE,2025-05-20T00:00:00Z,TRUE,DRAFT_DISPUTE,2025-04-05T00:00:00Z
RCA-0023,CASE-0023,ACTION_READY,3.1,3.1,0.90,r|a|t|e| |c|a|r|d| |m|i|s|a|p|p|l|i|e|d|||d|u|p|l|i|c|a|t|e| |f|e|e| |e|v|e|n|t|||i|n|s|t|r|u|m|e|n|t| |s|u|r|c|h|a|r|g|e| |n|o|t| |c|o|n|t|r|a|c|t|e|d,TRUE,,FR-FEE-CALC-001,NOT_APPLICABLE,2025-05-20T00:00:00Z,TRUE,DRAFT_DISPUTE,2025-04-05T00:00:00Z
RCA-0024,CASE-0024,ACTION_READY,131.65,131.65,0.90,r|a|t|e| |c|a|r|d| |m|i|s|a|p|p|l|i|e|d|||d|u|p|l|i|c|a|t|e| |f|e|e| |e|v|e|n|t|||i|n|s|t|r|u|m|e|n|t| |s|u|r|c|h|a|r|g|e| |n|o|t| |c|o|n|t|r|a|c|t|e|d,TRUE,,FR-SETTLE-CALC-001,NOT_APPLICABLE,2025-05-20T00:00:00Z,TRUE,DRAFT_DISPUTE,2025-04-05T00:00:00Z
RCA-0025,CASE-0025,ACTION_READY,1.42,1.42,0.90,r|a|t|e| |c|a|r|d| |m|i|s|a|p|p|l|i|e|d|||d|u|p|l|i|c|a|t|e| |f|e|e| |e|v|e|n|t|||i|n|s|t|r|u|m|e|n|t| |s|u|r|c|h|a|r|g|e| |n|o|t| |c|o|n|t|r|a|c|t|e|d,TRUE,,FR-FEE-CALC-001,NOT_APPLICABLE,2025-05-20T00:00:00Z,TRUE,DRAFT_DISPUTE,2025-04-05T00:00:00Z
RCA-0026,CASE-0026,ACTION_READY,792.3,792.3,0.90,s|e|t|t|l|e|m|e|n|t| |a|m|o|u|n|t| |s|h|o|r|t|||s|e|t|t|l|e|m|e|n|t| |m|i|s|s|i|n|g|||b|a|n|k| |c|r|e|d|i|t| |m|i|s|m|a|t|c|h,TRUE,,FR-SETTLE-CALC-001,NOT_APPLICABLE,2025-05-20T00:00:00Z,TRUE,DRAFT_DISPUTE,2025-04-05T00:00:00Z
RCA-0027,CASE-0027,ACTION_READY,101.73,101.73,0.90,s|e|t|t|l|e|m|e|n|t| |a|m|o|u|n|t| |s|h|o|r|t|||s|e|t|t|l|e|m|e|n|t| |m|i|s|s|i|n|g|||b|a|n|k| |c|r|e|d|i|t| |m|i|s|m|a|t|c|h,TRUE,,FR-SETTLE-CALC-001,NOT_APPLICABLE,2025-05-20T00:00:00Z,TRUE,DRAFT_DISPUTE,2025-04-05T00:00:00Z
RCA-0028,CASE-0028,ACTION_READY,2.08,2.08,0.90,f|e|e| |n|o|t| |r|e|t|u|r|n|e|d| |p|r|o|-|r|a|t|a|||o|v|e|r|-|r|e|f|u|n|d|||r|e|f|u|n|d| |n|o|t| |p|r|o|c|e|s|s|e|d,TRUE,,FR-SETTLE-CALC-001,NOT_APPLICABLE,2025-05-20T00:00:00Z,TRUE,DRAFT_DISPUTE,2025-04-05T00:00:00Z
RCA-0029,CASE-0029,ACTION_READY,2092.88,2092.88,0.90,s|e|t|t|l|e|m|e|n|t| |a|m|o|u|n|t| |s|h|o|r|t|||s|e|t|t|l|e|m|e|n|t| |m|i|s|s|i|n|g|||b|a|n|k| |c|r|e|d|i|t| |m|i|s|m|a|t|c|h,TRUE,,FR-SETTLE-CALC-001,NOT_APPLICABLE,2025-05-20T00:00:00Z,TRUE,DRAFT_DISPUTE,2025-04-05T00:00:00Z
RCA-0030,CASE-0030,ACTION_READY,571.83,571.83,0.90,s|e|t|t|l|e|m|e|n|t| |a|m|o|u|n|t| |s|h|o|r|t|||s|e|t|t|l|e|m|e|n|t| |m|i|s|s|i|n|g|||b|a|n|k| |c|r|e|d|i|t| |m|i|s|m|a|t|c|h,TRUE,,FR-SETTLE-CALC-001,NOT_APPLICABLE,2025-05-20T00:00:00Z,TRUE,DRAFT_DISPUTE,2025-04-05T00:00:00Z
RCA-0031,CASE-0031,ACTION_READY,25.74,25.74,0.90,r|a|t|e| |c|a|r|d| |m|i|s|a|p|p|l|i|e|d|||d|u|p|l|i|c|a|t|e| |f|e|e| |e|v|e|n|t|||i|n|s|t|r|u|m|e|n|t| |s|u|r|c|h|a|r|g|e| |n|o|t| |c|o|n|t|r|a|c|t|e|d,TRUE,,FR-FEE-CALC-001,NOT_APPLICABLE,2025-05-20T00:00:00Z,TRUE,DRAFT_DISPUTE,2025-04-05T00:00:00Z
RCA-0032,CASE-0032,ACTION_READY,814.95,814.95,0.90,s|e|t|t|l|e|m|e|n|t| |a|m|o|u|n|t| |s|h|o|r|t|||s|e|t|t|l|e|m|e|n|t| |m|i|s|s|i|n|g|||b|a|n|k| |c|r|e|d|i|t| |m|i|s|m|a|t|c|h,TRUE,,FR-SETTLE-CALC-001,NOT_APPLICABLE,2025-05-20T00:00:00Z,TRUE,DRAFT_DISPUTE,2025-04-05T00:00:00Z
RCA-0033,CASE-0033,ACTION_READY,11.36,11.36,0.90,r|a|t|e| |c|a|r|d| |m|i|s|a|p|p|l|i|e|d|||d|u|p|l|i|c|a|t|e| |f|e|e| |e|v|e|n|t|||i|n|s|t|r|u|m|e|n|t| |s|u|r|c|h|a|r|g|e| |n|o|t| |c|o|n|t|r|a|c|t|e|d,TRUE,,FR-FEE-CALC-001,NOT_APPLICABLE,2025-05-20T00:00:00Z,TRUE,DRAFT_DISPUTE,2025-04-05T00:00:00Z
RCA-0034,CASE-0034,ACTION_READY,10.56,10.56,0.90,r|a|t|e| |c|a|r|d| |m|i|s|a|p|p|l|i|e|d|||d|u|p|l|i|c|a|t|e| |f|e|e| |e|v|e|n|t|||i|n|s|t|r|u|m|e|n|t| |s|u|r|c|h|a|r|g|e| |n|o|t| |c|o|n|t|r|a|c|t|e|d,TRUE,,FR-SETTLE-CALC-001,NOT_APPLICABLE,2025-05-20T00:00:00Z,TRUE,DRAFT_DISPUTE,2025-04-05T00:00:00Z
RCA-0035,CASE-0035,ACTION_READY,5.45,5.45,0.90,s|e|t|t|l|e|m|e|n|t| |a|m|o|u|n|t| |s|h|o|r|t|||s|e|t|t|l|e|m|e|n|t| |m|i|s|s|i|n|g|||b|a|n|k| |c|r|e|d|i|t| |m|i|s|m|a|t|c|h,TRUE,,FR-SETTLE-CALC-001,NOT_APPLICABLE,2025-05-20T00:00:00Z,TRUE,DRAFT_DISPUTE,2025-04-05T00:00:00Z
RCA-0036,CASE-0036,ACTION_READY,6.39,6.39,0.90,f|e|e| |n|o|t| |r|e|t|u|r|n|e|d| |p|r|o|-|r|a|t|a|||o|v|e|r|-|r|e|f|u|n|d|||r|e|f|u|n|d| |n|o|t| |p|r|o|c|e|s|s|e|d,TRUE,,FR-SETTLE-CALC-001,NOT_APPLICABLE,2025-05-20T00:00:00Z,TRUE,DRAFT_DISPUTE,2025-04-05T00:00:00Z
RCA-0037,CASE-0037,ACTION_READY,33.66,33.66,0.90,f|e|e| |n|o|t| |r|e|t|u|r|n|e|d| |p|r|o|-|r|a|t|a|||o|v|e|r|-|r|e|f|u|n|d|||r|e|f|u|n|d| |n|o|t| |p|r|o|c|e|s|s|e|d,TRUE,,FR-SETTLE-CALC-001,NOT_APPLICABLE,2025-05-20T00:00:00Z,TRUE,DRAFT_DISPUTE,2025-04-05T00:00:00Z
RCA-0038,CASE-0038,ACTION_READY,23.82,23.82,0.90,r|a|t|e| |c|a|r|d| |m|i|s|a|p|p|l|i|e|d|||d|u|p|l|i|c|a|t|e| |f|e|e| |e|v|e|n|t|||i|n|s|t|r|u|m|e|n|t| |s|u|r|c|h|a|r|g|e| |n|o|t| |c|o|n|t|r|a|c|t|e|d,TRUE,,FR-FEE-CALC-001,NOT_APPLICABLE,2025-05-20T00:00:00Z,TRUE,DRAFT_DISPUTE,2025-04-05T00:00:00Z
RCA-0039,CASE-0039,ACTION_READY,119.5,119.5,0.90,s|e|t|t|l|e|m|e|n|t| |a|m|o|u|n|t| |s|h|o|r|t|||s|e|t|t|l|e|m|e|n|t| |m|i|s|s|i|n|g|||b|a|n|k| |c|r|e|d|i|t| |m|i|s|m|a|t|c|h,TRUE,,FR-SETTLE-CALC-001,NOT_APPLICABLE,2025-05-20T00:00:00Z,TRUE,DRAFT_DISPUTE,2025-04-05T00:00:00Z
RCA-0040,CASE-0040,ACTION_READY,300.05,300.05,0.90,s|e|t|t|l|e|m|e|n|t| |a|m|o|u|n|t| |s|h|o|r|t|||s|e|t|t|l|e|m|e|n|t| |m|i|s|s|i|n|g|||b|a|n|k| |c|r|e|d|i|t| |m|i|s|m|a|t|c|h,TRUE,,FR-SETTLE-CALC-001,NOT_APPLICABLE,2025-05-20T00:00:00Z,TRUE,DRAFT_DISPUTE,2025-04-05T00:00:00Z
RCA-0041,CASE-0041,ACTION_READY,291.94,291.94,0.90,s|e|t|t|l|e|m|e|n|t| |a|m|o|u|n|t| |s|h|o|r|t|||s|e|t|t|l|e|m|e|n|t| |m|i|s|s|i|n|g|||b|a|n|k| |c|r|e|d|i|t| |m|i|s|m|a|t|c|h,TRUE,,FR-SETTLE-CALC-001,NOT_APPLICABLE,2025-05-20T00:00:00Z,TRUE,DRAFT_DISPUTE,2025-04-05T00:00:00Z
RCA-0042,CASE-0042,ACTION_READY,550.24,550.24,0.90,s|e|t|t|l|e|m|e|n|t| |a|m|o|u|n|t| |s|h|o|r|t|||s|e|t|t|l|e|m|e|n|t| |m|i|s|s|i|n|g|||b|a|n|k| |c|r|e|d|i|t| |m|i|s|m|a|t|c|h,TRUE,,FR-SETTLE-CALC-001,NOT_APPLICABLE,2025-05-20T00:00:00Z,TRUE,DRAFT_DISPUTE,2025-04-05T00:00:00Z
RCA-0043,CASE-0043,ACTION_READY,7.58,7.58,0.90,r|a|t|e| |c|a|r|d| |m|i|s|a|p|p|l|i|e|d|||d|u|p|l|i|c|a|t|e| |f|e|e| |e|v|e|n|t|||i|n|s|t|r|u|m|e|n|t| |s|u|r|c|h|a|r|g|e| |n|o|t| |c|o|n|t|r|a|c|t|e|d,TRUE,,FR-FEE-CALC-001,NOT_APPLICABLE,2025-05-20T00:00:00Z,TRUE,DRAFT_DISPUTE,2025-04-05T00:00:00Z
RCA-0044,CASE-0044,ACTION_READY,129.59,129.59,0.90,s|e|t|t|l|e|m|e|n|t| |a|m|o|u|n|t| |s|h|o|r|t|||s|e|t|t|l|e|m|e|n|t| |m|i|s|s|i|n|g|||b|a|n|k| |c|r|e|d|i|t| |m|i|s|m|a|t|c|h,TRUE,,FR-SETTLE-CALC-001,NOT_APPLICABLE,2025-05-20T00:00:00Z,TRUE,DRAFT_DISPUTE,2025-04-05T00:00:00Z
RCA-0045,CASE-0045,ACTION_READY,2.17,2.17,0.90,r|a|t|e| |c|a|r|d| |m|i|s|a|p|p|l|i|e|d|||d|u|p|l|i|c|a|t|e| |f|e|e| |e|v|e|n|t|||i|n|s|t|r|u|m|e|n|t| |s|u|r|c|h|a|r|g|e| |n|o|t| |c|o|n|t|r|a|c|t|e|d,TRUE,,FR-FEE-CALC-001,NOT_APPLICABLE,2025-05-20T00:00:00Z,TRUE,DRAFT_DISPUTE,2025-04-05T00:00:00Z
RCA-0046,CASE-0046,ACTION_READY,1253.0,1253.0,0.90,s|e|t|t|l|e|m|e|n|t| |a|m|o|u|n|t| |s|h|o|r|t|||s|e|t|t|l|e|m|e|n|t| |m|i|s|s|i|n|g|||b|a|n|k| |c|r|e|d|i|t| |m|i|s|m|a|t|c|h,TRUE,,FR-SETTLE-CALC-001,NOT_APPLICABLE,2025-05-20T00:00:00Z,TRUE,DRAFT_DISPUTE,2025-04-05T00:00:00Z
RCA-0047,CASE-0047,ACTION_READY,1237.65,1237.65,0.90,s|e|t|t|l|e|m|e|n|t| |a|m|o|u|n|t| |s|h|o|r|t|||s|e|t|t|l|e|m|e|n|t| |m|i|s|s|i|n|g|||b|a|n|k| |c|r|e|d|i|t| |m|i|s|m|a|t|c|h,TRUE,,FR-SETTLE-CALC-001,NOT_APPLICABLE,2025-05-20T00:00:00Z,TRUE,DRAFT_DISPUTE,2025-04-05T00:00:00Z
RCA-0048,CASE-0048,ACTION_READY,106.19,106.19,0.90,s|e|t|t|l|e|m|e|n|t| |a|m|o|u|n|t| |s|h|o|r|t|||s|e|t|t|l|e|m|e|n|t| |m|i|s|s|i|n|g|||b|a|n|k| |c|r|e|d|i|t| |m|i|s|m|a|t|c|h,TRUE,,FR-SETTLE-CALC-001,NOT_APPLICABLE,2025-05-20T00:00:00Z,TRUE,DRAFT_DISPUTE,2025-04-05T00:00:00Z
RCA-0049,CASE-0049,ACTION_READY,2.1,2.1,0.90,f|e|e| |n|o|t| |r|e|t|u|r|n|e|d| |p|r|o|-|r|a|t|a|||o|v|e|r|-|r|e|f|u|n|d|||r|e|f|u|n|d| |n|o|t| |p|r|o|c|e|s|s|e|d,TRUE,,FR-SETTLE-CALC-001,NOT_APPLICABLE,2025-05-20T00:00:00Z,TRUE,DRAFT_DISPUTE,2025-04-05T00:00:00Z
RCA-0050,CASE-0050,ACTION_READY,4.07,4.07,0.90,r|a|t|e| |c|a|r|d| |m|i|s|a|p|p|l|i|e|d|||d|u|p|l|i|c|a|t|e| |f|e|e| |e|v|e|n|t|||i|n|s|t|r|u|m|e|n|t| |s|u|r|c|h|a|r|g|e| |n|o|t| |c|o|n|t|r|a|c|t|e|d,TRUE,,FR-FEE-CALC-001,NOT_APPLICABLE,2025-05-20T00:00:00Z,TRUE,DRAFT_DISPUTE,2025-04-05T00:00:00Z
RCA-0051,CASE-0051,ACTION_READY,7.07,7.07,0.90,r|a|t|e| |c|a|r|d| |m|i|s|a|p|p|l|i|e|d|||d|u|p|l|i|c|a|t|e| |f|e|e| |e|v|e|n|t|||i|n|s|t|r|u|m|e|n|t| |s|u|r|c|h|a|r|g|e| |n|o|t| |c|o|n|t|r|a|c|t|e|d,TRUE,,FR-FEE-CALC-001,NOT_APPLICABLE,2025-05-20T00:00:00Z,TRUE,DRAFT_DISPUTE,2025-04-05T00:00:00Z
RCA-0052,CASE-0052,ACTION_READY,292.62,292.62,0.90,s|e|t|t|l|e|m|e|n|t| |a|m|o|u|n|t| |s|h|o|r|t|||s|e|t|t|l|e|m|e|n|t| |m|i|s|s|i|n|g|||b|a|n|k| |c|r|e|d|i|t| |m|i|s|m|a|t|c|h,TRUE,,FR-SETTLE-CALC-001,NOT_APPLICABLE,2025-05-20T00:00:00Z,TRUE,DRAFT_DISPUTE,2025-04-05T00:00:00Z
RCA-0053,CASE-0053,ACTION_READY,21.25,21.25,0.90,r|a|t|e| |c|a|r|d| |m|i|s|a|p|p|l|i|e|d|||d|u|p|l|i|c|a|t|e| |f|e|e| |e|v|e|n|t|||i|n|s|t|r|u|m|e|n|t| |s|u|r|c|h|a|r|g|e| |n|o|t| |c|o|n|t|r|a|c|t|e|d,TRUE,,FR-FEE-CALC-001,NOT_APPLICABLE,2025-05-20T00:00:00Z,TRUE,DRAFT_DISPUTE,2025-04-05T00:00:00Z
RCA-0054,CASE-0054,ACTION_READY,7.38,7.38,0.90,r|a|t|e| |c|a|r|d| |m|i|s|a|p|p|l|i|e|d|||d|u|p|l|i|c|a|t|e| |f|e|e| |e|v|e|n|t|||i|n|s|t|r|u|m|e|n|t| |s|u|r|c|h|a|r|g|e| |n|o|t| |c|o|n|t|r|a|c|t|e|d,TRUE,,FR-FEE-CALC-001,NOT_APPLICABLE,2025-05-20T00:00:00Z,TRUE,DRAFT_DISPUTE,2025-04-05T00:00:00Z
RCA-0055,CASE-0055,ACTION_READY,310.74,310.74,0.90,s|e|t|t|l|e|m|e|n|t| |a|m|o|u|n|t| |s|h|o|r|t|||s|e|t|t|l|e|m|e|n|t| |m|i|s|s|i|n|g|||b|a|n|k| |c|r|e|d|i|t| |m|i|s|m|a|t|c|h,TRUE,,FR-SETTLE-CALC-001,NOT_APPLICABLE,2025-05-20T00:00:00Z,TRUE,DRAFT_DISPUTE,2025-04-05T00:00:00Z
RCA-0056,CASE-0056,ACTION_READY,41.45,41.45,0.90,f|e|e| |n|o|t| |r|e|t|u|r|n|e|d| |p|r|o|-|r|a|t|a|||o|v|e|r|-|r|e|f|u|n|d|||r|e|f|u|n|d| |n|o|t| |p|r|o|c|e|s|s|e|d,TRUE,,FR-SETTLE-CALC-001,NOT_APPLICABLE,2025-05-20T00:00:00Z,TRUE,DRAFT_DISPUTE,2025-04-05T00:00:00Z
RCA-0057,CASE-0057,ACTION_READY,5.11,5.11,0.90,r|a|t|e| |c|a|r|d| |m|i|s|a|p|p|l|i|e|d|||d|u|p|l|i|c|a|t|e| |f|e|e| |e|v|e|n|t|||i|n|s|t|r|u|m|e|n|t| |s|u|r|c|h|a|r|g|e| |n|o|t| |c|o|n|t|r|a|c|t|e|d,TRUE,,FR-FEE-CALC-001,NOT_APPLICABLE,2025-05-20T00:00:00Z,TRUE,DRAFT_DISPUTE,2025-04-05T00:00:00Z
RCA-0058,CASE-0058,ACTION_READY,175.78,175.78,0.90,s|e|t|t|l|e|m|e|n|t| |a|m|o|u|n|t| |s|h|o|r|t|||s|e|t|t|l|e|m|e|n|t| |m|i|s|s|i|n|g|||b|a|n|k| |c|r|e|d|i|t| |m|i|s|m|a|t|c|h,TRUE,,FR-SETTLE-CALC-001,NOT_APPLICABLE,2025-05-20T00:00:00Z,TRUE,DRAFT_DISPUTE,2025-04-05T00:00:00Z
RCA-0059,CASE-0059,ACTION_READY,1.25,1.25,0.90,r|a|t|e| |c|a|r|d| |m|i|s|a|p|p|l|i|e|d|||d|u|p|l|i|c|a|t|e| |f|e|e| |e|v|e|n|t|||i|n|s|t|r|u|m|e|n|t| |s|u|r|c|h|a|r|g|e| |n|o|t| |c|o|n|t|r|a|c|t|e|d,TRUE,,FR-FEE-CALC-001,NOT_APPLICABLE,2025-05-20T00:00:00Z,TRUE,DRAFT_DISPUTE,2025-04-05T00:00:00Z
RCA-0060,CASE-0060,ACTION_READY,35.42,35.42,0.90,s|e|t|t|l|e|m|e|n|t| |a|m|o|u|n|t| |s|h|o|r|t|||s|e|t|t|l|e|m|e|n|t| |m|i|s|s|i|n|g|||b|a|n|k| |c|r|e|d|i|t| |m|i|s|m|a|t|c|h,TRUE,,FR-SETTLE-CALC-001,NOT_APPLICABLE,2025-05-20T00:00:00Z,TRUE,DRAFT_DISPUTE,2025-04-05T00:00:00Z
RCA-0061,CASE-0061,ACTION_READY,2058.75,2058.75,0.90,s|e|t|t|l|e|m|e|n|t| |a|m|o|u|n|t| |s|h|o|r|t|||s|e|t|t|l|e|m|e|n|t| |m|i|s|s|i|n|g|||b|a|n|k| |c|r|e|d|i|t| |m|i|s|m|a|t|c|h,TRUE,,FR-SETTLE-CALC-001,NOT_APPLICABLE,2025-05-20T00:00:00Z,TRUE,DRAFT_DISPUTE,2025-04-05T00:00:00Z
RCA-0062,CASE-0062,ACTION_READY,429.35,429.35,0.90,s|e|t|t|l|e|m|e|n|t| |a|m|o|u|n|t| |s|h|o|r|t|||s|e|t|t|l|e|m|e|n|t| |m|i|s|s|i|n|g|||b|a|n|k| |c|r|e|d|i|t| |m|i|s|m|a|t|c|h,TRUE,,FR-SETTLE-CALC-001,NOT_APPLICABLE,2025-05-20T00:00:00Z,TRUE,DRAFT_DISPUTE,2025-04-05T00:00:00Z
RCA-0063,CASE-0063,ACTION_READY,137.7,137.7,0.90,r|a|t|e| |c|a|r|d| |m|i|s|a|p|p|l|i|e|d|||d|u|p|l|i|c|a|t|e| |f|e|e| |e|v|e|n|t|||i|n|s|t|r|u|m|e|n|t| |s|u|r|c|h|a|r|g|e| |n|o|t| |c|o|n|t|r|a|c|t|e|d,TRUE,,FR-FEE-CALC-001,NOT_APPLICABLE,2025-05-20T00:00:00Z,TRUE,DRAFT_DISPUTE,2025-04-05T00:00:00Z
RCA-0064,CASE-0064,ACTION_READY,6.08,6.08,0.90,f|e|e| |n|o|t| |r|e|t|u|r|n|e|d| |p|r|o|-|r|a|t|a|||o|v|e|r|-|r|e|f|u|n|d|||r|e|f|u|n|d| |n|o|t| |p|r|o|c|e|s|s|e|d,TRUE,,FR-SETTLE-CALC-001,NOT_APPLICABLE,2025-05-20T00:00:00Z,TRUE,DRAFT_DISPUTE,2025-04-05T00:00:00Z
RCA-0065,CASE-0065,ACTION_READY,6.25,6.25,0.90,r|a|t|e| |c|a|r|d| |m|i|s|a|p|p|l|i|e|d|||d|u|p|l|i|c|a|t|e| |f|e|e| |e|v|e|n|t|||i|n|s|t|r|u|m|e|n|t| |s|u|r|c|h|a|r|g|e| |n|o|t| |c|o|n|t|r|a|c|t|e|d,TRUE,,FR-FEE-CALC-001,NOT_APPLICABLE,2025-05-20T00:00:00Z,TRUE,DRAFT_DISPUTE,2025-04-05T00:00:00Z
RCA-0066,CASE-0066,ACTION_READY,13.19,13.19,0.90,s|e|t|t|l|e|m|e|n|t| |a|m|o|u|n|t| |s|h|o|r|t|||s|e|t|t|l|e|m|e|n|t| |m|i|s|s|i|n|g|||b|a|n|k| |c|r|e|d|i|t| |m|i|s|m|a|t|c|h,TRUE,,FR-SETTLE-CALC-001,NOT_APPLICABLE,2025-05-20T00:00:00Z,TRUE,DRAFT_DISPUTE,2025-04-05T00:00:00Z
RCA-0067,CASE-0067,ACTION_READY,14.16,14.16,0.90,r|a|t|e| |c|a|r|d| |m|i|s|a|p|p|l|i|e|d|||d|u|p|l|i|c|a|t|e| |f|e|e| |e|v|e|n|t|||i|n|s|t|r|u|m|e|n|t| |s|u|r|c|h|a|r|g|e| |n|o|t| |c|o|n|t|r|a|c|t|e|d,TRUE,,FR-FEE-CALC-001,NOT_APPLICABLE,2025-05-20T00:00:00Z,TRUE,DRAFT_DISPUTE,2025-04-05T00:00:00Z
RCA-0068,CASE-0068,ACTION_READY,8.41,8.41,0.90,f|e|e| |n|o|t| |r|e|t|u|r|n|e|d| |p|r|o|-|r|a|t|a|||o|v|e|r|-|r|e|f|u|n|d|||r|e|f|u|n|d| |n|o|t| |p|r|o|c|e|s|s|e|d,TRUE,,FR-SETTLE-CALC-001,NOT_APPLICABLE,2025-05-20T00:00:00Z,TRUE,DRAFT_DISPUTE,2025-04-05T00:00:00Z
RCA-0069,CASE-0069,ACTION_READY,22.2,22.2,0.90,s|e|t|t|l|e|m|e|n|t| |a|m|o|u|n|t| |s|h|o|r|t|||s|e|t|t|l|e|m|e|n|t| |m|i|s|s|i|n|g|||b|a|n|k| |c|r|e|d|i|t| |m|i|s|m|a|t|c|h,TRUE,,FR-SETTLE-CALC-001,NOT_APPLICABLE,2025-05-20T00:00:00Z,TRUE,DRAFT_DISPUTE,2025-04-05T00:00:00Z
RCA-0070,CASE-0070,ACTION_READY,5.38,5.38,0.90,r|a|t|e| |c|a|r|d| |m|i|s|a|p|p|l|i|e|d|||d|u|p|l|i|c|a|t|e| |f|e|e| |e|v|e|n|t|||i|n|s|t|r|u|m|e|n|t| |s|u|r|c|h|a|r|g|e| |n|o|t| |c|o|n|t|r|a|c|t|e|d,TRUE,,FR-FEE-CALC-001,NOT_APPLICABLE,2025-05-20T00:00:00Z,TRUE,DRAFT_DISPUTE,2025-04-05T00:00:00Z
RCA-0071,CASE-0071,ACTION_READY,5.12,5.12,0.90,r|a|t|e| |c|a|r|d| |m|i|s|a|p|p|l|i|e|d|||d|u|p|l|i|c|a|t|e| |f|e|e| |e|v|e|n|t|||i|n|s|t|r|u|m|e|n|t| |s|u|r|c|h|a|r|g|e| |n|o|t| |c|o|n|t|r|a|c|t|e|d,TRUE,,FR-FEE-CALC-001,NOT_APPLICABLE,2025-05-20T00:00:00Z,TRUE,DRAFT_DISPUTE,2025-04-05T00:00:00Z
RCA-0072,CASE-0072,ACTION_READY,3.18,3.18,0.90,r|a|t|e| |c|a|r|d| |m|i|s|a|p|p|l|i|e|d|||d|u|p|l|i|c|a|t|e| |f|e|e| |e|v|e|n|t|||i|n|s|t|r|u|m|e|n|t| |s|u|r|c|h|a|r|g|e| |n|o|t| |c|o|n|t|r|a|c|t|e|d,TRUE,,FR-FEE-CALC-001,NOT_APPLICABLE,2025-05-20T00:00:00Z,TRUE,DRAFT_DISPUTE,2025-04-05T00:00:00Z
RCA-0073,CASE-0073,ACTION_READY,46.0,46.0,0.90,s|e|t|t|l|e|m|e|n|t| |a|m|o|u|n|t| |s|h|o|r|t|||s|e|t|t|l|e|m|e|n|t| |m|i|s|s|i|n|g|||b|a|n|k| |c|r|e|d|i|t| |m|i|s|m|a|t|c|h,TRUE,,FR-SETTLE-CALC-001,NOT_APPLICABLE,2025-05-20T00:00:00Z,TRUE,DRAFT_DISPUTE,2025-04-05T00:00:00Z
RCA-0074,CASE-0074,ACTION_READY,5.52,5.52,0.90,r|a|t|e| |c|a|r|d| |m|i|s|a|p|p|l|i|e|d|||d|u|p|l|i|c|a|t|e| |f|e|e| |e|v|e|n|t|||i|n|s|t|r|u|m|e|n|t| |s|u|r|c|h|a|r|g|e| |n|o|t| |c|o|n|t|r|a|c|t|e|d,TRUE,,FR-FEE-CALC-001,NOT_APPLICABLE,2025-05-20T00:00:00Z,TRUE,DRAFT_DISPUTE,2025-04-05T00:00:00Z
RCA-0075,CASE-0075,ACTION_READY,291.94,291.94,0.90,s|e|t|t|l|e|m|e|n|t| |a|m|o|u|n|t| |s|h|o|r|t|||s|e|t|t|l|e|m|e|n|t| |m|i|s|s|i|n|g|||b|a|n|k| |c|r|e|d|i|t| |m|i|s|m|a|t|c|h,TRUE,,FR-SETTLE-CALC-001,NOT_APPLICABLE,2025-05-20T00:00:00Z,TRUE,DRAFT_DISPUTE,2025-04-05T00:00:00Z
RCA-0076,CASE-0076,ACTION_READY,16.81,16.81,0.90,f|e|e| |n|o|t| |r|e|t|u|r|n|e|d| |p|r|o|-|r|a|t|a|||o|v|e|r|-|r|e|f|u|n|d|||r|e|f|u|n|d| |n|o|t| |p|r|o|c|e|s|s|e|d,TRUE,,FR-SETTLE-CALC-001,NOT_APPLICABLE,2025-05-20T00:00:00Z,TRUE,DRAFT_DISPUTE,2025-04-05T00:00:00Z
RCA-0077,CASE-0077,ACTION_READY,20.18,20.18,0.90,r|a|t|e| |c|a|r|d| |m|i|s|a|p|p|l|i|e|d|||d|u|p|l|i|c|a|t|e| |f|e|e| |e|v|e|n|t|||i|n|s|t|r|u|m|e|n|t| |s|u|r|c|h|a|r|g|e| |n|o|t| |c|o|n|t|r|a|c|t|e|d,TRUE,,FR-FEE-CALC-001,NOT_APPLICABLE,2025-05-20T00:00:00Z,TRUE,DRAFT_DISPUTE,2025-04-05T00:00:00Z
RCA-0078,CASE-0078,ACTION_READY,18.18,18.18,0.90,s|e|t|t|l|e|m|e|n|t| |a|m|o|u|n|t| |s|h|o|r|t|||s|e|t|t|l|e|m|e|n|t| |m|i|s|s|i|n|g|||b|a|n|k| |c|r|e|d|i|t| |m|i|s|m|a|t|c|h,TRUE,,FR-SETTLE-CALC-001,NOT_APPLICABLE,2025-05-20T00:00:00Z,TRUE,DRAFT_DISPUTE,2025-04-05T00:00:00Z
RCA-0079,CASE-0079,ACTION_READY,12.17,12.17,0.90,r|a|t|e| |c|a|r|d| |m|i|s|a|p|p|l|i|e|d|||d|u|p|l|i|c|a|t|e| |f|e|e| |e|v|e|n|t|||i|n|s|t|r|u|m|e|n|t| |s|u|r|c|h|a|r|g|e| |n|o|t| |c|o|n|t|r|a|c|t|e|d,TRUE,,FR-FEE-CALC-001,NOT_APPLICABLE,2025-05-20T00:00:00Z,TRUE,DRAFT_DISPUTE,2025-04-05T00:00:00Z
RCA-0080,CASE-0080,ACTION_READY,37.93,37.93,0.90,r|a|t|e| |c|a|r|d| |m|i|s|a|p|p|l|i|e|d|||d|u|p|l|i|c|a|t|e| |f|e|e| |e|v|e|n|t|||i|n|s|t|r|u|m|e|n|t| |s|u|r|c|h|a|r|g|e| |n|o|t| |c|o|n|t|r|a|c|t|e|d,TRUE,,FR-FEE-CALC-001,NOT_APPLICABLE,2025-05-20T00:00:00Z,TRUE,DRAFT_DISPUTE,2025-04-05T00:00:00Z
RCA-0081,CASE-0081,ACTION_READY,1183.71,1183.71,0.90,s|e|t|t|l|e|m|e|n|t| |a|m|o|u|n|t| |s|h|o|r|t|||s|e|t|t|l|e|m|e|n|t| |m|i|s|s|i|n|g|||b|a|n|k| |c|r|e|d|i|t| |m|i|s|m|a|t|c|h,TRUE,,FR-SETTLE-CALC-001,NOT_APPLICABLE,2025-05-20T00:00:00Z,TRUE,DRAFT_DISPUTE,2025-04-05T00:00:00Z
RCA-0082,CASE-0082,ACTION_READY,19.35,19.35,0.90,s|e|t|t|l|e|m|e|n|t| |a|m|o|u|n|t| |s|h|o|r|t|||s|e|t|t|l|e|m|e|n|t| |m|i|s|s|i|n|g|||b|a|n|k| |c|r|e|d|i|t| |m|i|s|m|a|t|c|h,TRUE,,FR-SETTLE-CALC-001,NOT_APPLICABLE,2025-05-20T00:00:00Z,TRUE,DRAFT_DISPUTE,2025-04-05T00:00:00Z
RCA-0083,CASE-0083,ACTION_READY,751.74,751.74,0.90,s|e|t|t|l|e|m|e|n|t| |a|m|o|u|n|t| |s|h|o|r|t|||s|e|t|t|l|e|m|e|n|t| |m|i|s|s|i|n|g|||b|a|n|k| |c|r|e|d|i|t| |m|i|s|m|a|t|c|h,TRUE,,FR-SETTLE-CALC-001,NOT_APPLICABLE,2025-05-20T00:00:00Z,TRUE,DRAFT_DISPUTE,2025-04-05T00:00:00Z
RCA-0084,CASE-0084,ACTION_READY,20.47,20.47,0.90,f|e|e| |n|o|t| |r|e|t|u|r|n|e|d| |p|r|o|-|r|a|t|a|||o|v|e|r|-|r|e|f|u|n|d|||r|e|f|u|n|d| |n|o|t| |p|r|o|c|e|s|s|e|d,TRUE,,FR-SETTLE-CALC-001,NOT_APPLICABLE,2025-05-20T00:00:00Z,TRUE,DRAFT_DISPUTE,2025-04-05T00:00:00Z
RCA-0085,CASE-0085,ACTION_READY,6.05,6.05,0.90,r|a|t|e| |c|a|r|d| |m|i|s|a|p|p|l|i|e|d|||d|u|p|l|i|c|a|t|e| |f|e|e| |e|v|e|n|t|||i|n|s|t|r|u|m|e|n|t| |s|u|r|c|h|a|r|g|e| |n|o|t| |c|o|n|t|r|a|c|t|e|d,TRUE,,FR-FEE-CALC-001,NOT_APPLICABLE,2025-05-20T00:00:00Z,TRUE,DRAFT_DISPUTE,2025-04-05T00:00:00Z
RCA-0086,CASE-0086,ACTION_READY,788.94,788.94,0.90,s|e|t|t|l|e|m|e|n|t| |a|m|o|u|n|t| |s|h|o|r|t|||s|e|t|t|l|e|m|e|n|t| |m|i|s|s|i|n|g|||b|a|n|k| |c|r|e|d|i|t| |m|i|s|m|a|t|c|h,TRUE,,FR-SETTLE-CALC-001,NOT_APPLICABLE,2025-05-20T00:00:00Z,TRUE,DRAFT_DISPUTE,2025-04-05T00:00:00Z
RCA-0087,CASE-0087,ACTION_READY,291.94,291.94,0.90,s|e|t|t|l|e|m|e|n|t| |a|m|o|u|n|t| |s|h|o|r|t|||s|e|t|t|l|e|m|e|n|t| |m|i|s|s|i|n|g|||b|a|n|k| |c|r|e|d|i|t| |m|i|s|m|a|t|c|h,TRUE,,FR-SETTLE-CALC-001,NOT_APPLICABLE,2025-05-20T00:00:00Z,TRUE,DRAFT_DISPUTE,2025-04-05T00:00:00Z
RCA-0088,CASE-0088,ACTION_READY,607.89,607.89,0.90,s|e|t|t|l|e|m|e|n|t| |a|m|o|u|n|t| |s|h|o|r|t|||s|e|t|t|l|e|m|e|n|t| |m|i|s|s|i|n|g|||b|a|n|k| |c|r|e|d|i|t| |m|i|s|m|a|t|c|h,TRUE,,FR-SETTLE-CALC-001,NOT_APPLICABLE,2025-05-20T00:00:00Z,TRUE,DRAFT_DISPUTE,2025-04-05T00:00:00Z
RCA-0089,CASE-0089,ACTION_READY,57.34,57.34,0.90,r|a|t|e| |c|a|r|d| |m|i|s|a|p|p|l|i|e|d|||d|u|p|l|i|c|a|t|e| |f|e|e| |e|v|e|n|t|||i|n|s|t|r|u|m|e|n|t| |s|u|r|c|h|a|r|g|e| |n|o|t| |c|o|n|t|r|a|c|t|e|d,TRUE,,FR-FEE-CALC-001,NOT_APPLICABLE,2025-05-20T00:00:00Z,TRUE,DRAFT_DISPUTE,2025-04-05T00:00:00Z
RCA-0090,CASE-0090,ACTION_READY,42.8,42.8,0.90,s|e|t|t|l|e|m|e|n|t| |a|m|o|u|n|t| |s|h|o|r|t|||s|e|t|t|l|e|m|e|n|t| |m|i|s|s|i|n|g|||b|a|n|k| |c|r|e|d|i|t| |m|i|s|m|a|t|c|h,TRUE,,FR-SETTLE-CALC-001,NOT_APPLICABLE,2025-05-20T00:00:00Z,TRUE,DRAFT_DISPUTE,2025-04-05T00:00:00Z
RCA-0091,CASE-0091,ACTION_READY,5755.61,5755.61,0.90,s|e|t|t|l|e|m|e|n|t| |a|m|o|u|n|t| |s|h|o|r|t|||s|e|t|t|l|e|m|e|n|t| |m|i|s|s|i|n|g|||b|a|n|k| |c|r|e|d|i|t| |m|i|s|m|a|t|c|h,TRUE,,FR-SETTLE-CALC-001,NOT_APPLICABLE,2025-05-20T00:00:00Z,TRUE,DRAFT_DISPUTE,2025-04-05T00:00:00Z
RCA-0092,CASE-0092,ACTION_READY,822.81,822.81,0.90,s|e|t|t|l|e|m|e|n|t| |a|m|o|u|n|t| |s|h|o|r|t|||s|e|t|t|l|e|m|e|n|t| |m|i|s|s|i|n|g|||b|a|n|k| |c|r|e|d|i|t| |m|i|s|m|a|t|c|h,TRUE,,FR-SETTLE-CALC-001,NOT_APPLICABLE,2025-05-20T00:00:00Z,TRUE,DRAFT_DISPUTE,2025-04-05T00:00:00Z
RCA-0093,CASE-0093,ACTION_READY,876.8,876.8,0.90,s|e|t|t|l|e|m|e|n|t| |a|m|o|u|n|t| |s|h|o|r|t|||s|e|t|t|l|e|m|e|n|t| |m|i|s|s|i|n|g|||b|a|n|k| |c|r|e|d|i|t| |m|i|s|m|a|t|c|h,TRUE,,FR-SETTLE-CALC-001,NOT_APPLICABLE,2025-05-20T00:00:00Z,TRUE,DRAFT_DISPUTE,2025-04-05T00:00:00Z
RCA-0094,CASE-0094,ACTION_READY,1.58,1.58,0.90,r|a|t|e| |c|a|r|d| |m|i|s|a|p|p|l|i|e|d|||d|u|p|l|i|c|a|t|e| |f|e|e| |e|v|e|n|t|||i|n|s|t|r|u|m|e|n|t| |s|u|r|c|h|a|r|g|e| |n|o|t| |c|o|n|t|r|a|c|t|e|d,TRUE,,FR-FEE-CALC-001,NOT_APPLICABLE,2025-05-20T00:00:00Z,TRUE,DRAFT_DISPUTE,2025-04-05T00:00:00Z
RCA-0095,CASE-0095,ACTION_READY,181.72,181.72,0.90,s|e|t|t|l|e|m|e|n|t| |a|m|o|u|n|t| |s|h|o|r|t|||s|e|t|t|l|e|m|e|n|t| |m|i|s|s|i|n|g|||b|a|n|k| |c|r|e|d|i|t| |m|i|s|m|a|t|c|h,TRUE,,FR-SETTLE-CALC-001,NOT_APPLICABLE,2025-05-20T00:00:00Z,TRUE,DRAFT_DISPUTE,2025-04-05T00:00:00Z
RCA-0096,CASE-0096,ACTION_READY,15.3,15.3,0.90,r|a|t|e| |c|a|r|d| |m|i|s|a|p|p|l|i|e|d|||d|u|p|l|i|c|a|t|e| |f|e|e| |e|v|e|n|t|||i|n|s|t|r|u|m|e|n|t| |s|u|r|c|h|a|r|g|e| |n|o|t| |c|o|n|t|r|a|c|t|e|d,TRUE,,FR-FEE-CALC-001,NOT_APPLICABLE,2025-05-20T00:00:00Z,TRUE,DRAFT_DISPUTE,2025-04-05T00:00:00Z
RCA-0097,CASE-0097,ACTION_READY,38.85,38.85,0.90,r|a|t|e| |c|a|r|d| |m|i|s|a|p|p|l|i|e|d|||d|u|p|l|i|c|a|t|e| |f|e|e| |e|v|e|n|t|||i|n|s|t|r|u|m|e|n|t| |s|u|r|c|h|a|r|g|e| |n|o|t| |c|o|n|t|r|a|c|t|e|d,TRUE,,FR-FEE-CALC-001,NOT_APPLICABLE,2025-05-20T00:00:00Z,TRUE,DRAFT_DISPUTE,2025-04-05T00:00:00Z
RCA-0098,CASE-0098,ACTION_READY,389.35,389.35,0.90,s|e|t|t|l|e|m|e|n|t| |a|m|o|u|n|t| |s|h|o|r|t|||s|e|t|t|l|e|m|e|n|t| |m|i|s|s|i|n|g|||b|a|n|k| |c|r|e|d|i|t| |m|i|s|m|a|t|c|h,TRUE,,FR-SETTLE-CALC-001,NOT_APPLICABLE,2025-05-20T00:00:00Z,TRUE,DRAFT_DISPUTE,2025-04-05T00:00:00Z
RCA-0099,CASE-0099,ACTION_READY,257.29,257.29,0.90,s|e|t|t|l|e|m|e|n|t| |a|m|o|u|n|t| |s|h|o|r|t|||s|e|t|t|l|e|m|e|n|t| |m|i|s|s|i|n|g|||b|a|n|k| |c|r|e|d|i|t| |m|i|s|m|a|t|c|h,TRUE,,FR-SETTLE-CALC-001,NOT_APPLICABLE,2025-05-20T00:00:00Z,TRUE,DRAFT_DISPUTE,2025-04-05T00:00:00Z
RCA-0100,CASE-0100,ACTION_READY,3.32,3.32,0.90,r|a|t|e| |c|a|r|d| |m|i|s|a|p|p|l|i|e|d|||d|u|p|l|i|c|a|t|e| |f|e|e| |e|v|e|n|t|||i|n|s|t|r|u|m|e|n|t| |s|u|r|c|h|a|r|g|e| |n|o|t| |c|o|n|t|r|a|c|t|e|d,TRUE,,FR-FEE-CALC-001,NOT_APPLICABLE,2025-05-20T00:00:00Z,TRUE,DRAFT_DISPUTE,2025-04-05T00:00:00Z
RCA-0101,CASE-0101,ACTION_READY,958.15,958.15,0.90,s|e|t|t|l|e|m|e|n|t| |a|m|o|u|n|t| |s|h|o|r|t|||s|e|t|t|l|e|m|e|n|t| |m|i|s|s|i|n|g|||b|a|n|k| |c|r|e|d|i|t| |m|i|s|m|a|t|c|h,TRUE,,FR-SETTLE-CALC-001,NOT_APPLICABLE,2025-05-20T00:00:00Z,TRUE,DRAFT_DISPUTE,2025-04-05T00:00:00Z
RCA-0102,CASE-0102,ACTION_READY,28.8,28.8,0.90,f|e|e| |n|o|t| |r|e|t|u|r|n|e|d| |p|r|o|-|r|a|t|a|||o|v|e|r|-|r|e|f|u|n|d|||r|e|f|u|n|d| |n|o|t| |p|r|o|c|e|s|s|e|d,TRUE,,FR-SETTLE-CALC-001,NOT_APPLICABLE,2025-05-20T00:00:00Z,TRUE,DRAFT_DISPUTE,2025-04-05T00:00:00Z
RCA-0103,CASE-0103,ACTION_READY,20.69,20.69,0.90,f|e|e| |n|o|t| |r|e|t|u|r|n|e|d| |p|r|o|-|r|a|t|a|||o|v|e|r|-|r|e|f|u|n|d|||r|e|f|u|n|d| |n|o|t| |p|r|o|c|e|s|s|e|d,TRUE,,FR-SETTLE-CALC-001,NOT_APPLICABLE,2025-05-20T00:00:00Z,TRUE,DRAFT_DISPUTE,2025-04-05T00:00:00Z
RCA-0104,CASE-0104,ACTION_READY,219.92,219.92,0.90,s|e|t|t|l|e|m|e|n|t| |a|m|o|u|n|t| |s|h|o|r|t|||s|e|t|t|l|e|m|e|n|t| |m|i|s|s|i|n|g|||b|a|n|k| |c|r|e|d|i|t| |m|i|s|m|a|t|c|h,TRUE,,FR-SETTLE-CALC-001,NOT_APPLICABLE,2025-05-20T00:00:00Z,TRUE,DRAFT_DISPUTE,2025-04-05T00:00:00Z
RCA-0105,CASE-0105,ACTION_READY,13.94,13.94,0.90,f|e|e| |n|o|t| |r|e|t|u|r|n|e|d| |p|r|o|-|r|a|t|a|||o|v|e|r|-|r|e|f|u|n|d|||r|e|f|u|n|d| |n|o|t| |p|r|o|c|e|s|s|e|d,TRUE,,FR-SETTLE-CALC-001,NOT_APPLICABLE,2025-05-20T00:00:00Z,TRUE,DRAFT_DISPUTE,2025-04-05T00:00:00Z
RCA-0106,CASE-0106,ACTION_READY,284.84,284.84,0.90,s|e|t|t|l|e|m|e|n|t| |a|m|o|u|n|t| |s|h|o|r|t|||s|e|t|t|l|e|m|e|n|t| |m|i|s|s|i|n|g|||b|a|n|k| |c|r|e|d|i|t| |m|i|s|m|a|t|c|h,TRUE,,FR-SETTLE-CALC-001,NOT_APPLICABLE,2025-05-20T00:00:00Z,TRUE,DRAFT_DISPUTE,2025-04-05T00:00:00Z
RCA-0107,CASE-0107,ACTION_READY,675.77,675.77,0.90,s|e|t|t|l|e|m|e|n|t| |a|m|o|u|n|t| |s|h|o|r|t|||s|e|t|t|l|e|m|e|n|t| |m|i|s|s|i|n|g|||b|a|n|k| |c|r|e|d|i|t| |m|i|s|m|a|t|c|h,TRUE,,FR-SETTLE-CALC-001,NOT_APPLICABLE,2025-05-20T00:00:00Z,TRUE,DRAFT_DISPUTE,2025-04-05T00:00:00Z
RCA-0108,CASE-0108,ACTION_READY,1722.34,1722.34,0.90,s|e|t|t|l|e|m|e|n|t| |a|m|o|u|n|t| |s|h|o|r|t|||s|e|t|t|l|e|m|e|n|t| |m|i|s|s|i|n|g|||b|a|n|k| |c|r|e|d|i|t| |m|i|s|m|a|t|c|h,TRUE,,FR-SETTLE-CALC-001,NOT_APPLICABLE,2025-05-20T00:00:00Z,TRUE,DRAFT_DISPUTE,2025-04-05T00:00:00Z
RCA-0109,CASE-0109,ACTION_READY,2.64,2.64,0.90,r|a|t|e| |c|a|r|d| |m|i|s|a|p|p|l|i|e|d|||d|u|p|l|i|c|a|t|e| |f|e|e| |e|v|e|n|t|||i|n|s|t|r|u|m|e|n|t| |s|u|r|c|h|a|r|g|e| |n|o|t| |c|o|n|t|r|a|c|t|e|d,TRUE,,FR-FEE-CALC-001,NOT_APPLICABLE,2025-05-20T00:00:00Z,TRUE,DRAFT_DISPUTE,2025-04-05T00:00:00Z
RCA-0110,CASE-0110,ACTION_READY,8.86,8.86,0.90,s|e|t|t|l|e|m|e|n|t| |a|m|o|u|n|t| |s|h|o|r|t|||s|e|t|t|l|e|m|e|n|t| |m|i|s|s|i|n|g|||b|a|n|k| |c|r|e|d|i|t| |m|i|s|m|a|t|c|h,TRUE,,FR-SETTLE-CALC-001,NOT_APPLICABLE,2025-05-20T00:00:00Z,TRUE,DRAFT_DISPUTE,2025-04-05T00:00:00Z
RCA-0111,CASE-0111,ACTION_READY,8.12,8.12,0.90,r|a|t|e| |c|a|r|d| |m|i|s|a|p|p|l|i|e|d|||d|u|p|l|i|c|a|t|e| |f|e|e| |e|v|e|n|t|||i|n|s|t|r|u|m|e|n|t| |s|u|r|c|h|a|r|g|e| |n|o|t| |c|o|n|t|r|a|c|t|e|d,TRUE,,FR-FEE-CALC-001,NOT_APPLICABLE,2025-05-20T00:00:00Z,TRUE,DRAFT_DISPUTE,2025-04-05T00:00:00Z
RCA-0112,CASE-0112,ACTION_READY,105.67,105.67,0.90,r|a|t|e| |c|a|r|d| |m|i|s|a|p|p|l|i|e|d|||d|u|p|l|i|c|a|t|e| |f|e|e| |e|v|e|n|t|||i|n|s|t|r|u|m|e|n|t| |s|u|r|c|h|a|r|g|e| |n|o|t| |c|o|n|t|r|a|c|t|e|d,TRUE,,FR-SETTLE-CALC-001,NOT_APPLICABLE,2025-05-20T00:00:00Z,TRUE,DRAFT_DISPUTE,2025-04-05T00:00:00Z
RCA-0113,CASE-0113,ACTION_READY,8.08,8.08,0.90,f|e|e| |n|o|t| |r|e|t|u|r|n|e|d| |p|r|o|-|r|a|t|a|||o|v|e|r|-|r|e|f|u|n|d|||r|e|f|u|n|d| |n|o|t| |p|r|o|c|e|s|s|e|d,TRUE,,FR-SETTLE-CALC-001,NOT_APPLICABLE,2025-05-20T00:00:00Z,TRUE,DRAFT_DISPUTE,2025-04-05T00:00:00Z
RCA-0114,CASE-0114,ACTION_READY,96.07,96.07,0.90,r|a|t|e| |c|a|r|d| |m|i|s|a|p|p|l|i|e|d|||d|u|p|l|i|c|a|t|e| |f|e|e| |e|v|e|n|t|||i|n|s|t|r|u|m|e|n|t| |s|u|r|c|h|a|r|g|e| |n|o|t| |c|o|n|t|r|a|c|t|e|d,TRUE,,FR-FEE-CALC-001,NOT_APPLICABLE,2025-05-20T00:00:00Z,TRUE,DRAFT_DISPUTE,2025-04-05T00:00:00Z
RCA-0115,CASE-0115,ACTION_READY,8.32,8.32,0.90,r|a|t|e| |c|a|r|d| |m|i|s|a|p|p|l|i|e|d|||d|u|p|l|i|c|a|t|e| |f|e|e| |e|v|e|n|t|||i|n|s|t|r|u|m|e|n|t| |s|u|r|c|h|a|r|g|e| |n|o|t| |c|o|n|t|r|a|c|t|e|d,TRUE,,FR-FEE-CALC-001,NOT_APPLICABLE,2025-05-20T00:00:00Z,TRUE,DRAFT_DISPUTE,2025-04-05T00:00:00Z
RCA-0116,CASE-0116,ACTION_READY,41.9,41.9,0.90,r|a|t|e| |c|a|r|d| |m|i|s|a|p|p|l|i|e|d|||d|u|p|l|i|c|a|t|e| |f|e|e| |e|v|e|n|t|||i|n|s|t|r|u|m|e|n|t| |s|u|r|c|h|a|r|g|e| |n|o|t| |c|o|n|t|r|a|c|t|e|d,TRUE,,FR-FEE-CALC-001,NOT_APPLICABLE,2025-05-20T00:00:00Z,TRUE,DRAFT_DISPUTE,2025-04-05T00:00:00Z
RCA-0117,CASE-0117,ACTION_READY,1988.32,1988.32,0.90,s|e|t|t|l|e|m|e|n|t| |a|m|o|u|n|t| |s|h|o|r|t|||s|e|t|t|l|e|m|e|n|t| |m|i|s|s|i|n|g|||b|a|n|k| |c|r|e|d|i|t| |m|i|s|m|a|t|c|h,TRUE,,FR-SETTLE-CALC-001,NOT_APPLICABLE,2025-05-20T00:00:00Z,TRUE,DRAFT_DISPUTE,2025-04-05T00:00:00Z
RCA-0118,CASE-0118,ACTION_READY,1.77,1.77,0.90,r|a|t|e| |c|a|r|d| |m|i|s|a|p|p|l|i|e|d|||d|u|p|l|i|c|a|t|e| |f|e|e| |e|v|e|n|t|||i|n|s|t|r|u|m|e|n|t| |s|u|r|c|h|a|r|g|e| |n|o|t| |c|o|n|t|r|a|c|t|e|d,TRUE,,FR-FEE-CALC-001,NOT_APPLICABLE,2025-05-20T00:00:00Z,TRUE,DRAFT_DISPUTE,2025-04-05T00:00:00Z
RCA-0119,CASE-0119,ACTION_READY,63.71,63.71,0.90,f|e|e| |n|o|t| |r|e|t|u|r|n|e|d| |p|r|o|-|r|a|t|a|||o|v|e|r|-|r|e|f|u|n|d|||r|e|f|u|n|d| |n|o|t| |p|r|o|c|e|s|s|e|d,TRUE,,FR-SETTLE-CALC-001,NOT_APPLICABLE,2025-05-20T00:00:00Z,TRUE,DRAFT_DISPUTE,2025-04-05T00:00:00Z
RCA-0120,CASE-0120,ACTION_READY,25.92,25.92,0.90,r|a|t|e| |c|a|r|d| |m|i|s|a|p|p|l|i|e|d|||d|u|p|l|i|c|a|t|e| |f|e|e| |e|v|e|n|t|||i|n|s|t|r|u|m|e|n|t| |s|u|r|c|h|a|r|g|e| |n|o|t| |c|o|n|t|r|a|c|t|e|d,TRUE,,FR-FEE-CALC-001,NOT_APPLICABLE,2025-05-20T00:00:00Z,TRUE,DRAFT_DISPUTE,2025-04-05T00:00:00Z
RCA-0121,CASE-0121,ACTION_READY,1616.44,1616.44,0.90,s|e|t|t|l|e|m|e|n|t| |a|m|o|u|n|t| |s|h|o|r|t|||s|e|t|t|l|e|m|e|n|t| |m|i|s|s|i|n|g|||b|a|n|k| |c|r|e|d|i|t| |m|i|s|m|a|t|c|h,TRUE,,FR-SETTLE-CALC-001,NOT_APPLICABLE,2025-05-20T00:00:00Z,TRUE,DRAFT_DISPUTE,2025-04-05T00:00:00Z
RCA-0122,CASE-0122,ACTION_READY,531.04,531.04,0.90,s|e|t|t|l|e|m|e|n|t| |a|m|o|u|n|t| |s|h|o|r|t|||s|e|t|t|l|e|m|e|n|t| |m|i|s|s|i|n|g|||b|a|n|k| |c|r|e|d|i|t| |m|i|s|m|a|t|c|h,TRUE,,FR-SETTLE-CALC-001,NOT_APPLICABLE,2025-05-20T00:00:00Z,TRUE,DRAFT_DISPUTE,2025-04-05T00:00:00Z
RCA-0123,CASE-0123,ACTION_READY,67.44,67.44,0.90,r|a|t|e| |c|a|r|d| |m|i|s|a|p|p|l|i|e|d|||d|u|p|l|i|c|a|t|e| |f|e|e| |e|v|e|n|t|||i|n|s|t|r|u|m|e|n|t| |s|u|r|c|h|a|r|g|e| |n|o|t| |c|o|n|t|r|a|c|t|e|d,TRUE,,FR-SETTLE-CALC-001,NOT_APPLICABLE,2025-05-20T00:00:00Z,TRUE,DRAFT_DISPUTE,2025-04-05T00:00:00Z
RCA-0124,CASE-0124,ACTION_READY,14.34,14.34,0.90,s|e|t|t|l|e|m|e|n|t| |a|m|o|u|n|t| |s|h|o|r|t|||s|e|t|t|l|e|m|e|n|t| |m|i|s|s|i|n|g|||b|a|n|k| |c|r|e|d|i|t| |m|i|s|m|a|t|c|h,TRUE,,FR-SETTLE-CALC-001,NOT_APPLICABLE,2025-05-20T00:00:00Z,TRUE,DRAFT_DISPUTE,2025-04-05T00:00:00Z
RCA-0125,CASE-0125,ACTION_READY,474.13,474.13,0.90,f|e|e| |n|o|t| |r|e|t|u|r|n|e|d| |p|r|o|-|r|a|t|a|||o|v|e|r|-|r|e|f|u|n|d|||r|e|f|u|n|d| |n|o|t| |p|r|o|c|e|s|s|e|d,TRUE,,FR-SETTLE-CALC-001,NOT_APPLICABLE,2025-05-20T00:00:00Z,TRUE,DRAFT_DISPUTE,2025-04-05T00:00:00Z
RCA-0126,CASE-0126,ACTION_READY,5.27,5.27,0.90,r|a|t|e| |c|a|r|d| |m|i|s|a|p|p|l|i|e|d|||d|u|p|l|i|c|a|t|e| |f|e|e| |e|v|e|n|t|||i|n|s|t|r|u|m|e|n|t| |s|u|r|c|h|a|r|g|e| |n|o|t| |c|o|n|t|r|a|c|t|e|d,TRUE,,FR-FEE-CALC-001,NOT_APPLICABLE,2025-05-20T00:00:00Z,TRUE,DRAFT_DISPUTE,2025-04-05T00:00:00Z
RCA-0127,CASE-0127,ACTION_READY,38.64,38.64,0.90,f|e|e| |n|o|t| |r|e|t|u|r|n|e|d| |p|r|o|-|r|a|t|a|||o|v|e|r|-|r|e|f|u|n|d|||r|e|f|u|n|d| |n|o|t| |p|r|o|c|e|s|s|e|d,TRUE,,FR-SETTLE-CALC-001,NOT_APPLICABLE,2025-05-20T00:00:00Z,TRUE,DRAFT_DISPUTE,2025-04-05T00:00:00Z
RCA-0128,CASE-0128,ACTION_READY,65.58,65.58,0.90,s|e|t|t|l|e|m|e|n|t| |a|m|o|u|n|t| |s|h|o|r|t|||s|e|t|t|l|e|m|e|n|t| |m|i|s|s|i|n|g|||b|a|n|k| |c|r|e|d|i|t| |m|i|s|m|a|t|c|h,TRUE,,FR-SETTLE-CALC-001,NOT_APPLICABLE,2025-05-20T00:00:00Z,TRUE,DRAFT_DISPUTE,2025-04-05T00:00:00Z
RCA-0129,CASE-0129,ACTION_READY,66.48,66.48,0.90,s|e|t|t|l|e|m|e|n|t| |a|m|o|u|n|t| |s|h|o|r|t|||s|e|t|t|l|e|m|e|n|t| |m|i|s|s|i|n|g|||b|a|n|k| |c|r|e|d|i|t| |m|i|s|m|a|t|c|h,TRUE,,FR-SETTLE-CALC-001,NOT_APPLICABLE,2025-05-20T00:00:00Z,TRUE,DRAFT_DISPUTE,2025-04-05T00:00:00Z
RCA-0130,CASE-0130,ACTION_READY,1291.07,1291.07,0.90,s|e|t|t|l|e|m|e|n|t| |a|m|o|u|n|t| |s|h|o|r|t|||s|e|t|t|l|e|m|e|n|t| |m|i|s|s|i|n|g|||b|a|n|k| |c|r|e|d|i|t| |m|i|s|m|a|t|c|h,TRUE,,FR-SETTLE-CALC-001,NOT_APPLICABLE,2025-05-20T00:00:00Z,TRUE,DRAFT_DISPUTE,2025-04-05T00:00:00Z
RCA-0131,CASE-0131,ACTION_READY,20.81,20.81,0.90,r|a|t|e| |c|a|r|d| |m|i|s|a|p|p|l|i|e|d|||d|u|p|l|i|c|a|t|e| |f|e|e| |e|v|e|n|t|||i|n|s|t|r|u|m|e|n|t| |s|u|r|c|h|a|r|g|e| |n|o|t| |c|o|n|t|r|a|c|t|e|d,TRUE,,FR-FEE-CALC-001,NOT_APPLICABLE,2025-05-20T00:00:00Z,TRUE,DRAFT_DISPUTE,2025-04-05T00:00:00Z
RCA-0132,CASE-0132,ACTION_READY,66.74,66.74,0.90,s|e|t|t|l|e|m|e|n|t| |a|m|o|u|n|t| |s|h|o|r|t|||s|e|t|t|l|e|m|e|n|t| |m|i|s|s|i|n|g|||b|a|n|k| |c|r|e|d|i|t| |m|i|s|m|a|t|c|h,TRUE,,FR-SETTLE-CALC-001,NOT_APPLICABLE,2025-05-20T00:00:00Z,TRUE,DRAFT_DISPUTE,2025-04-05T00:00:00Z
RCA-0133,CASE-0133,ACTION_READY,2.43,2.43,0.90,f|e|e| |n|o|t| |r|e|t|u|r|n|e|d| |p|r|o|-|r|a|t|a|||o|v|e|r|-|r|e|f|u|n|d|||r|e|f|u|n|d| |n|o|t| |p|r|o|c|e|s|s|e|d,TRUE,,FR-SETTLE-CALC-001,NOT_APPLICABLE,2025-05-20T00:00:00Z,TRUE,DRAFT_DISPUTE,2025-04-05T00:00:00Z
RCA-0134,CASE-0134,ACTION_READY,5.98,5.98,0.90,r|a|t|e| |c|a|r|d| |m|i|s|a|p|p|l|i|e|d|||d|u|p|l|i|c|a|t|e| |f|e|e| |e|v|e|n|t|||i|n|s|t|r|u|m|e|n|t| |s|u|r|c|h|a|r|g|e| |n|o|t| |c|o|n|t|r|a|c|t|e|d,TRUE,,FR-FEE-CALC-001,NOT_APPLICABLE,2025-05-20T00:00:00Z,TRUE,DRAFT_DISPUTE,2025-04-05T00:00:00Z
RCA-0135,CASE-0135,ACTION_READY,4.47,4.47,0.90,f|e|e| |n|o|t| |r|e|t|u|r|n|e|d| |p|r|o|-|r|a|t|a|||o|v|e|r|-|r|e|f|u|n|d|||r|e|f|u|n|d| |n|o|t| |p|r|o|c|e|s|s|e|d,TRUE,,FR-SETTLE-CALC-001,NOT_APPLICABLE,2025-05-20T00:00:00Z,TRUE,DRAFT_DISPUTE,2025-04-05T00:00:00Z
RCA-0136,CASE-0136,ACTION_READY,144.17,144.17,0.90,r|a|t|e| |c|a|r|d| |m|i|s|a|p|p|l|i|e|d|||d|u|p|l|i|c|a|t|e| |f|e|e| |e|v|e|n|t|||i|n|s|t|r|u|m|e|n|t| |s|u|r|c|h|a|r|g|e| |n|o|t| |c|o|n|t|r|a|c|t|e|d,TRUE,,FR-FEE-CALC-001,NOT_APPLICABLE,2025-05-20T00:00:00Z,TRUE,DRAFT_DISPUTE,2025-04-05T00:00:00Z
RCA-0137,CASE-0137,ACTION_READY,27.51,27.51,0.90,s|e|t|t|l|e|m|e|n|t| |a|m|o|u|n|t| |s|h|o|r|t|||s|e|t|t|l|e|m|e|n|t| |m|i|s|s|i|n|g|||b|a|n|k| |c|r|e|d|i|t| |m|i|s|m|a|t|c|h,TRUE,,FR-SETTLE-CALC-001,NOT_APPLICABLE,2025-05-20T00:00:00Z,TRUE,DRAFT_DISPUTE,2025-04-05T00:00:00Z
RCA-0138,CASE-0138,ACTION_READY,3.94,3.94,0.90,r|a|t|e| |c|a|r|d| |m|i|s|a|p|p|l|i|e|d|||d|u|p|l|i|c|a|t|e| |f|e|e| |e|v|e|n|t|||i|n|s|t|r|u|m|e|n|t| |s|u|r|c|h|a|r|g|e| |n|o|t| |c|o|n|t|r|a|c|t|e|d,TRUE,,FR-FEE-CALC-001,NOT_APPLICABLE,2025-05-20T00:00:00Z,TRUE,DRAFT_DISPUTE,2025-04-05T00:00:00Z
RCA-0139,CASE-0139,ACTION_READY,72.48,72.48,0.90,r|a|t|e| |c|a|r|d| |m|i|s|a|p|p|l|i|e|d|||d|u|p|l|i|c|a|t|e| |f|e|e| |e|v|e|n|t|||i|n|s|t|r|u|m|e|n|t| |s|u|r|c|h|a|r|g|e| |n|o|t| |c|o|n|t|r|a|c|t|e|d,TRUE,,FR-SETTLE-CALC-001,NOT_APPLICABLE,2025-05-20T00:00:00Z,TRUE,DRAFT_DISPUTE,2025-04-05T00:00:00Z
RCA-0140,CASE-0140,ACTION_READY,433.87,433.87,0.90,s|e|t|t|l|e|m|e|n|t| |a|m|o|u|n|t| |s|h|o|r|t|||s|e|t|t|l|e|m|e|n|t| |m|i|s|s|i|n|g|||b|a|n|k| |c|r|e|d|i|t| |m|i|s|m|a|t|c|h,TRUE,,FR-SETTLE-CALC-001,NOT_APPLICABLE,2025-05-20T00:00:00Z,TRUE,DRAFT_DISPUTE,2025-04-05T00:00:00Z
RCA-0141,CASE-0141,ACTION_READY,88.94,88.94,0.90,s|e|t|t|l|e|m|e|n|t| |a|m|o|u|n|t| |s|h|o|r|t|||s|e|t|t|l|e|m|e|n|t| |m|i|s|s|i|n|g|||b|a|n|k| |c|r|e|d|i|t| |m|i|s|m|a|t|c|h,TRUE,,FR-SETTLE-CALC-001,NOT_APPLICABLE,2025-05-20T00:00:00Z,TRUE,DRAFT_DISPUTE,2025-04-05T00:00:00Z
RCA-0142,CASE-0142,ACTION_READY,6.49,6.49,0.90,s|e|t|t|l|e|m|e|n|t| |a|m|o|u|n|t| |s|h|o|r|t|||s|e|t|t|l|e|m|e|n|t| |m|i|s|s|i|n|g|||b|a|n|k| |c|r|e|d|i|t| |m|i|s|m|a|t|c|h,TRUE,,FR-SETTLE-CALC-001,NOT_APPLICABLE,2025-05-20T00:00:00Z,TRUE,DRAFT_DISPUTE,2025-04-05T00:00:00Z
RCA-0143,CASE-0143,ACTION_READY,1980.46,1980.46,0.90,s|e|t|t|l|e|m|e|n|t| |a|m|o|u|n|t| |s|h|o|r|t|||s|e|t|t|l|e|m|e|n|t| |m|i|s|s|i|n|g|||b|a|n|k| |c|r|e|d|i|t| |m|i|s|m|a|t|c|h,TRUE,,FR-SETTLE-CALC-001,NOT_APPLICABLE,2025-05-20T00:00:00Z,TRUE,DRAFT_DISPUTE,2025-04-05T00:00:00Z
RCA-0144,CASE-0144,ACTION_READY,11.29,11.29,0.90,f|e|e| |n|o|t| |r|e|t|u|r|n|e|d| |p|r|o|-|r|a|t|a|||o|v|e|r|-|r|e|f|u|n|d|||r|e|f|u|n|d| |n|o|t| |p|r|o|c|e|s|s|e|d,TRUE,,FR-SETTLE-CALC-001,NOT_APPLICABLE,2025-05-20T00:00:00Z,TRUE,DRAFT_DISPUTE,2025-04-05T00:00:00Z
RCA-0145,CASE-0145,ACTION_READY,953.0,953.0,0.90,s|e|t|t|l|e|m|e|n|t| |a|m|o|u|n|t| |s|h|o|r|t|||s|e|t|t|l|e|m|e|n|t| |m|i|s|s|i|n|g|||b|a|n|k| |c|r|e|d|i|t| |m|i|s|m|a|t|c|h,TRUE,,FR-SETTLE-CALC-001,NOT_APPLICABLE,2025-05-20T00:00:00Z,TRUE,DRAFT_DISPUTE,2025-04-05T00:00:00Z
RCA-0146,CASE-0146,ACTION_READY,39.17,39.17,0.90,r|a|t|e| |c|a|r|d| |m|i|s|a|p|p|l|i|e|d|||d|u|p|l|i|c|a|t|e| |f|e|e| |e|v|e|n|t|||i|n|s|t|r|u|m|e|n|t| |s|u|r|c|h|a|r|g|e| |n|o|t| |c|o|n|t|r|a|c|t|e|d,TRUE,,FR-FEE-CALC-001,NOT_APPLICABLE,2025-05-20T00:00:00Z,TRUE,DRAFT_DISPUTE,2025-04-05T00:00:00Z
RCA-0147,CASE-0147,ACTION_READY,479.39,479.39,0.90,s|e|t|t|l|e|m|e|n|t| |a|m|o|u|n|t| |s|h|o|r|t|||s|e|t|t|l|e|m|e|n|t| |m|i|s|s|i|n|g|||b|a|n|k| |c|r|e|d|i|t| |m|i|s|m|a|t|c|h,TRUE,,FR-SETTLE-CALC-001,NOT_APPLICABLE,2025-05-20T00:00:00Z,TRUE,DRAFT_DISPUTE,2025-04-05T00:00:00Z
RCA-0148,CASE-0148,ACTION_READY,2.25,2.25,0.90,r|a|t|e| |c|a|r|d| |m|i|s|a|p|p|l|i|e|d|||d|u|p|l|i|c|a|t|e| |f|e|e| |e|v|e|n|t|||i|n|s|t|r|u|m|e|n|t| |s|u|r|c|h|a|r|g|e| |n|o|t| |c|o|n|t|r|a|c|t|e|d,TRUE,,FR-FEE-CALC-001,NOT_APPLICABLE,2025-05-20T00:00:00Z,TRUE,DRAFT_DISPUTE,2025-04-05T00:00:00Z
RCA-0149,CASE-0149,ACTION_READY,71.33,71.33,0.90,r|a|t|e| |c|a|r|d| |m|i|s|a|p|p|l|i|e|d|||d|u|p|l|i|c|a|t|e| |f|e|e| |e|v|e|n|t|||i|n|s|t|r|u|m|e|n|t| |s|u|r|c|h|a|r|g|e| |n|o|t| |c|o|n|t|r|a|c|t|e|d,TRUE,,FR-SETTLE-CALC-001,NOT_APPLICABLE,2025-05-20T00:00:00Z,TRUE,DRAFT_DISPUTE,2025-04-05T00:00:00Z
