invoice_id,order_id,invoice_number,taxable_value,gst_amount,total_amount,status,source
INV-0001,ORD-1,INV/2025/1001,1042.75,187.7,1230.45,PAID,
INV-0002,ORD-2,INV/2025/1002,884.38,159.19,1043.57,PAID,
INV-0003,ORD-3,INV/2025/1003,2313.91,416.5,2730.41,PAID,
INV-0004,ORD-4,INV/2025/1004,520.5,93.69,614.19,PAID,
INV-0005,ORD-5,INV/2025/1005,253.39,45.61,299.0,PAID,
INV-0006,ORD-6,INV/2025/1006,967.36,174.13,1141.49,PAID,
INV-0007,ORD-7,INV/2025/1007,4190.65,754.32,4944.97,PAID,
INV-0008,ORD-8,INV/2025/1008,363.52,65.43,428.95,PAID,
INV-0009,ORD-9,INV/2025/1009,549.59,98.93,648.52,PAID,
INV-0010,ORD-10,INV/2025/1010,571.86,102.93,674.79,PAID,
INV-0011,ORD-11,INV/2025/1011,256.04,46.09,302.13,PAID,
INV-0012,ORD-12,INV/2025/1012,1688.52,303.93,1992.45,PAID,
INV-0013,ORD-13,INV/2025/1013,603.64,108.66,712.3,PAID,
INV-0014,ORD-14,INV/2025/1014,1280.75,230.54,1511.29,PAID,
INV-0015,ORD-15,INV/2025/1015,442.45,79.64,522.09,PAID,
INV-0016,ORD-16,INV/2025/1016,900.01,162.0,1062.01,PAID,
INV-0017,ORD-17,INV/2025/1017,334.01,60.12,394.13,PAID,
INV-0018,ORD-18,INV/2025/1018,331.15,59.61,390.76,PAID,
INV-0019,ORD-19,INV/2025/1019,1629.47,293.31,1922.78,PAID,
INV-0020,ORD-20,INV/2025/1020,1267.76,228.2,1495.96,PAID,
INV-0021,ORD-21,INV/2025/1021,327.53,58.95,386.48,PAID,
INV-0022,ORD-22,INV/2025/1022,547.53,98.56,646.09,PAID,
INV-0023,ORD-23,INV/2025/1023,1812.42,326.23,2138.65,PAID,
INV-0024,ORD-24,INV/2025/1024,17002.82,3060.51,20063.33,PAID,
INV-0025,ORD-25,INV/2025/1025,2469.14,444.45,2913.59,PAID,
INV-0026,ORD-26,INV/2025/1026,516.42,92.96,609.38,PAID,
INV-0027,ORD-27,INV/2025/1027,778.12,140.06,918.18,PAID,
INV-0028,ORD-28,INV/2025/1028,3874.35,697.38,4571.73,PAID,
INV-0029,ORD-29,INV/2025/1029,2229.1,401.24,2630.34,PAID,
INV-0030,ORD-30,INV/2025/1030,500.6,90.11,590.71,PAID,
INV-0031,ORD-31,INV/2025/1031,650.39,117.07,767.46,PAID,
INV-0032,ORD-32,INV/2025/1032,3271.47,588.86,3860.33,PAID,
INV-0033,ORD-33,INV/2025/1033,3862.31,695.21,4557.52,PAID,
INV-0034,ORD-34,INV/2025/1034,1062.42,191.24,1253.66,PAID,
INV-0035,ORD-35,INV/2025/1035,927.68,166.98,1094.66,PAID,
INV-0036,ORD-36,INV/2025/1036,3672.39,661.03,4333.42,PAID,
INV-0037,ORD-37,INV/2025/1037,1206.35,217.14,1423.49,PAID,
INV-0038,ORD-38,INV/2025/1038,3709.62,667.73,4377.35,PAID,
INV-0039,ORD-39,INV/2025/1039,261.08,47.0,308.08,PAID,
INV-0040,ORD-40,INV/2025/1040,333.23,59.98,393.21,PAID,
INV-0041,ORD-41,INV/2025/1041,1558.27,280.49,1838.76,PAID,
INV-0042,ORD-42,INV/2025/1042,253.39,45.61,299.0,PAID,
INV-0043,ORD-43,INV/2025/1043,387.25,69.71,456.96,PAID,
INV-0044,ORD-44,INV/2025/1044,773.42,139.22,912.64,PAID,
INV-0045,ORD-45,INV/2025/1045,827.95,149.03,976.98,PAID,
INV-0046,ORD-46,INV/2025/1046,253.39,45.61,299.0,PAID,
INV-0047,ORD-47,INV/2025/1047,3106.0,559.08,3665.08,PAID,
INV-0048,ORD-48,INV/2025/1048,5185.99,933.48,6119.47,PAID,
INV-0049,ORD-49,INV/2025/1049,665.92,119.86,785.78,PAID,
INV-0050,ORD-50,INV/2025/1050,704.87,126.88,831.75,PAID,
INV-0051,ORD-51,INV/2025/1051,303.1,54.56,357.66,PAID,
INV-0052,ORD-52,INV/2025/1052,679.43,122.3,801.73,PAID,
INV-0053,ORD-53,INV/2025/1053,1130.81,203.54,1334.35,PAID,
INV-0054,ORD-54,INV/2025/1054,816.99,147.06,964.05,PAID,
INV-0055,ORD-55,INV/2025/1055,513.97,92.52,606.49,PAID,
INV-0056,ORD-56,INV/2025/1056,1758.78,316.58,2075.36,PAID,
INV-0057,ORD-57,INV/2025/1057,282.75,50.89,333.64,PAID,
INV-0058,ORD-58,INV/2025/1058,3573.43,643.22,4216.65,PAID,
INV-0059,ORD-59,INV/2025/1059,1752.31,315.42,2067.73,PAID,
INV-0060,ORD-60,INV/2025/1060,296.55,53.38,349.93,PAID,
INV-0061,ORD-61,INV/2025/1061,1380.78,248.54,1629.32,PAID,
INV-0062,ORD-62,INV/2025/1062,13088.53,2355.93,15444.46,PAID,
INV-0063,ORD-63,INV/2025/1063,1255.53,226.0,1481.53,PAID,
INV-0064,ORD-64,INV/2025/1064,4218.35,759.3,4977.65,PAID,
INV-0065,ORD-65,INV/2025/1065,1365.12,245.72,1610.84,PAID,
INV-0066,ORD-66,INV/2025/1066,327.07,58.87,385.94,PAID,
INV-0067,ORD-67,INV/2025/1067,2715.96,488.87,3204.83,PAID,
INV-0068,ORD-68,INV/2025/1068,253.39,45.61,299.0,PAID,
INV-0069,ORD-69,INV/2025/1069,2613.11,470.36,3083.47,PAID,
INV-0070,ORD-70,INV/2025/1070,9797.11,1763.48,11560.59,PAID,
INV-0071,ORD-71,INV/2025/1071,1044.23,187.96,1232.19,PAID,
INV-0072,ORD-72,INV/2025/1072,726.77,130.82,857.59,PAID,
INV-0073,ORD-73,INV/2025/1073,4517.02,813.06,5330.08,PAID,
INV-0074,ORD-74,INV/2025/1074,1469.71,264.55,1734.26,PAID,
INV-0075,ORD-75,INV/2025/1075,331.81,59.73,391.54,PAID,
INV-0076,ORD-76,INV/2025/1076,529.7,95.35,625.05,PAID,
INV-0077,ORD-77,INV/2025/1077,4453.54,801.64,5255.18,PAID,
INV-0078,ORD-78,INV/2025/1078,372.57,67.06,439.63,PAID,
INV-0079,ORD-79,INV/2025/1079,253.39,45.61,299.0,PAID,
INV-0080,ORD-80,INV/2025/1080,1773.05,319.15,2092.2,PAID,
INV-0081,ORD-81,INV/2025/1081,549.55,98.92,648.47,PAID,
INV-0082,ORD-82,INV/2025/1082,1180.42,212.48,1392.9,PAID,
INV-0083,ORD-83,INV/2025/1083,3376.05,607.69,3983.74,PAID,
INV-0084,ORD-84,INV/2025/1084,1335.53,240.39,1575.92,PAID,
INV-0085,ORD-85,INV/2025/1085,278.83,50.19,329.02,PAID,
INV-0086,ORD-86,INV/2025/1086,291.92,52.54,344.46,PAID,
INV-0087,ORD-87,INV/2025/1087,2608.1,469.46,3077.56,PAID,
INV-0088,ORD-88,INV/2025/1088,3710.43,667.88,4378.31,PAID,
INV-0089,ORD-89,INV/2025/1089,2773.74,499.27,3273.01,PAID,
INV-0090,ORD-90,INV/2025/1090,1148.65,206.76,1355.41,PAID,
INV-0091,ORD-91,INV/2025/1091,1728.18,311.07,2039.25,PAID,
INV-0092,ORD-92,INV/2025/1092,1150.97,207.18,1358.15,PAID,
INV-0093,ORD-93,INV/2025/1093,4247.01,764.46,5011.47,PAID,
INV-0094,ORD-94,INV/2025/1094,444.85,80.07,524.92,PAID,
INV-0095,ORD-95,INV/2025/1095,570.43,102.68,673.11,PAID,
INV-0096,ORD-96,INV/2025/1096,9161.34,1649.04,10810.38,PAID,
INV-0097,ORD-97,INV/2025/1097,1305.4,234.97,1540.37,PAID,
INV-0098,ORD-98,INV/2025/1098,1232.15,221.79,1453.94,PAID,
INV-0099,ORD-99,INV/2025/1099,534.08,96.14,630.22,PAID,
INV-0100,ORD-100,INV/2025/1100,1862.98,335.34,2198.32,PAID,
INV-0101,ORD-101,INV/2025/1101,1830.15,329.43,2159.58,PAID,
INV-0102,ORD-102,INV/2025/1102,2095.77,377.24,2473.01,PAID,
INV-0103,ORD-103,INV/2025/1103,3003.62,540.65,3544.27,PAID,
INV-0104,ORD-104,INV/2025/1104,756.94,136.25,893.19,PAID,
INV-0105,ORD-105,INV/2025/1105,384.94,69.29,454.23,PAID,
INV-0106,ORD-106,INV/2025/1106,2953.61,531.65,3485.26,PAID,
INV-0107,ORD-107,INV/2025/1107,780.27,140.45,920.72,PAID,
INV-0108,ORD-108,INV/2025/1108,275.15,49.53,324.68,PAID,
INV-0109,ORD-109,INV/2025/1109,999.95,179.99,1179.94,PAID,
INV-0110,ORD-110,INV/2025/1110,592.32,106.62,698.94,PAID,
INV-0111,ORD-111,INV/2025/1111,363.23,65.38,428.61,PAID,
INV-0112,ORD-112,INV/2025/1112,1489.59,268.13,1757.72,PAID,
INV-0113,ORD-113,INV/2025/1113,861.72,155.11,1016.83,PAID,
INV-0114,ORD-114,INV/2025/1114,1782.22,320.8,2103.02,PAID,
INV-0115,ORD-115,INV/2025/1115,739.5,133.11,872.61,PAID,
INV-0116,ORD-116,INV/2025/1116,302.75,54.5,357.25,PAID,
INV-0117,ORD-117,INV/2025/1117,1646.41,296.35,1942.76,PAID,
INV-0118,ORD-118,INV/2025/1118,253.39,45.61,299.0,PAID,
INV-0119,ORD-119,INV/2025/1119,1959.77,352.76,2312.53,PAID,
INV-0120,ORD-120,INV/2025/1120,3634.36,654.18,4288.54,PAID,
INV-0121,ORD-121,INV/2025/1121,803.29,144.59,947.88,PAID,
INV-0122,ORD-122,INV/2025/1122,1281.88,230.74,1512.62,PAID,
INV-0123,ORD-123,INV/2025/1123,516.14,92.91,609.05,PAID,
INV-0124,ORD-124,INV/2025/1124,1201.9,216.34,1418.24,PAID,
INV-0125,ORD-125,INV/2025/1125,4914.29,884.57,5798.86,PAID,
INV-0126,ORD-126,INV/2025/1126,1092.86,196.72,1289.58,PAID,
INV-0127,ORD-127,INV/2025/1127,581.77,104.72,686.49,PAID,
INV-0128,ORD-128,INV/2025/1128,425.59,76.61,502.2,PAID,
INV-0129,ORD-129,INV/2025/1129,1272.19,229.0,1501.19,PAID,
INV-0130,ORD-130,INV/2025/1130,1309.77,235.76,1545.53,PAID,
INV-0131,ORD-131,INV/2025/1131,1105.17,198.93,1304.1,PAID,
INV-0132,ORD-132,INV/2025/1132,454.03,81.73,535.76,PAID,
INV-0133,ORD-133,INV/2025/1133,1678.31,302.09,1980.4,PAID,
INV-0134,ORD-134,INV/2025/1134,320.96,57.77,378.73,PAID,
INV-0136,ORD-136,INV/2025/1136,275.45,49.58,325.03,PAID,
INV-0137,ORD-137,INV/2025/1137,264.89,47.68,312.57,PAID,
INV-0138,ORD-138,INV/2025/1138,1816.5,326.97,2143.47,PAID,
INV-0139,ORD-139,INV/2025/1139,398.18,71.67,469.85,PAID,
INV-0140,ORD-140,INV/2025/1140,496.6,89.39,585.99,PAID,
INV-0141,ORD-141,INV/2025/1141,2422.22,436.0,2858.22,PAID,
INV-0142,ORD-142,INV/2025/1142,493.54,88.84,582.38,PAID,
INV-0143,ORD-143,INV/2025/1143,1750.01,315.0,2065.01,PAID,
INV-0144,ORD-144,INV/2025/1144,2047.09,368.48,2415.57,PAID,
INV-0145,ORD-145,INV/2025/1145,301.36,54.24,355.6,PAID,
INV-0146,ORD-146,INV/2025/1146,723.11,130.16,853.27,PAID,
INV-0147,ORD-147,INV/2025/1147,739.3,133.07,872.37,PAID,
INV-0148,ORD-148,INV/2025/1148,658.6,118.55,777.15,PAID,
INV-0149,ORD-149,INV/2025/1149,1404.81,252.86,1657.67,PAID,
INV-0150,ORD-150,INV/2025/1150,510.46,91.88,602.34,PAID,
INV-0151,ORD-151,INV/2025/1151,348.53,62.74,411.27,PAID,
INV-0152,ORD-152,INV/2025/1152,2471.82,444.93,2916.75,PAID,
INV-0153,ORD-153,INV/2025/1153,1112.1,200.18,1312.28,PAID,
INV-0154,ORD-154,INV/2025/1154,1090.26,196.25,1286.51,PAID,
INV-0155,ORD-155,INV/2025/1155,253.39,45.61,299.0,PAID,
INV-0156,ORD-156,INV/2025/1156,642.36,115.62,757.98,PAID,
INV-0157,ORD-157,INV/2025/1157,707.32,127.32,834.64,PAID,
INV-0158,ORD-158,INV/2025/1158,5909.7,1063.75,6973.45,PAID,
INV-0159,ORD-159,INV/2025/1159,1848.52,332.73,2181.25,PAID,
INV-0160,ORD-160,INV/2025/1160,889.14,160.05,1049.19,PAID,
INV-0161,ORD-161,INV/2025/1161,836.86,150.64,987.5,PAID,
INV-0162,ORD-162,INV/2025/1162,575.99,103.68,679.67,PAID,
INV-0163,ORD-163,INV/2025/1163,253.39,45.61,299.0,PAID,
INV-0164,ORD-164,INV/2025/1164,253.39,45.61,299.0,PAID,
INV-0165,ORD-165,INV/2025/1165,2970.61,534.71,3505.32,PAID,
INV-0166,ORD-166,INV/2025/1166,286.8,51.62,338.42,PAID,
INV-0167,ORD-167,INV/2025/1167,253.39,45.61,299.0,PAID,
INV-0168,ORD-168,INV/2025/1168,387.76,69.8,457.56,PAID,
INV-0169,ORD-169,INV/2025/1169,1375.53,247.6,1623.13,PAID,
INV-0170,ORD-170,INV/2025/1170,253.39,45.61,299.0,PAID,
INV-0171,ORD-171,INV/2025/1171,2057.55,370.36,2427.91,PAID,
INV-0172,ORD-172,INV/2025/1172,352.29,63.41,415.7,PAID,
INV-0173,ORD-173,INV/2025/1173,1334.85,240.27,1575.12,PAID,
INV-0174,ORD-174,INV/2025/1174,585.89,105.46,691.35,PAID,
INV-0175,ORD-175,INV/2025/1175,253.39,45.61,299.0,PAID,
INV-0176,ORD-176,INV/2025/1176,2973.22,535.18,3508.4,PAID,
INV-0177,ORD-177,INV/2025/1177,2156.66,388.2,2544.86,PAID,
INV-0178,ORD-178,INV/2025/1178,3102.16,558.39,3660.55,PAID,
INV-0179,ORD-179,INV/2025/1179,1857.2,334.3,2191.5,PAID,
INV-0180,ORD-180,INV/2025/1180,280.03,50.4,330.43,PAID,
INV-0181,ORD-181,INV/2025/1181,254.13,45.74,299.87,PAID,
INV-0182,ORD-182,INV/2025/1182,14502.31,2610.42,17112.73,PAID,
INV-0183,ORD-183,INV/2025/1183,703.36,126.6,829.96,PAID,
INV-0184,ORD-184,INV/2025/1184,1166.47,209.97,1376.44,PAID,
INV-0185,ORD-185,INV/2025/1185,3217.21,579.1,3796.31,PAID,
INV-0186,ORD-186,INV/2025/1186,977.59,175.97,1153.56,PAID,
INV-0187,ORD-187,INV/2025/1187,1035.08,186.32,1221.4,PAID,
INV-0188,ORD-188,INV/2025/1188,253.39,45.61,299.0,PAID,
INV-0189,ORD-189,INV/2025/1189,1810.66,325.92,2136.58,PAID,
INV-0190,ORD-190,INV/2025/1190,1172.42,211.03,1383.45,PAID,
INV-0191,ORD-191,INV/2025/1191,1497.94,269.63,1767.57,PAID,
INV-0192,ORD-192,INV/2025/1192,899.57,161.92,1061.49,PAID,
INV-0193,ORD-193,INV/2025/1193,586.58,105.59,692.17,PAID,
INV-0194,ORD-194,INV/2025/1194,506.16,91.11,597.27,PAID,
INV-0195,ORD-195,INV/2025/1195,504.69,90.84,595.53,PAID,
INV-0196,ORD-196,INV/2025/1196,479.6,86.33,565.93,PAID,
INV-0197,ORD-197,INV/2025/1197,4718.32,849.3,5567.62,PAID,
INV-0198,ORD-198,INV/2025/1198,300.74,54.13,354.87,PAID,
INV-0199,ORD-199,INV/2025/1199,831.47,149.66,981.13,PAID,
INV-0200,ORD-200,INV/2025/1200,5286.89,951.64,6238.53,PAID,
INV-0201,ORD-201,INV/2025/1201,272.18,48.99,321.17,PAID,
INV-0202,ORD-202,INV/2025/1202,1558.77,280.58,1839.35,PAID,
INV-0203,ORD-203,INV/2025/1203,367.15,66.09,433.24,PAID,
INV-0204,ORD-204,INV/2025/1204,308.97,55.61,364.58,PAID,
INV-0205,ORD-205,INV/2025/1205,526.41,94.75,621.16,PAID,
INV-0206,ORD-206,INV/2025/1206,544.07,97.93,642.0,PAID,
INV-0207,ORD-207,INV/2025/1207,957.59,172.37,1129.96,PAID,
INV-0208,ORD-208,INV/2025/1208,450.61,81.11,531.72,PAID,
INV-0209,ORD-209,INV/2025/1209,5684.29,1023.17,6707.46,PAID,
INV-0210,ORD-210,INV/2025/1210,9083.19,1634.97,10718.16,PAID,
INV-0211,ORD-211,INV/2025/1211,253.39,45.61,299.0,PAID,
INV-0212,ORD-212,INV/2025/1212,314.53,56.62,371.15,PAID,
INV-0213,ORD-213,INV/2025/1213,726.57,130.78,857.35,PAID,
INV-0214,ORD-214,INV/2025/1214,1466.42,263.96,1730.38,PAID,
INV-0215,ORD-215,INV/2025/1215,797.86,143.61,941.47,PAID,
INV-0216,ORD-216,INV/2025/1216,2844.75,512.05,3356.8,PAID,
INV-0217,ORD-217,INV/2025/1217,2922.36,526.02,3448.38,PAID,
INV-0218,ORD-218,INV/2025/1218,558.25,100.49,658.74,PAID,
INV-0219,ORD-219,INV/2025/1219,858.15,154.47,1012.62,PAID,
INV-0220,ORD-220,INV/2025/1220,1245.49,224.19,1469.68,PAID,
INV-0221,ORD-221,INV/2025/1221,548.77,98.78,647.55,PAID,
INV-0222,ORD-222,INV/2025/1222,2834.23,510.16,3344.39,PAID,
INV-0223,ORD-223,INV/2025/1223,253.39,45.61,299.0,PAID,
INV-0224,ORD-224,INV/2025/1224,489.52,88.11,577.63,PAID,
INV-0225,ORD-225,INV/2025/1225,3431.62,617.69,4049.31,PAID,
INV-0226,ORD-226,INV/2025/1226,2831.27,509.63,3340.9,PAID,
INV-0227,ORD-227,INV/2025/1227,1242.42,223.64,1466.06,PAID,
INV-0228,ORD-228,INV/2025/1228,374.92,67.49,442.41,PAID,
INV-0229,ORD-229,INV/2025/1229,645.39,116.17,761.56,PAID,
INV-0230,ORD-230,INV/2025/1230,628.64,113.15,741.79,PAID,
INV-0231,ORD-231,INV/2025/1231,1087.53,195.76,1283.29,PAID,
INV-0232,ORD-232,INV/2025/1232,253.39,45.61,299.0,PAID,
INV-0233,ORD-233,INV/2025/1233,544.72,98.05,642.77,PAID,
INV-0234,ORD-234,INV/2025/1234,1635.4,294.37,1929.77,PAID,
INV-0235,ORD-235,INV/2025/1235,960.73,172.93,1133.66,PAID,
INV-0237,ORD-237,INV/2025/1237,3008.42,541.52,3549.94,PAID,
INV-0238,ORD-238,INV/2025/1238,1349.9,242.98,1592.88,PAID,
INV-0239,ORD-239,INV/2025/1239,973.44,175.22,1148.66,PAID,
INV-0240,ORD-240,INV/2025/1240,686.31,123.53,809.84,PAID,
INV-0241,ORD-241,INV/2025/1241,3802.19,684.39,4486.58,PAID,
INV-0242,ORD-242,INV/2025/1242,1139.95,205.19,1345.14,PAID,
INV-0243,ORD-243,INV/2025/1243,2099.07,377.83,2476.9,PAID,
INV-0244,ORD-244,INV/2025/1244,253.39,45.61,299.0,PAID,
INV-0245,ORD-245,INV/2025/1245,292.85,52.71,345.56,PAID,
INV-0246,ORD-246,INV/2025/1246,390.57,70.3,460.87,PAID,
INV-0247,ORD-247,INV/2025/1247,840.14,151.22,991.36,PAID,
INV-0248,ORD-248,INV/2025/1248,253.39,45.61,299.0,PAID,
INV-0249,ORD-249,INV/2025/1249,8778.25,1580.08,10358.33,PAID,
INV-0250,ORD-250,INV/2025/1250,458.06,82.45,540.51,PAID,
INV-0251,ORD-251,INV/2025/1251,253.39,45.61,299.0,PAID,
INV-0252,ORD-252,INV/2025/1252,2029.86,365.38,2395.24,PAID,
INV-0253,ORD-253,INV/2025/1253,747.55,134.56,882.11,PAID,
INV-0254,ORD-254,INV/2025/1254,4640.63,835.31,5475.94,PAID,
INV-0255,ORD-255,INV/2025/1255,2021.53,363.88,2385.41,PAID,
INV-0256,ORD-256,INV/2025/1256,1972.23,355.0,2327.23,PAID,
INV-0257,ORD-257,INV/2025/1257,253.39,45.61,299.0,PAID,
INV-0258,ORD-258,INV/2025/1258,740.72,133.33,874.05,PAID,
INV-0259,ORD-259,INV/2025/1259,1289.52,232.11,1521.63,PAID,
INV-0260,ORD-260,INV/2025/1260,995.08,179.12,1174.2,PAID,
INV-0261,ORD-261,INV/2025/1261,1385.43,249.38,1634.81,PAID,
INV-0262,ORD-262,INV/2025/1262,3938.19,708.88,4647.07,PAID,
INV-0263,ORD-263,INV/2025/1263,376.69,67.8,444.49,PAID,
INV-0264,ORD-264,INV/2025/1264,282.74,50.89,333.63,PAID,
INV-0265,ORD-265,INV/2025/1265,1050.19,189.03,1239.22,PAID,
INV-0266,ORD-266,INV/2025/1266,435.03,78.3,513.33,PAID,
INV-0267,ORD-267,INV/2025/1267,253.39,45.61,299.0,PAID,
INV-0268,ORD-268,INV/2025/1268,2528.3,455.09,2983.39,PAID,
INV-0269,ORD-269,INV/2025/1269,288.73,51.97,340.7,PAID,
INV-0270,ORD-270,INV/2025/1270,2077.38,373.93,2451.31,PAID,
INV-0271,ORD-271,INV/2025/1271,976.01,175.68,1151.69,PAID,
INV-0272,ORD-272,INV/2025/1272,626.51,112.77,739.28,PAID,
INV-0273,ORD-273,INV/2025/1273,1600.66,288.12,1888.78,PAID,
INV-0274,ORD-274,INV/2025/1274,1101.27,198.23,1299.5,PAID,
INV-0275,ORD-275,INV/2025/1275,253.39,45.61,299.0,PAID,
INV-0276,ORD-276,INV/2025/1276,715.88,128.86,844.74,PAID,
INV-0277,ORD-277,INV/2025/1277,723.64,130.25,853.89,PAID,
INV-0278,ORD-278,INV/2025/1278,1218.73,219.37,1438.1,PAID,
INV-0279,ORD-279,INV/2025/1279,2096.19,377.32,2473.51,PAID,
INV-0280,ORD-280,INV/2025/1280,512.81,92.3,605.11,PAID,
INV-0282,ORD-282,INV/2025/1282,4697.84,845.61,5543.45,PAID,
INV-0283,ORD-283,INV/2025/1283,987.75,177.79,1165.54,PAID,
INV-0284,ORD-284,INV/2025/1284,465.27,83.75,549.02,PAID,
INV-0285,ORD-285,INV/2025/1285,253.39,45.61,299.0,PAID,
INV-0286,ORD-286,INV/2025/1286,6573.09,1183.16,7756.25,PAID,
INV-0288,ORD-288,INV/2025/1288,1377.3,247.91,1625.21,PAID,
INV-0289,ORD-289,INV/2025/1289,2484.43,447.2,2931.63,PAID,
INV-0290,ORD-290,INV/2025/1290,890.04,160.21,1050.25,PAID,
INV-0291,ORD-291,INV/2025/1291,1049.26,188.87,1238.13,PAID,
INV-0292,ORD-292,INV/2025/1292,1755.26,315.95,2071.21,PAID,
INV-0293,ORD-293,INV/2025/1293,406.81,73.23,480.04,PAID,
INV-0294,ORD-294,INV/2025/1294,269.69,48.55,318.24,PAID,
INV-0295,ORD-295,INV/2025/1295,985.53,177.39,1162.92,PAID,
INV-0296,ORD-296,INV/2025/1296,268.94,48.41,317.35,PAID,
INV-0297,ORD-297,INV/2025/1297,396.53,71.38,467.91,PAID,
INV-0298,ORD-298,INV/2025/1298,635.42,114.37,749.79,PAID,
INV-0299,ORD-299,INV/2025/1299,571.59,102.89,674.48,PAID,
INV-0300,ORD-300,INV/2025/1300,1706.52,307.17,2013.69,PAID,
INV-0301,ORD-301,INV/2025/1301,3922.7,706.09,4628.79,PAID,
INV-0302,ORD-302,INV/2025/1302,704.09,126.74,830.83,PAID,
INV-0303,ORD-303,INV/2025/1303,1187.8,213.8,1401.6,PAID,
INV-0304,ORD-304,INV/2025/1304,461.51,83.07,544.58,PAID,
INV-0305,ORD-305,INV/2025/1305,356.54,64.18,420.72,PAID,
INV-0306,ORD-306,INV/2025/1306,253.39,45.61,299.0,PAID,
INV-0307,ORD-307,INV/2025/1307,2052.35,369.42,2421.77,PAID,
INV-0308,ORD-308,INV/2025/1308,253.39,45.61,299.0,PAID,
INV-0309,ORD-309,INV/2025/1309,587.58,105.76,693.34,PAID,
INV-0310,ORD-310,INV/2025/1310,1188.69,213.96,1402.65,PAID,
INV-0311,ORD-311,INV/2025/1311,355.17,63.93,419.1,PAID,
INV-0312,ORD-312,INV/2025/1312,897.27,161.51,1058.78,PAID,
INV-0313,ORD-313,INV/2025/1313,253.39,45.61,299.0,PAID,
INV-0314,ORD-314,INV/2025/1314,1818.82,327.39,2146.21,PAID,
INV-0315,ORD-315,INV/2025/1315,1338.78,240.98,1579.76,PAID,
INV-0316,ORD-316,INV/2025/1316,5858.74,1054.57,6913.31,PAID,
INV-0317,ORD-317,INV/2025/1317,648.98,116.82,765.8,PAID,
INV-0318,ORD-318,INV/2025/1318,2111.58,380.09,2491.67,PAID,
INV-0319,ORD-319,INV/2025/1319,253.39,45.61,299.0,PAID,
INV-0320,ORD-320,INV/2025/1320,1587.65,285.78,1873.43,PAID,
INV-0321,ORD-321,INV/2025/1321,253.39,45.61,299.0,PAID,
INV-0322,ORD-322,INV/2025/1322,794.04,142.93,936.97,PAID,
INV-0323,ORD-323,INV/2025/1323,892.03,160.57,1052.6,PAID,
INV-0324,ORD-324,INV/2025/1324,364.87,65.68,430.55,PAID,
INV-0325,ORD-325,INV/2025/1325,688.65,123.96,812.61,PAID,
INV-0326,ORD-326,INV/2025/1326,253.39,45.61,299.0,PAID,
INV-0327,ORD-327,INV/2025/1327,533.14,95.96,629.1,PAID,
INV-0328,ORD-328,INV/2025/1328,413.93,74.51,488.44,PAID,
INV-0329,ORD-329,INV/2025/1329,455.47,81.98,537.45,PAID,
INV-0330,ORD-330,INV/2025/1330,473.14,85.16,558.3,PAID,
INV-0331,ORD-331,INV/2025/1331,3291.53,592.48,3884.01,PAID,
INV-0332,ORD-332,INV/2025/1332,503.57,90.64,594.21,PAID,
INV-0333,ORD-333,INV/2025/1333,1735.91,312.46,2048.37,PAID,
INV-0334,ORD-334,INV/2025/1334,4741.51,853.47,5594.98,PAID,
INV-0335,ORD-335,INV/2025/1335,5870.86,1056.76,6927.62,PAID,
INV-0336,ORD-336,INV/2025/1336,309.99,55.8,365.79,PAID,
INV-0337,ORD-337,INV/2025/1337,1177.44,211.94,1389.38,PAID,
INV-0338,ORD-338,INV/2025/1338,1131.58,203.68,1335.26,PAID,
INV-0339,ORD-339,INV/2025/1339,4614.81,830.66,5445.47,PAID,
INV-0340,ORD-340,INV/2025/1340,5048.86,908.8,5957.66,PAID,
INV-0341,ORD-341,INV/2025/1341,1841.21,331.42,2172.63,PAID,
INV-0342,ORD-342,INV/2025/1342,556.18,100.11,656.29,PAID,
INV-0343,ORD-343,INV/2025/1343,1567.86,282.22,1850.08,PAID,
INV-0344,ORD-344,INV/2025/1344,373.33,67.2,440.53,PAID,
INV-0345,ORD-345,INV/2025/1345,1776.19,319.72,2095.91,PAID,
INV-0346,ORD-346,INV/2025/1346,1786.87,321.64,2108.51,PAID,
INV-0347,ORD-347,INV/2025/1347,4945.62,890.21,5835.83,PAID,
INV-0348,ORD-348,INV/2025/1348,1221.0,219.78,1440.78,PAID,
INV-0349,ORD-349,INV/2025/1349,388.9,70.0,458.9,PAID,
INV-0350,ORD-350,INV/2025/1350,1332.1,239.78,1571.88,PAID,
INV-0351,ORD-351,INV/2025/1351,253.39,45.61,299.0,PAID,
INV-0352,ORD-352,INV/2025/1352,744.14,133.95,878.09,PAID,
INV-0353,ORD-353,INV/2025/1353,2097.8,377.6,2475.4,PAID,
INV-0354,ORD-354,INV/2025/1354,5914.03,1064.53,6978.56,PAID,
INV-0355,ORD-355,INV/2025/1355,9980.75,1796.53,11777.28,PAID,
INV-0356,ORD-356,INV/2025/1356,2967.9,534.22,3502.12,PAID,
INV-0358,ORD-358,INV/2025/1358,1378.69,248.16,1626.85,PAID,
INV-0359,ORD-359,INV/2025/1359,708.8,127.58,836.38,PAID,
INV-0360,ORD-360,INV/2025/1360,2128.67,383.16,2511.83,PAID,
INV-0361,ORD-361,INV/2025/1361,888.36,159.91,1048.27,PAID,
INV-0362,ORD-362,INV/2025/1362,6399.65,1151.94,7551.59,PAID,
INV-0363,ORD-363,INV/2025/1363,884.88,159.28,1044.16,PAID,
INV-0364,ORD-364,INV/2025/1364,663.22,119.38,782.6,PAID,
INV-0366,ORD-366,INV/2025/1366,2737.63,492.77,3230.4,PAID,
INV-0367,ORD-367,INV/2025/1367,816.45,146.96,963.41,PAID,
INV-0368,ORD-368,INV/2025/1368,1211.36,218.04,1429.4,PAID,
INV-0369,ORD-369,INV/2025/1369,259.6,46.73,306.33,PAID,
INV-0370,ORD-370,INV/2025/1370,2240.36,403.26,2643.62,PAID,
INV-0371,ORD-371,INV/2025/1371,2185.45,393.38,2578.83,PAID,
INV-0372,ORD-372,INV/2025/1372,631.44,113.66,745.1,PAID,
INV-0373,ORD-373,INV/2025/1373,253.39,45.61,299.0,PAID,
INV-0374,ORD-374,INV/2025/1374,253.39,45.61,299.0,PAID,
INV-0375,ORD-375,INV/2025/1375,1131.9,203.74,1335.64,PAID,
INV-0376,ORD-376,INV/2025/1376,1093.48,196.83,1290.31,PAID,
INV-0377,ORD-377,INV/2025/1377,962.58,173.26,1135.84,PAID,
INV-0378,ORD-378,INV/2025/1378,253.39,45.61,299.0,PAID,
INV-0379,ORD-379,INV/2025/1379,956.33,172.14,1128.47,PAID,
INV-0380,ORD-380,INV/2025/1380,4021.64,723.9,4745.54,PAID,
INV-0381,ORD-381,INV/2025/1381,13842.86,2491.71,16334.57,PAID,
INV-0382,ORD-382,INV/2025/1382,253.39,45.61,299.0,PAID,
INV-0383,ORD-383,INV/2025/1383,1525.15,274.53,1799.68,PAID,
INV-0384,ORD-384,INV/2025/1384,5158.0,928.44,6086.44,PAID,
INV-0385,ORD-385,INV/2025/1385,1993.03,358.75,2351.78,PAID,
INV-0386,ORD-386,INV/2025/1386,1470.69,264.73,1735.42,PAID,
INV-0387,ORD-387,INV/2025/1387,1127.88,203.02,1330.9,PAID,
INV-0388,ORD-388,INV/2025/1388,1328.87,239.2,1568.07,PAID,
INV-0389,ORD-389,INV/2025/1389,390.12,70.22,460.34,PAID,
INV-0390,ORD-390,INV/2025/1390,2819.04,507.43,3326.47,PAID,
INV-0391,ORD-391,INV/2025/1391,543.63,97.85,641.48,PAID,
INV-0392,ORD-392,INV/2025/1392,253.39,45.61,299.0,PAID,
INV-0393,ORD-393,INV/2025/1393,253.39,45.61,299.0,PAID,
INV-0394,ORD-394,INV/2025/1394,1026.54,184.78,1211.32,PAID,
INV-0395,ORD-395,INV/2025/1395,1648.0,296.64,1944.64,PAID,
INV-0396,ORD-396,INV/2025/1396,1716.23,308.92,2025.15,PAID,
INV-0398,ORD-398,INV/2025/1398,398.08,71.65,469.73,PAID,
INV-0399,ORD-399,INV/2025/1399,368.36,66.31,434.67,PAID,
INV-0400,ORD-400,INV/2025/1400,4136.94,744.65,4881.59,PAID,
INV-0401,ORD-401,INV/2025/1401,2704.58,486.82,3191.4,PAID,
INV-0402,ORD-402,INV/2025/1402,253.39,45.61,299.0,PAID,
INV-0403,ORD-403,INV/2025/1403,497.22,89.5,586.72,PAID,
INV-0404,ORD-404,INV/2025/1404,526.18,94.71,620.89,PAID,
INV-0405,ORD-405,INV/2025/1405,816.58,146.98,963.56,PAID,
INV-0406,ORD-406,INV/2025/1406,435.36,78.37,513.73,PAID,
INV-0407,ORD-407,INV/2025/1407,282.38,50.83,333.21,PAID,
INV-0408,ORD-408,INV/2025/1408,662.64,119.27,781.91,PAID,
INV-0409,ORD-409,INV/2025/1409,1435.04,258.31,1693.35,PAID,
INV-0410,ORD-410,INV/2025/1410,3928.51,707.13,4635.64,PAID,
INV-0412,ORD-412,INV/2025/1412,499.55,89.92,589.47,PAID,
INV-0413,ORD-413,INV/2025/1413,1739.81,313.17,2052.98,PAID,
INV-0414,ORD-414,INV/2025/1414,253.39,45.61,299.0,PAID,
INV-0415,ORD-415,INV/2025/1415,2264.44,407.6,2672.04,PAID,
INV-0416,ORD-416,INV/2025/1416,602.22,108.4,710.62,PAID,
INV-0417,ORD-417,INV/2025/1417,440.11,79.22,519.33,PAID,
INV-0418,ORD-418,INV/2025/1418,486.83,87.63,574.46,PAID,
INV-0419,ORD-419,INV/2025/1419,279.75,50.35,330.1,PAID,
INV-0420,ORD-420,INV/2025/1420,1057.31,190.31,1247.62,PAID,
INV-0421,ORD-421,INV/2025/1421,2058.87,370.6,2429.47,PAID,
INV-0422,ORD-422,INV/2025/1422,938.8,168.98,1107.78,PAID,
INV-0423,ORD-423,INV/2025/1423,253.39,45.61,299.0,PAID,
INV-0424,ORD-424,INV/2025/1424,253.39,45.61,299.0,PAID,
INV-0425,ORD-425,INV/2025/1425,5694.91,1025.08,6719.99,PAID,
INV-0426,ORD-426,INV/2025/1426,2138.43,384.92,2523.35,PAID,
INV-0427,ORD-427,INV/2025/1427,2202.91,396.52,2599.43,PAID,
INV-0428,ORD-428,INV/2025/1428,1640.62,295.31,1935.93,PAID,
INV-0429,ORD-429,INV/2025/1429,3609.61,649.73,4259.34,PAID,
INV-0430,ORD-430,INV/2025/1430,503.22,90.58,593.8,PAID,
INV-0431,ORD-431,INV/2025/1431,502.25,90.4,592.65,PAID,
INV-0432,ORD-432,INV/2025/1432,253.39,45.61,299.0,PAID,
INV-0433,ORD-433,INV/2025/1433,756.24,136.12,892.36,PAID,
INV-0434,ORD-434,INV/2025/1434,1960.16,352.83,2312.99,PAID,
INV-0435,ORD-435,INV/2025/1435,1813.63,326.45,2140.08,PAID,
INV-0436,ORD-436,INV/2025/1436,1375.6,247.61,1623.21,PAID,
INV-0437,ORD-437,INV/2025/1437,2245.4,404.17,2649.57,PAID,
INV-0438,ORD-438,INV/2025/1438,253.39,45.61,299.0,PAID,
INV-0439,ORD-439,INV/2025/1439,1664.9,299.68,1964.58,PAID,
INV-0440,ORD-440,INV/2025/1440,2889.61,520.13,3409.74,PAID,
INV-0441,ORD-441,INV/2025/1441,1592.86,286.71,1879.57,PAID,
INV-0442,ORD-442,INV/2025/1442,769.54,138.52,908.06,PAID,
INV-0443,ORD-443,INV/2025/1443,576.11,103.7,679.81,PAID,
INV-0444,ORD-444,INV/2025/1444,1667.59,300.17,1967.76,PAID,
INV-0445,ORD-445,INV/2025/1445,542.02,97.56,639.58,PAID,
INV-0446,ORD-446,INV/2025/1446,652.23,117.4,769.63,PAID,
INV-0447,ORD-447,INV/2025/1447,646.17,116.31,762.48,PAID,
INV-0448,ORD-448,INV/2025/1448,622.59,112.07,734.66,PAID,
INV-0449,ORD-449,INV/2025/1449,351.18,63.21,414.39,PAID,
INV-0450,ORD-450,INV/2025/1450,1438.19,258.88,1697.07,PAID,
INV-0451,ORD-451,INV/2025/1451,4769.13,858.44,5627.57,PAID,
INV-0452,ORD-452,INV/2025/1452,2453.58,441.65,2895.23,PAID,
INV-0453,ORD-453,INV/2025/1453,609.77,109.76,719.53,PAID,
INV-0454,ORD-454,INV/2025/1454,1068.36,192.31,1260.67,PAID,
INV-0455,ORD-455,INV/2025/1455,2403.89,432.7,2836.59,PAID,
INV-0456,ORD-456,INV/2025/1456,679.94,122.39,802.33,PAID,
INV-0457,ORD-457,INV/2025/1457,472.67,85.08,557.75,PAID,
INV-0458,ORD-458,INV/2025/1458,968.34,174.3,1142.64,PAID,
INV-0459,ORD-459,INV/2025/1459,253.39,45.61,299.0,PAID,
INV-0460,ORD-460,INV/2025/1460,289.97,52.2,342.17,PAID,
INV-0461,ORD-461,INV/2025/1461,253.39,45.61,299.0,PAID,
INV-0462,ORD-462,INV/2025/1462,260.58,46.91,307.49,PAID,
INV-0464,ORD-464,INV/2025/1464,999.81,179.97,1179.78,PAID,
INV-0465,ORD-465,INV/2025/1465,9776.84,1759.83,11536.67,PAID,
INV-0466,ORD-466,INV/2025/1466,272.28,49.01,321.29,PAID,
INV-0467,ORD-467,INV/2025/1467,589.77,106.16,695.93,PAID,
INV-0468,ORD-468,INV/2025/1468,1337.45,240.74,1578.19,PAID,
INV-0469,ORD-469,INV/2025/1469,569.41,102.49,671.9,PAID,
INV-0470,ORD-470,INV/2025/1470,253.39,45.61,299.0,PAID,
INV-0471,ORD-471,INV/2025/1471,1147.33,206.52,1353.85,PAID,
INV-0472,ORD-472,INV/2025/1472,5665.42,1019.78,6685.2,PAID,
INV-0473,ORD-473,INV/2025/1473,421.84,75.93,497.77,PAID,
INV-0474,ORD-474,INV/2025/1474,2171.31,390.84,2562.15,PAID,
INV-0475,ORD-475,INV/2025/1475,253.39,45.61,299.0,PAID,
INV-0476,ORD-476,INV/2025/1476,1433.76,258.08,1691.84,PAID,
INV-0477,ORD-477,INV/2025/1477,1185.86,213.46,1399.32,PAID,
INV-0478,ORD-478,INV/2025/1478,1770.66,318.72,2089.38,PAID,
INV-0479,ORD-479,INV/2025/1479,460.88,82.96,543.84,PAID,
INV-0480,ORD-480,INV/2025/1480,1739.96,313.19,2053.15,PAID,
INV-0481,ORD-481,INV/2025/1481,2056.58,370.18,2426.76,PAID,
INV-0482,ORD-482,INV/2025/1482,3005.45,540.98,3546.43,PAID,
INV-0483,ORD-483,INV/2025/1483,2456.74,442.21,2898.95,PAID,
INV-0484,ORD-484,INV/2025/1484,1224.23,220.36,1444.59,PAID,
INV-0485,ORD-485,INV/2025/1485,620.14,111.63,731.77,PAID,
INV-0486,ORD-486,INV/2025/1486,291.37,52.45,343.82,PAID,
INV-0487,ORD-487,INV/2025/1487,3638.36,654.9,4293.26,PAID,
INV-0488,ORD-488,INV/2025/1488,442.42,79.63,522.05,PAID,
INV-0489,ORD-489,INV/2025/1489,347.92,62.62,410.54,PAID,
INV-0490,ORD-490,INV/2025/1490,1015.14,182.73,1197.87,PAID,
INV-0491,ORD-491,INV/2025/1491,462.04,83.17,545.21,PAID,
INV-0492,ORD-492,INV/2025/1492,1664.49,299.61,1964.1,PAID,
INV-0493,ORD-493,INV/2025/1493,489.5,88.11,577.61,PAID,
INV-0494,ORD-494,INV/2025/1494,618.09,111.26,729.35,PAID,
INV-0495,ORD-495,INV/2025/1495,4547.97,818.63,5366.6,PAID,
INV-0496,ORD-496,INV/2025/1496,498.92,89.8,588.72,PAID,
INV-0497,ORD-497,INV/2025/1497,2047.08,368.47,2415.55,PAID,
INV-0498,ORD-498,INV/2025/1498,652.47,117.44,769.91,PAID,
INV-0499,ORD-499,INV/2025/1499,861.04,154.99,1016.03,PAID,
INV-0500,ORD-500,INV/2025/1500,749.29,134.87,884.16,PAID,
INV-0502,ORD-502,INV/2025/1502,2501.63,450.29,2951.92,PAID,
INV-0503,ORD-503,INV/2025/1503,558.35,100.5,658.85,PAID,
INV-0504,ORD-504,INV/2025/1504,636.55,114.58,751.13,PAID,
INV-0505,ORD-505,INV/2025/1505,1598.85,287.79,1886.64,PAID,
INV-0506,ORD-506,INV/2025/1506,941.12,169.4,1110.52,PAID,
INV-0507,ORD-507,INV/2025/1507,362.15,65.19,427.34,PAID,
INV-0508,ORD-508,INV/2025/1508,1236.14,222.5,1458.64,PAID,
INV-0509,ORD-509,INV/2025/1509,1096.19,197.31,1293.5,PAID,
INV-0510,ORD-510,INV/2025/1510,253.39,45.61,299.0,PAID,
INV-0511,ORD-511,INV/2025/1511,1736.6,312.59,2049.19,PAID,
INV-0512,ORD-512,INV/2025/1512,384.71,69.25,453.96,PAID,
INV-0513,ORD-513,INV/2025/1513,3515.21,632.74,4147.95,PAID,
INV-0515,ORD-515,INV/2025/1515,5779.13,1040.24,6819.37,PAID,
INV-0516,ORD-516,INV/2025/1516,7241.69,1303.51,8545.2,PAID,
INV-0517,ORD-517,INV/2025/1517,389.19,70.06,459.25,PAID,
INV-0518,ORD-518,INV/2025/1518,256.53,46.17,302.7,PAID,
INV-0519,ORD-519,INV/2025/1519,1383.69,249.06,1632.75,PAID,
INV-0520,ORD-520,INV/2025/1520,1866.58,335.99,2202.57,PAID,
INV-0521,ORD-521,INV/2025/1521,6552.64,1179.48,7732.12,PAID,
INV-0522,ORD-522,INV/2025/1522,1703.69,306.66,2010.35,PAID,
INV-0523,ORD-523,INV/2025/1523,1862.37,335.23,2197.6,PAID,
INV-0524,ORD-524,INV/2025/1524,1380.27,248.45,1628.72,PAID,
INV-0525,ORD-525,INV/2025/1525,878.31,158.1,1036.41,PAID,
INV-0526,ORD-526,INV/2025/1526,3766.16,677.91,4444.07,PAID,
INV-0527,ORD-527,INV/2025/1527,506.13,91.1,597.23,PAID,
INV-0528,ORD-528,INV/2025/1528,466.53,83.98,550.51,PAID,
INV-0530,ORD-530,INV/2025/1530,253.39,45.61,299.0,PAID,
INV-0531,ORD-531,INV/2025/1531,253.39,45.61,299.0,PAID,
INV-0532,ORD-532,INV/2025/1532,2491.93,448.55,2940.48,PAID,
INV-0533,ORD-533,INV/2025/1533,778.33,140.1,918.43,PAID,
INV-0534,ORD-534,INV/2025/1534,4643.05,835.75,5478.8,PAID,
INV-0535,ORD-535,INV/2025/1535,718.57,129.34,847.91,PAID,
INV-0536,ORD-536,INV/2025/1536,1759.84,316.77,2076.61,PAID,
INV-0537,ORD-537,INV/2025/1537,435.53,78.4,513.93,PAID,
INV-0538,ORD-538,INV/2025/1538,1069.3,192.47,1261.77,PAID,
INV-0539,ORD-539,INV/2025/1539,8857.52,1594.35,10451.87,PAID,
INV-0540,ORD-540,INV/2025/1540,653.42,117.62,771.04,PAID,
INV-0541,ORD-541,INV/2025/1541,1327.7,238.99,1566.69,PAID,
INV-0542,ORD-542,INV/2025/1542,928.03,167.04,1095.07,PAID,
INV-0543,ORD-543,INV/2025/1543,875.69,157.63,1033.32,PAID,
INV-0544,ORD-544,INV/2025/1544,253.39,45.61,299.0,PAID,
INV-0545,ORD-545,INV/2025/1545,4387.31,789.72,5177.03,PAID,
INV-0546,ORD-546,INV/2025/1546,3884.81,699.26,4584.07,PAID,
INV-0547,ORD-547,INV/2025/1547,1256.91,226.24,1483.15,PAID,
INV-0548,ORD-548,INV/2025/1548,262.18,47.19,309.37,PAID,
INV-0549,ORD-549,INV/2025/1549,1219.81,219.57,1439.38,PAID,
INV-0550,ORD-550,INV/2025/1550,4271.44,768.86,5040.3,PAID,
INV-0551,ORD-551,INV/2025/1551,972.19,175.0,1147.19,PAID,
INV-0552,ORD-552,INV/2025/1552,1595.03,287.11,1882.14,PAID,
INV-0553,ORD-553,INV/2025/1553,1517.2,273.1,1790.3,PAID,
INV-0554,ORD-554,INV/2025/1554,2522.06,453.97,2976.03,PAID,
INV-0555,ORD-555,INV/2025/1555,2945.64,530.22,3475.86,PAID,
INV-0557,ORD-557,INV/2025/1557,2653.45,477.62,3131.07,PAID,
INV-0558,ORD-558,INV/2025/1558,253.39,45.61,299.0,PAID,
INV-0559,ORD-559,INV/2025/1559,1507.78,271.4,1779.18,PAID,
INV-0560,ORD-560,INV/2025/1560,253.39,45.61,299.0,PAID,
INV-0561,ORD-561,INV/2025/1561,6328.63,1139.15,7467.78,PAID,
INV-0562,ORD-562,INV/2025/1562,1652.36,297.43,1949.79,PAID,
INV-0563,ORD-563,INV/2025/1563,612.13,110.18,722.31,PAID,
INV-0564,ORD-564,INV/2025/1564,253.39,45.61,299.0,PAID,
INV-0565,ORD-565,INV/2025/1565,1447.19,260.49,1707.68,PAID,
INV-0566,ORD-566,INV/2025/1566,334.54,60.22,394.76,PAID,
INV-0567,ORD-567,INV/2025/1567,1512.92,272.32,1785.24,PAID,
INV-0568,ORD-568,INV/2025/1568,1031.34,185.64,1216.98,PAID,
INV-0569,ORD-569,INV/2025/1569,982.42,176.83,1159.25,PAID,
INV-0570,ORD-570,INV/2025/1570,298.31,53.69,352.0,PAID,
INV-0571,ORD-571,INV/2025/1571,2676.47,481.77,3158.24,PAID,
INV-0572,ORD-572,INV/2025/1572,800.47,144.08,944.55,PAID,
INV-0573,ORD-573,INV/2025/1573,2013.07,362.35,2375.42,PAID,
INV-0574,ORD-574,INV/2025/1574,294.19,52.95,347.14,PAID,
INV-0575,ORD-575,INV/2025/1575,3092.72,556.69,3649.41,PAID,
INV-0576,ORD-576,INV/2025/1576,688.43,123.92,812.35,PAID,
INV-0577,ORD-577,INV/2025/1577,1423.88,256.3,1680.18,PAID,
INV-0578,ORD-578,INV/2025/1578,630.08,113.41,743.49,PAID,
INV-0579,ORD-579,INV/2025/1579,253.39,45.61,299.0,PAID,
INV-0580,ORD-580,INV/2025/1580,6639.86,1195.17,7835.03,PAID,
INV-0581,ORD-581,INV/2025/1581,1157.17,208.29,1365.46,PAID,
INV-0582,ORD-582,INV/2025/1582,4556.81,820.22,5377.03,PAID,
INV-0583,ORD-583,INV/2025/1583,957.67,172.38,1130.05,PAID,
INV-0584,ORD-584,INV/2025/1584,798.41,143.71,942.12,PAID,
INV-0585,ORD-585,INV/2025/1585,2058.97,370.61,2429.58,PAID,
INV-0586,ORD-586,INV/2025/1586,477.53,85.96,563.49,PAID,
INV-0587,ORD-587,INV/2025/1587,376.03,67.69,443.72,PAID,
INV-0588,ORD-588,INV/2025/1588,652.31,117.42,769.73,PAID,
INV-0589,ORD-589,INV/2025/1589,2702.13,486.38,3188.51,PAID,
INV-0590,ORD-590,INV/2025/1590,520.15,93.63,613.78,PAID,
INV-0591,ORD-591,INV/2025/1591,253.39,45.61,299.0,PAID,
INV-0592,ORD-592,INV/2025/1592,253.39,45.61,299.0,PAID,
INV-0593,ORD-593,INV/2025/1593,5151.24,927.22,6078.46,PAID,
INV-0594,ORD-594,INV/2025/1594,1146.03,206.28,1352.31,PAID,
INV-0595,ORD-595,INV/2025/1595,1685.97,303.47,1989.44,PAID,
INV-0596,ORD-596,INV/2025/1596,943.05,169.75,1112.8,PAID,
INV-0597,ORD-597,INV/2025/1597,3655.03,657.9,4312.93,PAID,
INV-0598,ORD-598,INV/2025/1598,2122.46,382.04,2504.5,PAID,
INV-0599,ORD-599,INV/2025/1599,483.34,87.0,570.34,PAID,
INV-0600,ORD-600,INV/2025/1600,253.39,45.61,299.0,PAID,
INV-0601,ORD-601,INV/2025/1601,319.86,57.58,377.44,PAID,
INV-0602,ORD-602,INV/2025/1602,365.72,65.83,431.55,PAID,
INV-0603,ORD-603,INV/2025/1603,4995.53,899.19,5894.72,PAID,
INV-0604,ORD-604,INV/2025/1604,402.41,72.43,474.84,PAID,
INV-0605,ORD-605,INV/2025/1605,859.31,154.68,1013.99,PAID,
INV-0606,ORD-606,INV/2025/1606,491.99,88.56,580.55,PAID,
INV-0607,ORD-607,INV/2025/1607,1530.43,275.48,1805.91,PAID,
INV-0608,ORD-608,INV/2025/1608,888.2,159.88,1048.08,PAID,
INV-0609,ORD-609,INV/2025/1609,253.39,45.61,299.0,PAID,
INV-0610,ORD-610,INV/2025/1610,2127.45,382.94,2510.39,PAID,
INV-0612,ORD-612,INV/2025/1612,254.71,45.85,300.56,PAID,
INV-0613,ORD-613,INV/2025/1613,2257.36,406.32,2663.68,PAID,
INV-0614,ORD-614,INV/2025/1614,954.26,171.77,1126.03,PAID,
INV-0615,ORD-615,INV/2025/1615,1152.21,207.4,1359.61,PAID,
INV-0616,ORD-616,INV/2025/1616,3444.08,619.94,4064.02,PAID,
INV-0617,ORD-617,INV/2025/1617,4057.41,730.33,4787.74,PAID,
INV-0618,ORD-618,INV/2025/1618,17445.48,3140.19,20585.67,PAID,
INV-0619,ORD-619,INV/2025/1619,3824.17,688.35,4512.52,PAID,
INV-0620,ORD-620,INV/2025/1620,1738.88,313.0,2051.88,PAID,
INV-0621,ORD-621,INV/2025/1621,553.9,99.7,653.6,PAID,
INV-0622,ORD-622,INV/2025/1622,1183.48,213.03,1396.51,PAID,
INV-0623,ORD-623,INV/2025/1623,761.01,136.98,897.99,PAID,
INV-0624,ORD-624,INV/2025/1624,2273.65,409.26,2682.91,PAID,
INV-0625,ORD-625,INV/2025/1625,1343.95,241.91,1585.86,PAID,
INV-0626,ORD-626,INV/2025/1626,739.21,133.06,872.27,PAID,
INV-0627,ORD-627,INV/2025/1627,551.31,99.23,650.54,PAID,
INV-0628,ORD-628,INV/2025/1628,2117.88,381.22,2499.1,PAID,
INV-0629,ORD-629,INV/2025/1629,2088.44,375.92,2464.36,PAID,
INV-0630,ORD-630,INV/2025/1630,711.09,128.0,839.09,PAID,
INV-0631,ORD-631,INV/2025/1631,253.39,45.61,299.0,PAID,
INV-0632,ORD-632,INV/2025/1632,820.48,147.69,968.17,PAID,
INV-0633,ORD-633,INV/2025/1633,1901.51,342.27,2243.78,PAID,
INV-0634,ORD-634,INV/2025/1634,1062.9,191.32,1254.22,PAID,
INV-0636,ORD-636,INV/2025/1636,2006.75,361.22,2367.97,PAID,
INV-0637,ORD-637,INV/2025/1637,2360.19,424.84,2785.03,PAID,
INV-0638,ORD-638,INV/2025/1638,476.04,85.69,561.73,PAID,
INV-0639,ORD-639,INV/2025/1639,1052.62,189.47,1242.09,PAID,
INV-0640,ORD-640,INV/2025/1640,2348.36,422.71,2771.07,PAID,
INV-0641,ORD-641,INV/2025/1641,335.24,60.34,395.58,PAID,
INV-0642,ORD-642,INV/2025/1642,451.12,81.2,532.32,PAID,
INV-0643,ORD-643,INV/2025/1643,672.55,121.06,793.61,PAID,
INV-0644,ORD-644,INV/2025/1644,3513.8,632.48,4146.28,PAID,
INV-0645,ORD-645,INV/2025/1645,6923.4,1246.21,8169.61,PAID,
INV-0646,ORD-646,INV/2025/1646,892.29,160.61,1052.9,PAID,
INV-0647,ORD-647,INV/2025/1647,1410.04,253.81,1663.85,PAID,
INV-0648,ORD-648,INV/2025/1648,565.43,101.78,667.21,PAID,
INV-0649,ORD-649,INV/2025/1649,4113.76,740.48,4854.24,PAID,
INV-0650,ORD-650,INV/2025/1650,253.39,45.61,299.0,PAID,
INV-0651,ORD-651,INV/2025/1651,253.39,45.61,299.0,PAID,
INV-0652,ORD-652,INV/2025/1652,2388.31,429.89,2818.2,PAID,
INV-0653,ORD-653,INV/2025/1653,2388.62,429.95,2818.57,PAID,
INV-0654,ORD-654,INV/2025/1654,664.24,119.56,783.8,PAID,
INV-0655,ORD-655,INV/2025/1655,3436.09,618.5,4054.59,PAID,
INV-0656,ORD-656,INV/2025/1656,446.42,80.35,526.77,PAID,
INV-0657,ORD-657,INV/2025/1657,856.21,154.12,1010.33,PAID,
INV-0658,ORD-658,INV/2025/1658,2328.88,419.2,2748.08,PAID,
INV-0659,ORD-659,INV/2025/1659,268.82,48.39,317.21,PAID,
INV-0660,ORD-660,INV/2025/1660,434.02,78.12,512.14,PAID,
INV-0661,ORD-661,INV/2025/1661,575.77,103.64,679.41,PAID,
INV-0662,ORD-662,INV/2025/1662,621.47,111.87,733.34,PAID,
INV-0663,ORD-663,INV/2025/1663,5657.97,1018.43,6676.4,PAID,
INV-0664,ORD-664,INV/2025/1664,2071.23,372.82,2444.05,PAID,
INV-0665,ORD-665,INV/2025/1665,291.03,52.39,343.42,PAID,
INV-0666,ORD-666,INV/2025/1666,1019.44,183.5,1202.94,PAID,
INV-0667,ORD-667,INV/2025/1667,1142.14,205.59,1347.73,PAID,
INV-0668,ORD-668,INV/2025/1668,831.62,149.69,981.31,PAID,
INV-0669,ORD-669,INV/2025/1669,4594.26,826.97,5421.23,PAID,
INV-0670,ORD-670,INV/2025/1670,259.54,46.72,306.26,PAID,
INV-0671,ORD-671,INV/2025/1671,524.63,94.43,619.06,PAID,
INV-0672,ORD-672,INV/2025/1672,2897.26,521.51,3418.77,PAID,
INV-0673,ORD-673,INV/2025/1673,5902.61,1062.47,6965.08,PAID,
INV-0674,ORD-674,INV/2025/1674,2189.81,394.16,2583.97,PAID,
INV-0675,ORD-675,INV/2025/1675,585.27,105.35,690.62,PAID,
INV-0676,ORD-676,INV/2025/1676,2367.64,426.18,2793.82,PAID,
INV-0677,ORD-677,INV/2025/1677,385.71,69.43,455.14,PAID,
INV-0678,ORD-678,INV/2025/1678,4222.38,760.03,4982.41,PAID,
INV-0679,ORD-679,INV/2025/1679,1176.0,211.68,1387.68,PAID,
INV-0680,ORD-680,INV/2025/1680,2010.49,361.89,2372.38,PAID,
INV-0681,ORD-681,INV/2025/1681,2439.42,439.1,2878.52,PAID,
INV-0682,ORD-682,INV/2025/1682,5285.03,951.3,6236.33,PAID,
INV-0683,ORD-683,INV/2025/1683,253.39,45.61,299.0,PAID,
INV-0684,ORD-684,INV/2025/1684,673.44,121.22,794.66,PAID,
INV-0685,ORD-685,INV/2025/1685,543.31,97.79,641.1,PAID,
INV-0686,ORD-686,INV/2025/1686,1597.57,287.56,1885.13,PAID,
INV-0688,ORD-688,INV/2025/1688,2202.44,396.44,2598.88,PAID,
INV-0689,ORD-689,INV/2025/1689,801.53,144.27,945.8,PAID,
INV-0690,ORD-690,INV/2025/1690,539.67,97.14,636.81,PAID,
INV-0691,ORD-691,INV/2025/1691,1484.02,267.12,1751.14,PAID,
INV-0692,ORD-692,INV/2025/1692,2031.1,365.6,2396.7,PAID,
INV-0693,ORD-693,INV/2025/1693,701.69,126.31,828.0,PAID,
INV-0694,ORD-694,INV/2025/1694,3049.46,548.9,3598.36,PAID,
INV-0695,ORD-695,INV/2025/1695,528.94,95.21,624.15,PAID,
INV-0696,ORD-696,INV/2025/1696,2041.3,367.43,2408.73,PAID,
INV-0697,ORD-697,INV/2025/1697,1591.22,286.42,1877.64,PAID,
INV-0699,ORD-699,INV/2025/1699,253.39,45.61,299.0,PAID,
INV-0700,ORD-700,INV/2025/1700,253.39,45.61,299.0,PAID,
INV-0701,ORD-701,INV/2025/1701,799.42,143.9,943.32,PAID,
INV-0702,ORD-702,INV/2025/1702,980.47,176.49,1156.96,PAID,
INV-0703,ORD-703,INV/2025/1703,2153.81,387.69,2541.5,PAID,
INV-0704,ORD-704,INV/2025/1704,407.42,73.33,480.75,PAID,
INV-0705,ORD-705,INV/2025/1705,1494.89,269.08,1763.97,PAID,
INV-0706,ORD-706,INV/2025/1706,377.08,67.87,444.95,PAID,
INV-0707,ORD-707,INV/2025/1707,5306.1,955.1,6261.2,PAID,
INV-0708,ORD-708,INV/2025/1708,7894.61,1421.03,9315.64,PAID,
INV-0709,ORD-709,INV/2025/1709,253.39,45.61,299.0,PAID,
INV-0710,ORD-710,INV/2025/1710,889.35,160.08,1049.43,PAID,
INV-0711,ORD-711,INV/2025/1711,1212.96,218.33,1431.29,PAID,
INV-0712,ORD-712,INV/2025/1712,4981.48,896.67,5878.15,PAID,
INV-0713,ORD-713,INV/2025/1713,1069.38,192.49,1261.87,PAID,
INV-0714,ORD-714,INV/2025/1714,5718.65,1029.36,6748.01,PAID,
INV-0715,ORD-715,INV/2025/1715,1894.96,341.09,2236.05,PAID,
INV-0716,ORD-716,INV/2025/1716,1259.08,226.64,1485.72,PAID,
INV-0717,ORD-717,INV/2025/1717,328.58,59.14,387.72,PAID,
INV-0718,ORD-718,INV/2025/1718,629.02,113.22,742.24,PAID,
INV-0720,ORD-720,INV/2025/1720,794.9,143.08,937.98,PAID,
INV-0721,ORD-721,INV/2025/1721,733.33,132.0,865.33,PAID,
INV-0722,ORD-722,INV/2025/1722,1134.9,204.28,1339.18,PAID,
INV-0723,ORD-723,INV/2025/1723,2216.31,398.93,2615.24,PAID,
INV-0724,ORD-724,INV/2025/1724,10305.08,1854.92,12160.0,PAID,
INV-0725,ORD-725,INV/2025/1725,2893.8,520.88,3414.68,PAID,
INV-0726,ORD-726,INV/2025/1726,2132.81,383.9,2516.71,PAID,
INV-0727,ORD-727,INV/2025/1727,1713.6,308.45,2022.05,PAID,
INV-0728,ORD-728,INV/2025/1728,2682.78,482.9,3165.68,PAID,
INV-0729,ORD-729,INV/2025/1729,1457.64,262.38,1720.02,PAID,
INV-0730,ORD-730,INV/2025/1730,1855.55,334.0,2189.55,PAID,
INV-0732,ORD-732,INV/2025/1732,559.69,100.75,660.44,PAID,
INV-0733,ORD-733,INV/2025/1733,977.35,175.92,1153.27,PAID,
INV-0734,ORD-734,INV/2025/1734,401.32,72.24,473.56,PAID,
INV-0735,ORD-735,INV/2025/1735,273.91,49.3,323.21,PAID,
INV-0736,ORD-736,INV/2025/1736,1764.2,317.56,2081.76,PAID,
INV-0737,ORD-737,INV/2025/1737,1761.23,317.02,2078.25,PAID,
INV-0738,ORD-738,INV/2025/1738,1082.1,194.78,1276.88,PAID,
INV-0739,ORD-739,INV/2025/1739,298.82,53.79,352.61,PAID,
INV-0740,ORD-740,INV/2025/1740,1795.88,323.26,2119.14,PAID,
INV-0741,ORD-741,INV/2025/1741,1109.04,199.63,1308.67,PAID,
INV-0742,ORD-742,INV/2025/1742,2723.91,490.3,3214.21,PAID,
INV-0743,ORD-743,INV/2025/1743,358.68,64.56,423.24,PAID,
INV-0744,ORD-744,INV/2025/1744,457.81,82.41,540.22,PAID,
INV-0745,ORD-745,INV/2025/1745,893.1,160.76,1053.86,PAID,
INV-0746,ORD-746,INV/2025/1746,495.19,89.14,584.33,PAID,
INV-0747,ORD-747,INV/2025/1747,754.62,135.83,890.45,PAID,
INV-0748,ORD-748,INV/2025/1748,1672.88,301.12,1974.0,PAID,
INV-0749,ORD-749,INV/2025/1749,825.25,148.54,973.79,PAID,
INV-0750,ORD-750,INV/2025/1750,364.81,65.67,430.48,PAID,
INV-0751,ORD-751,INV/2025/1751,274.87,49.48,324.35,PAID,
INV-0752,ORD-752,INV/2025/1752,260.94,46.97,307.91,PAID,
INV-0753,ORD-753,INV/2025/1753,296.87,53.44,350.31,PAID,
INV-0754,ORD-754,INV/2025/1754,1510.04,271.81,1781.85,PAID,
INV-0755,ORD-755,INV/2025/1755,994.64,179.04,1173.68,PAID,
INV-0756,ORD-756,INV/2025/1756,1166.72,210.01,1376.73,PAID,
INV-0757,ORD-757,INV/2025/1757,253.39,45.61,299.0,PAID,
INV-0758,ORD-758,INV/2025/1758,6156.62,1108.19,7264.81,PAID,
INV-0759,ORD-759,INV/2025/1759,870.42,156.68,1027.1,PAID,
INV-0760,ORD-760,INV/2025/1760,333.62,60.05,393.67,PAID,
INV-0761,ORD-761,INV/2025/1761,468.08,84.26,552.34,PAID,
INV-0762,ORD-762,INV/2025/1762,641.72,115.51,757.23,PAID,
INV-0763,ORD-763,INV/2025/1763,6034.31,1086.18,7120.49,PAID,
INV-0764,ORD-764,INV/2025/1764,439.91,79.18,519.09,PAID,
INV-0765,ORD-765,INV/2025/1765,1046.75,188.42,1235.17,PAID,
INV-0766,ORD-766,INV/2025/1766,1172.04,210.97,1383.01,PAID,
INV-0767,ORD-767,INV/2025/1767,253.39,45.61,299.0,PAID,
INV-0768,ORD-768,INV/2025/1768,2398.85,431.79,2830.64,PAID,
INV-0769,ORD-769,INV/2025/1769,253.39,45.61,299.0,PAID,
INV-0770,ORD-770,INV/2025/1770,2802.92,504.53,3307.45,PAID,
INV-0771,ORD-771,INV/2025/1771,3071.89,552.94,3624.83,PAID,
INV-0772,ORD-772,INV/2025/1772,2730.39,491.47,3221.86,PAID,
INV-0773,ORD-773,INV/2025/1773,3152.39,567.43,3719.82,PAID,
INV-0774,ORD-774,INV/2025/1774,1168.22,210.28,1378.5,PAID,
INV-0775,ORD-775,INV/2025/1775,856.51,154.17,1010.68,PAID,
INV-0776,ORD-776,INV/2025/1776,368.05,66.25,434.3,PAID,
INV-0777,ORD-777,INV/2025/1777,253.39,45.61,299.0,PAID,
INV-0778,ORD-778,INV/2025/1778,3408.73,613.57,4022.3,PAID,
INV-0779,ORD-779,INV/2025/1779,520.31,93.66,613.97,PAID,
INV-0780,ORD-780,INV/2025/1780,253.39,45.61,299.0,PAID,
INV-0781,ORD-781,INV/2025/1781,997.63,179.57,1177.2,PAID,
INV-0782,ORD-782,INV/2025/1782,345.99,62.28,408.27,PAID,
INV-0783,ORD-783,INV/2025/1783,1008.48,181.53,1190.01,PAID,
INV-0784,ORD-784,INV/2025/1784,1859.22,334.66,2193.88,PAID,
INV-0785,ORD-785,INV/2025/1785,253.39,45.61,299.0,PAID,
INV-0786,ORD-786,INV/2025/1786,253.39,45.61,299.0,PAID,
INV-0787,ORD-787,INV/2025/1787,1402.61,252.47,1655.08,PAID,
INV-0788,ORD-788,INV/2025/1788,1642.02,295.56,1937.58,PAID,
INV-0789,ORD-789,INV/2025/1789,6209.94,1117.79,7327.73,PAID,
INV-0790,ORD-790,INV/2025/1790,1213.88,218.5,1432.38,PAID,
INV-0791,ORD-791,INV/2025/1791,1416.28,254.93,1671.21,PAID,
INV-0792,ORD-792,INV/2025/1792,5149.18,926.85,6076.03,PAID,
INV-0793,ORD-793,INV/2025/1793,253.39,45.61,299.0,PAID,
INV-0794,ORD-794,INV/2025/1794,2996.02,539.28,3535.3,PAID,
INV-0795,ORD-795,INV/2025/1795,920.44,165.68,1086.12,PAID,
INV-0796,ORD-796,INV/2025/1796,1577.2,283.9,1861.1,PAID,
INV-0797,ORD-797,INV/2025/1797,337.53,60.76,398.29,PAID,
INV-0798,ORD-798,INV/2025/1798,488.58,87.94,576.52,PAID,
INV-0799,ORD-799,INV/2025/1799,5970.45,1074.68,7045.13,PAID,
INV-0800,ORD-800,INV/2025/1800,777.06,139.87,916.93,PAID,
INV-0801,ORD-801,INV/2025/1801,2162.87,389.32,2552.19,PAID,
INV-0802,ORD-802,INV/2025/1802,7431.4,1337.65,8769.05,PAID,
INV-0803,ORD-803,INV/2025/1803,10155.53,1827.99,11983.52,PAID,
INV-0804,ORD-804,INV/2025/1804,551.57,99.28,650.85,PAID,
INV-0805,ORD-805,INV/2025/1805,848.13,152.66,1000.79,PAID,
INV-0806,ORD-806,INV/2025/1806,2172.8,391.1,2563.9,PAID,
INV-0807,ORD-807,INV/2025/1807,1402.97,252.54,1655.51,PAID,
INV-0808,ORD-808,INV/2025/1808,253.39,45.61,299.0,PAID,
INV-0809,ORD-809,INV/2025/1809,682.92,122.92,805.84,PAID,
INV-0810,ORD-810,INV/2025/1810,4322.08,777.98,5100.06,PAID,
INV-0811,ORD-811,INV/2025/1811,253.39,45.61,299.0,PAID,
INV-0812,ORD-812,INV/2025/1812,462.03,83.17,545.2,PAID,
INV-0813,ORD-813,INV/2025/1813,330.53,59.5,390.03,PAID,
INV-0814,ORD-814,INV/2025/1814,4015.2,722.74,4737.94,PAID,
INV-0815,ORD-815,INV/2025/1815,852.47,153.45,1005.92,PAID,
INV-0816,ORD-816,INV/2025/1816,647.92,116.63,764.55,PAID,
INV-0817,ORD-817,INV/2025/1817,253.39,45.61,299.0,PAID,
INV-0818,ORD-818,INV/2025/1818,4936.08,888.5,5824.58,PAID,
INV-0819,ORD-819,INV/2025/1819,3925.3,706.55,4631.85,PAID,
INV-0820,ORD-820,INV/2025/1820,1598.68,287.76,1886.44,PAID,
INV-0821,ORD-821,INV/2025/1821,253.39,45.61,299.0,PAID,
INV-0822,ORD-822,INV/2025/1822,736.69,132.61,869.3,PAID,
INV-0823,ORD-823,INV/2025/1823,362.59,65.27,427.86,PAID,
INV-0824,ORD-824,INV/2025/1824,1663.85,299.49,1963.34,PAID,
INV-0825,ORD-825,INV/2025/1825,38135.59,6864.41,45000.0,PAID,
INV-0827,ORD-827,INV/2025/1827,2545.99,458.28,3004.27,PAID,
INV-0828,ORD-828,INV/2025/1828,1413.87,254.5,1668.37,PAID,
INV-0829,ORD-829,INV/2025/1829,484.82,87.27,572.09,PAID,
INV-0830,ORD-830,INV/2025/1830,1424.18,256.35,1680.53,PAID,
INV-0831,ORD-831,INV/2025/1831,1050.69,189.13,1239.82,PAID,
INV-0832,ORD-832,INV/2025/1832,1095.08,197.11,1292.19,PAID,
INV-0833,ORD-833,INV/2025/1833,741.08,133.4,874.48,PAID,
INV-0834,ORD-834,INV/2025/1834,2584.86,465.28,3050.14,PAID,
INV-0835,ORD-835,INV/2025/1835,6830.92,1229.57,8060.49,PAID,
INV-0836,ORD-836,INV/2025/1836,1066.53,191.98,1258.51,PAID,
INV-0837,ORD-837,INV/2025/1837,723.42,130.21,853.63,PAID,
INV-0838,ORD-838,INV/2025/1838,2436.3,438.53,2874.83,PAID,
INV-0839,ORD-839,INV/2025/1839,3813.18,686.37,4499.55,PAID,
INV-0840,ORD-840,INV/2025/1840,726.49,130.77,857.26,PAID,
INV-0841,ORD-841,INV/2025/1841,380.99,68.58,449.57,PAID,
INV-0842,ORD-842,INV/2025/1842,1154.86,207.87,1362.73,PAID,
INV-0843,ORD-843,INV/2025/1843,678.65,122.16,800.81,PAID,
INV-0844,ORD-844,INV/2025/1844,1120.58,201.7,1322.28,PAID,
INV-0845,ORD-845,INV/2025/1845,1209.38,217.69,1427.07,PAID,
INV-0846,ORD-846,INV/2025/1846,1884.95,339.29,2224.24,PAID,
INV-0847,ORD-847,INV/2025/1847,2133.47,384.02,2517.49,PAID,
INV-0848,ORD-848,INV/2025/1848,1280.2,230.44,1510.64,PAID,
INV-0849,ORD-849,INV/2025/1849,10435.19,1878.34,12313.53,PAID,
INV-0850,ORD-850,INV/2025/1850,350.93,63.17,414.1,PAID,
INV-0851,ORD-851,INV/2025/1851,432.15,77.79,509.94,PAID,
INV-0852,ORD-852,INV/2025/1852,1368.01,246.24,1614.25,PAID,
INV-0853,ORD-853,INV/2025/1853,350.05,63.01,413.06,PAID,
INV-0854,ORD-854,INV/2025/1854,705.03,126.9,831.93,PAID,
INV-0855,ORD-855,INV/2025/1855,1627.69,292.99,1920.68,PAID,
INV-0856,ORD-856,INV/2025/1856,605.29,108.95,714.24,PAID,
INV-0857,ORD-857,INV/2025/1857,893.39,160.81,1054.2,PAID,
INV-0858,ORD-858,INV/2025/1858,1400.31,252.06,1652.37,PAID,
INV-0859,ORD-859,INV/2025/1859,676.85,121.83,798.68,PAID,
INV-0860,ORD-860,INV/2025/1860,3953.9,711.7,4665.6,PAID,
INV-0861,ORD-861,INV/2025/1861,1413.06,254.35,1667.41,PAID,
INV-0862,ORD-862,INV/2025/1862,1307.36,235.32,1542.68,PAID,
INV-0863,ORD-863,INV/2025/1863,253.39,45.61,299.0,PAID,
INV-0864,ORD-864,INV/2025/1864,1914.3,344.57,2258.87,PAID,
INV-0865,ORD-865,INV/2025/1865,993.61,178.85,1172.46,PAID,
INV-0866,ORD-866,INV/2025/1866,1929.43,347.3,2276.73,PAID,
INV-0867,ORD-867,INV/2025/1867,4832.58,869.86,5702.44,PAID,
INV-0868,ORD-868,INV/2025/1868,1296.06,233.29,1529.35,PAID,
INV-0869,ORD-869,INV/2025/1869,1276.07,229.69,1505.76,PAID,
INV-0870,ORD-870,INV/2025/1870,291.51,52.47,343.98,PAID,
INV-0871,ORD-871,INV/2025/1871,7469.08,1344.43,8813.51,PAID,
INV-0872,ORD-872,INV/2025/1872,253.39,45.61,299.0,PAID,
INV-0873,ORD-873,INV/2025/1873,2024.58,364.43,2389.01,PAID,
INV-0874,ORD-874,INV/2025/1874,253.39,45.61,299.0,PAID,
INV-0875,ORD-875,INV/2025/1875,1568.92,282.4,1851.32,PAID,
INV-0876,ORD-876,INV/2025/1876,408.06,73.45,481.51,PAID,
INV-0877,ORD-877,INV/2025/1877,712.66,128.28,840.94,PAID,
INV-0878,ORD-878,INV/2025/1878,683.31,123.0,806.31,PAID,
INV-0879,ORD-879,INV/2025/1879,253.39,45.61,299.0,PAID,
INV-0880,ORD-880,INV/2025/1880,323.03,58.14,381.17,PAID,
INV-0881,ORD-881,INV/2025/1881,2601.38,468.25,3069.63,PAID,
INV-0882,ORD-882,INV/2025/1882,253.39,45.61,299.0,PAID,
INV-0883,ORD-883,INV/2025/1883,1603.46,288.62,1892.08,PAID,
INV-0884,ORD-884,INV/2025/1884,5177.01,931.86,6108.87,PAID,
INV-0885,ORD-885,INV/2025/1885,253.39,45.61,299.0,PAID,
INV-0886,ORD-886,INV/2025/1886,34964.68,6293.64,41258.32,PAID,
INV-0887,ORD-887,INV/2025/1887,366.81,66.03,432.84,PAID,
INV-0888,ORD-888,INV/2025/1888,4509.77,811.76,5321.53,PAID,
INV-0889,ORD-889,INV/2025/1889,1876.67,337.8,2214.47,PAID,
INV-0890,ORD-890,INV/2025/1890,253.39,45.61,299.0,PAID,
INV-0891,ORD-891,INV/2025/1891,6758.85,1216.59,7975.44,PAID,
INV-0892,ORD-892,INV/2025/1892,1731.62,311.69,2043.31,PAID,
INV-0893,ORD-893,INV/2025/1893,1106.59,199.19,1305.78,PAID,
INV-0894,ORD-894,INV/2025/1894,253.39,45.61,299.0,PAID,
INV-0895,ORD-895,INV/2025/1895,1230.26,221.45,1451.71,PAID,
INV-0896,ORD-896,INV/2025/1896,493.62,88.85,582.47,PAID,
INV-0897,ORD-897,INV/2025/1897,2817.01,507.06,3324.07,PAID,
INV-0898,ORD-898,INV/2025/1898,606.19,109.12,715.31,PAID,
INV-0899,ORD-899,INV/2025/1899,253.39,45.61,299.0,PAID,
INV-0900,ORD-900,INV/2025/1900,3642.99,655.74,4298.73,PAID,
INV-0901,ORD-901,INV/2025/1901,1408.81,253.59,1662.4,PAID,
INV-0902,ORD-902,INV/2025/1902,706.64,127.2,833.84,PAID,
INV-0903,ORD-903,INV/2025/1903,253.39,45.61,299.0,PAID,
INV-0904,ORD-904,INV/2025/1904,1562.23,281.2,1843.43,PAID,
INV-0905,ORD-905,INV/2025/1905,1626.19,292.72,1918.91,PAID,
INV-0906,ORD-906,INV/2025/1906,1641.97,295.55,1937.52,PAID,
INV-0907,ORD-907,INV/2025/1907,1235.34,222.36,1457.7,PAID,
INV-0908,ORD-908,INV/2025/1908,253.39,45.61,299.0,PAID,
INV-0909,ORD-909,INV/2025/1909,253.39,45.61,299.0,PAID,
INV-0910,ORD-910,INV/2025/1910,460.52,82.89,543.41,PAID,
INV-0911,ORD-911,INV/2025/1911,8750.4,1575.07,10325.47,PAID,
INV-0912,ORD-912,INV/2025/1912,308.76,55.58,364.34,PAID,
INV-0914,ORD-914,INV/2025/1914,494.51,89.01,583.52,PAID,
INV-0915,ORD-915,INV/2025/1915,10638.7,1914.97,12553.67,PAID,
INV-0916,ORD-916,INV/2025/1916,1000.53,180.09,1180.62,PAID,
INV-0917,ORD-917,INV/2025/1917,1721.16,309.81,2030.97,PAID,
INV-0919,ORD-919,INV/2025/1919,956.14,172.1,1128.24,PAID,
INV-0920,ORD-920,INV/2025/1920,410.55,73.9,484.45,PAID,
INV-0921,ORD-921,INV/2025/1921,253.39,45.61,299.0,PAID,
INV-0922,ORD-922,INV/2025/1922,781.16,140.61,921.77,PAID,
INV-0923,ORD-923,INV/2025/1923,1009.77,181.76,1191.53,PAID,
INV-0924,ORD-924,INV/2025/1924,2481.79,446.72,2928.51,PAID,
INV-0925,ORD-925,INV/2025/1925,2367.44,426.14,2793.58,PAID,
INV-0926,ORD-926,INV/2025/1926,765.68,137.82,903.5,PAID,
INV-0927,ORD-927,INV/2025/1927,721.32,129.84,851.16,PAID,
INV-0928,ORD-928,INV/2025/1928,369.42,66.5,435.92,PAID,
INV-0929,ORD-929,INV/2025/1929,253.39,45.61,299.0,PAID,
INV-0930,ORD-930,INV/2025/1930,851.95,153.35,1005.3,PAID,
INV-0931,ORD-931,INV/2025/1931,3937.6,708.77,4646.37,PAID,
INV-0932,ORD-932,INV/2025/1932,1054.6,189.83,1244.43,PAID,
INV-0933,ORD-933,INV/2025/1933,2163.89,389.5,2553.39,PAID,
INV-0934,ORD-934,INV/2025/1934,417.66,75.18,492.84,PAID,
INV-0936,ORD-936,INV/2025/1936,2177.27,391.91,2569.18,PAID,
INV-0937,ORD-937,INV/2025/1937,832.77,149.9,982.67,PAID,
INV-0938,ORD-938,INV/2025/1938,751.78,135.32,887.1,PAID,
INV-0939,ORD-939,INV/2025/1939,253.39,45.61,299.0,PAID,
INV-0940,ORD-940,INV/2025/1940,1264.03,227.52,1491.55,PAID,
INV-0941,ORD-941,INV/2025/1941,2896.01,521.28,3417.29,PAID,
INV-0942,ORD-942,INV/2025/1942,1353.36,243.61,1596.97,PAID,
INV-0943,ORD-943,INV/2025/1943,4214.13,758.54,4972.67,PAID,
INV-0944,ORD-944,INV/2025/1944,1638.31,294.9,1933.21,PAID,
INV-0945,ORD-945,INV/2025/1945,1252.01,225.36,1477.37,PAID,
INV-0946,ORD-946,INV/2025/1946,873.47,157.23,1030.7,PAID,
INV-0947,ORD-947,INV/2025/1947,548.08,98.66,646.74,PAID,
INV-0948,ORD-948,INV/2025/1948,8842.08,1591.57,10433.65,PAID,
INV-0949,ORD-949,INV/2025/1949,3949.9,710.98,4660.88,PAID,
INV-0950,ORD-950,INV/2025/1950,784.94,141.29,926.23,PAID,
INV-0951,ORD-951,INV/2025/1951,1854.01,333.72,2187.73,PAID,
INV-0952,ORD-952,INV/2025/1952,3427.94,617.03,4044.97,PAID,
INV-0953,ORD-953,INV/2025/1953,352.74,63.49,416.23,PAID,
INV-0954,ORD-954,INV/2025/1954,1030.22,185.44,1215.66,PAID,
INV-0955,ORD-955,INV/2025/1955,4087.66,735.78,4823.44,PAID,
INV-0956,ORD-956,INV/2025/1956,624.39,112.39,736.78,PAID,
INV-0957,ORD-957,INV/2025/1957,983.15,176.97,1160.12,PAID,
INV-0958,ORD-958,INV/2025/1958,431.87,77.74,509.61,PAID,
INV-0959,ORD-959,INV/2025/1959,782.7,140.89,923.59,PAID,
INV-0960,ORD-960,INV/2025/1960,425.81,76.65,502.46,PAID,
INV-0961,ORD-961,INV/2025/1961,1202.53,216.45,1418.98,PAID,
INV-0962,ORD-962,INV/2025/1962,6820.22,1227.64,8047.86,PAID,
INV-0963,ORD-963,INV/2025/1963,278.13,50.06,328.19,PAID,
INV-0964,ORD-964,INV/2025/1964,1047.49,188.55,1236.04,PAID,
INV-0965,ORD-965,INV/2025/1965,1015.67,182.82,1198.49,PAID,
INV-0966,ORD-966,INV/2025/1966,6024.15,1084.35,7108.5,PAID,
INV-0967,ORD-967,INV/2025/1967,872.52,157.05,1029.57,PAID,
INV-0968,ORD-968,INV/2025/1968,6805.26,1224.95,8030.21,PAID,
INV-0969,ORD-969,INV/2025/1969,253.39,45.61,299.0,PAID,
INV-0970,ORD-970,INV/2025/1970,425.69,76.62,502.31,PAID,
INV-0971,ORD-971,INV/2025/1971,1130.88,203.56,1334.44,PAID,
INV-0972,ORD-972,INV/2025/1972,1056.08,190.1,1246.18,PAID,
INV-0973,ORD-973,INV/2025/1973,641.83,115.53,757.36,PAID,
INV-0974,ORD-974,INV/2025/1974,2948.52,530.73,3479.25,PAID,
INV-0975,ORD-975,INV/2025/1975,676.77,121.82,798.59,PAID,
INV-0976,ORD-976,INV/2025/1976,2011.3,362.03,2373.33,PAID,
INV-0977,ORD-977,INV/2025/1977,1882.76,338.9,2221.66,PAID,
INV-0978,ORD-978,INV/2025/1978,998.37,179.71,1178.08,PAID,
INV-0979,ORD-979,INV/2025/1979,265.66,47.82,313.48,PAID,
INV-0980,ORD-980,INV/2025/1980,4380.34,788.46,5168.8,PAID,
INV-0981,ORD-981,INV/2025/1981,442.79,79.7,522.49,PAID,
INV-0982,ORD-982,INV/2025/1982,418.26,75.29,493.55,PAID,
INV-0983,ORD-983,INV/2025/1983,382.62,68.87,451.49,PAID,
INV-0984,ORD-984,INV/2025/1984,12324.81,2218.47,14543.28,PAID,
INV-0985,ORD-985,INV/2025/1985,1219.25,219.46,1438.71,PAID,
INV-0986,ORD-986,INV/2025/1986,1304.64,234.84,1539.48,PAID,
INV-0988,ORD-988,INV/2025/1988,285.68,51.42,337.1,PAID,
INV-0989,ORD-989,INV/2025/1989,468.73,84.37,553.1,PAID,
INV-0990,ORD-990,INV/2025/1990,1222.52,220.05,1442.57,PAID,
INV-0991,ORD-991,INV/2025/1991,1154.19,207.75,1361.94,PAID,
INV-0992,ORD-992,INV/2025/1992,1501.55,270.28,1771.83,PAID,
INV-0994,ORD-994,INV/2025/1994,253.39,45.61,299.0,PAID,
INV-0995,ORD-995,INV/2025/1995,1310.28,235.85,1546.13,PAID,
INV-0996,ORD-996,INV/2025/1996,1360.16,244.83,1604.99,PAID,
INV-0997,ORD-997,INV/2025/1997,253.39,45.61,299.0,PAID,
INV-0998,ORD-998,INV/2025/1998,5336.54,960.58,6297.12,PAID,
INV-0999,ORD-999,INV/2025/1999,405.29,72.95,478.24,PAID,
INV-1000,ORD-1000,INV/2025/2000,526.36,94.74,621.1,PAID,
INV-9001,ORD-9001,INV/2025/9001,8474.58,1525.42,10000.00,ISSUED,ACCOUNTING
